Shift_Instance_Key,Date,Unit_ID,Shift_ID,Staff_ID,Staff_Role,License_Status,Employment_Category,Direct_Care_Hours,Indirect_Hours,Productive_Hours,Paid_Productive_Hourly_Rate,Total_Labor_Cost
2026-01-01_U_ICU_S12_DAY,2026-01-01,U_ICU,S12_DAY,STF_ICU_014,Registered Nurse,Licensed,Core Staff,11.5,0.0,11.5,56.71,652.16
2026-01-01_U_ICU_S12_DAY,2026-01-01,U_ICU,S12_DAY,STF_ICU_016,Registered Nurse,Licensed,Core Staff,11.5,0.0,11.5,57.36,659.64
2026-01-01_U_ICU_S12_DAY,2026-01-01,U_ICU,S12_DAY,STF_ICU_017,Registered Nurse,Licensed,Core Staff,11.5,0.0,11.5,49.94,574.31
2026-01-01_U_ICU_S12_DAY,2026-01-01,U_ICU,S12_DAY,STF_ICU_013,Registered Nurse,Licensed,Overtime,11.5,0.0,11.5,48.11,553.26
2026-01-01_U_ICU_S12_DAY,2026-01-01,U_ICU,S12_DAY,STF_ICU_005,Registered Nurse,Licensed,Core Staff,11.5,0.0,11.5,48.06,552.69
2026-01-01_U_ICU_S12_DAY,2026-01-01,U_ICU,S12_DAY,STF_ICU_015,Registered Nurse,Licensed,Core Staff,11.5,0.0,11.5,56.3,647.45
2026-01-01_U_ICU_S12_NIGHT,2026-01-01,U_ICU,S12_NIGHT,STF_ICU_018,Registered Nurse,Licensed,Core Staff,11.5,0.0,11.5,56.97,655.16
2026-01-01_U_ICU_S12_NIGHT,2026-01-01,U_ICU,S12_NIGHT,STF_ICU_021,Registered Nurse,Licensed,Core Staff,11.5,0.0,11.5,54.63,628.24
2026-01-01_U_ICU_S12_NIGHT,2026-01-01,U_ICU,S12_NIGHT,STF_ICU_032,Certified Nursing Assistant,Unlicensed,Core Staff,11.5,0.0,11.5,36.37,418.26
2026-01-01_U_ICU_S12_NIGHT,2026-01-01,U_ICU,S12_NIGHT,STF_ICU_011,Registered Nurse,Licensed,Core Staff,11.5,0.0,11.5,50.29,578.34
2026-01-01_U_ICU_S12_NIGHT,2026-01-01,U_ICU,S12_NIGHT,STF_ICU_009,Registered Nurse,Licensed,Core Staff,11.5,0.0,11.5,52.47,603.4
2026-01-01_U_ICU_S12_NIGHT,2026-01-01,U_ICU,S12_NIGHT,STF_ICU_034,Certified Nursing Assistant,Unlicensed,Agency/Traveler,11.5,0.0,11.5,35.49,408.14
2026-01-01_U_ICU_S12_NIGHT,2026-01-01,U_ICU,S12_NIGHT,STF_ICU_020,Registered Nurse,Licensed,Float Pool,11.5,0.0,11.5,55.38,636.87
2026-01-01_U_INT_S08_DAY,2026-01-01,U_INT,S08_DAY,STF_INT_056,Registered Nurse,Licensed,Core Staff,7.5,0.0,7.5,49.1,368.25
2026-01-01_U_INT_S08_DAY,2026-01-01,U_INT,S08_DAY,STF_INT_062,Certified Nursing Assistant,Unlicensed,Core Staff,7.5,0.0,7.5,32.02,240.15
2026-01-01_U_INT_S08_DAY,2026-01-01,U_INT,S08_DAY,STF_INT_034,Licensed Practical Nurse,Licensed,Core Staff,7.5,0.0,7.5,39.67,297.53
2026-01-01_U_INT_S08_DAY,2026-01-01,U_INT,S08_DAY,STF_INT_018,Certified Nursing Assistant,Unlicensed,Float Pool,7.5,0.0,7.5,33.2,249.0
2026-01-01_U_INT_S08_DAY,2026-01-01,U_INT,S08_DAY,STF_INT_063,Licensed Practical Nurse,Licensed,Core Staff,7.5,0.0,7.5,39.65,297.38
2026-01-01_U_INT_S08_DAY,2026-01-01,U_INT,S08_DAY,STF_INT_003,Registered Nurse,Licensed,Core Staff,7.5,0.0,7.5,55.39,415.42
2026-01-01_U_INT_S08_DAY,2026-01-01,U_INT,S08_DAY,STF_INT_011,Certified Nursing Assistant,Unlicensed,Core Staff,7.5,0.0,7.5,30.29,227.18
2026-01-01_U_INT_S08_DAY,2026-01-01,U_INT,S08_DAY,STF_INT_010,Certified Nursing Assistant,Unlicensed,Core Staff,7.5,0.0,7.5,34.07,255.52
2026-01-01_U_INT_S08_DAY,2026-01-01,U_INT,S08_DAY,STF_INT_054,Registered Nurse,Licensed,Core Staff,7.5,0.0,7.5,55.9,419.25
2026-01-01_U_INT_S08_DAY,2026-01-01,U_INT,S08_DAY,STF_INT_014,Registered Nurse,Licensed,Agency/Traveler,7.5,0.0,7.5,59.33,444.98
2026-01-01_U_INT_S08_EVE,2026-01-01,U_INT,S08_EVE,STF_INT_046,Registered Nurse,Licensed,Overtime,7.5,0.0,7.5,57.5,431.25
2026-01-01_U_INT_S08_EVE,2026-01-01,U_INT,S08_EVE,STF_INT_040,Certified Nursing Assistant,Unlicensed,Core Staff,7.5,0.0,7.5,30.59,229.42
2026-01-01_U_INT_S08_EVE,2026-01-01,U_INT,S08_EVE,STF_INT_001,Certified Nursing Assistant,Unlicensed,Core Staff,7.5,0.0,7.5,30.37,227.78
2026-01-01_U_INT_S08_EVE,2026-01-01,U_INT,S08_EVE,STF_INT_057,Registered Nurse,Licensed,Core Staff,7.5,0.0,7.5,58.65,439.88
2026-01-01_U_INT_S08_EVE,2026-01-01,U_INT,S08_EVE,STF_INT_006,Licensed Practical Nurse,Licensed,Core Staff,7.5,0.0,7.5,39.11,293.32
2026-01-01_U_INT_S08_EVE,2026-01-01,U_INT,S08_EVE,STF_INT_047,Certified Nursing Assistant,Unlicensed,Core Staff,7.5,0.0,7.5,34.95,262.12
2026-01-01_U_INT_S08_EVE,2026-01-01,U_INT,S08_EVE,STF_INT_002,Registered Nurse,Licensed,Core Staff,7.5,0.0,7.5,49.01,367.58
2026-01-01_U_INT_S08_EVE,2026-01-01,U_INT,S08_EVE,STF_INT_015,Registered Nurse,Licensed,Float Pool,7.5,0.0,7.5,58.7,440.25
2026-01-01_U_INT_S08_NIGHT,2026-01-01,U_INT,S08_NIGHT,STF_INT_034,Licensed Practical Nurse,Licensed,Core Staff,7.5,0.0,7.5,42.31,317.33
2026-01-01_U_INT_S08_NIGHT,2026-01-01,U_INT,S08_NIGHT,STF_INT_026,Registered Nurse,Licensed,Core Staff,5.5,2.0,7.5,52.93,396.98
2026-01-01_U_INT_S08_NIGHT,2026-01-01,U_INT,S08_NIGHT,STF_INT_030,Licensed Practical Nurse,Licensed,Core Staff,7.5,0.0,7.5,40.57,304.27
2026-01-01_U_INT_S08_NIGHT,2026-01-01,U_INT,S08_NIGHT,STF_INT_048,Registered Nurse,Licensed,Float Pool,7.5,0.0,7.5,59.4,445.5
2026-01-01_U_INT_S08_NIGHT,2026-01-01,U_INT,S08_NIGHT,STF_INT_007,Registered Nurse,Licensed,Core Staff,7.5,0.0,7.5,53.02,397.65
2026-01-01_U_INT_S08_NIGHT,2026-01-01,U_INT,S08_NIGHT,STF_INT_009,Certified Nursing Assistant,Unlicensed,Float Pool,7.5,0.0,7.5,35.63,267.23
2026-01-01_U_INT_S08_NIGHT,2026-01-01,U_INT,S08_NIGHT,STF_INT_024,Licensed Practical Nurse,Licensed,Agency/Traveler,7.5,0.0,7.5,41.91,314.32
2026-01-02_U_ICU_S12_DAY,2026-01-02,U_ICU,S12_DAY,STF_ICU_015,Registered Nurse,Licensed,Core Staff,11.5,0.0,11.5,58.23,669.64
2026-01-02_U_ICU_S12_DAY,2026-01-02,U_ICU,S12_DAY,STF_ICU_012,Registered Nurse,Licensed,Agency/Traveler,11.5,0.0,11.5,58.52,672.98
2026-01-02_U_ICU_S12_DAY,2026-01-02,U_ICU,S12_DAY,STF_ICU_024,Registered Nurse,Licensed,Core Staff,11.5,0.0,11.5,48.35,556.02
2026-01-02_U_ICU_S12_DAY,2026-01-02,U_ICU,S12_DAY,STF_ICU_031,Certified Nursing Assistant,Unlicensed,Core Staff,11.5,0.0,11.5,34.03,391.34
2026-01-02_U_ICU_S12_DAY,2026-01-02,U_ICU,S12_DAY,STF_ICU_007,Registered Nurse,Licensed,Core Staff,11.5,0.0,11.5,49.64,570.86
2026-01-02_U_ICU_S12_DAY,2026-01-02,U_ICU,S12_DAY,STF_ICU_011,Registered Nurse,Licensed,Core Staff,9.5,2.0,11.5,55.08,633.42
2026-01-02_U_ICU_S12_NIGHT,2026-01-02,U_ICU,S12_NIGHT,STF_ICU_019,Registered Nurse,Licensed,Core Staff,11.5,0.0,11.5,48.49,557.64
2026-01-02_U_ICU_S12_NIGHT,2026-01-02,U_ICU,S12_NIGHT,STF_ICU_023,Registered Nurse,Licensed,Core Staff,11.5,0.0,11.5,50.12,576.38
2026-01-02_U_ICU_S12_NIGHT,2026-01-02,U_ICU,S12_NIGHT,STF_ICU_014,Registered Nurse,Licensed,Core Staff,11.5,0.0,11.5,53.53,615.6
2026-01-02_U_ICU_S12_NIGHT,2026-01-02,U_ICU,S12_NIGHT,STF_ICU_027,Registered Nurse,Licensed,Core Staff,11.5,0.0,11.5,54.04,621.46
2026-01-02_U_ICU_S12_NIGHT,2026-01-02,U_ICU,S12_NIGHT,STF_ICU_012,Registered Nurse,Licensed,Overtime,11.5,0.0,11.5,53.77,618.36
2026-01-02_U_ICU_S12_NIGHT,2026-01-02,U_ICU,S12_NIGHT,STF_ICU_003,Registered Nurse,Licensed,Core Staff,11.5,0.0,11.5,49.88,573.62
2026-01-02_U_INT_S08_DAY,2026-01-02,U_INT,S08_DAY,STF_INT_027,Licensed Practical Nurse,Licensed,Overtime,7.5,0.0,7.5,39.45,295.88
2026-01-02_U_INT_S08_DAY,2026-01-02,U_INT,S08_DAY,STF_INT_058,Registered Nurse,Licensed,Float Pool,7.5,0.0,7.5,50.24,376.8
2026-01-02_U_INT_S08_DAY,2026-01-02,U_INT,S08_DAY,STF_INT_059,Registered Nurse,Licensed,Core Staff,7.5,0.0,7.5,58.76,440.7
2026-01-02_U_INT_S08_DAY,2026-01-02,U_INT,S08_DAY,STF_INT_001,Certified Nursing Assistant,Unlicensed,Core Staff,7.5,0.0,7.5,33.41,250.58
2026-01-02_U_INT_S08_DAY,2026-01-02,U_INT,S08_DAY,STF_INT_011,Certified Nursing Assistant,Unlicensed,Core Staff,7.5,0.0,7.5,36.39,272.92
2026-01-02_U_INT_S08_DAY,2026-01-02,U_INT,S08_DAY,STF_INT_016,Registered Nurse,Licensed,Core Staff,7.5,0.0,7.5,59.63,447.22
2026-01-02_U_INT_S08_DAY,2026-01-02,U_INT,S08_DAY,STF_INT_057,Registered Nurse,Licensed,Core Staff,7.5,0.0,7.5,51.09,383.18
2026-01-02_U_INT_S08_EVE,2026-01-02,U_INT,S08_EVE,STF_INT_025,Registered Nurse,Licensed,Core Staff,7.5,0.0,7.5,58.89,441.68
2026-01-02_U_INT_S08_EVE,2026-01-02,U_INT,S08_EVE,STF_INT_054,Registered Nurse,Licensed,Core Staff,7.5,0.0,7.5,56.2,421.5
2026-01-02_U_INT_S08_EVE,2026-01-02,U_INT,S08_EVE,STF_INT_007,Registered Nurse,Licensed,Core Staff,7.5,0.0,7.5,58.8,441.0
2026-01-02_U_INT_S08_EVE,2026-01-02,U_INT,S08_EVE,STF_INT_032,Registered Nurse,Licensed,Core Staff,7.5,0.0,7.5,53.26,399.45
2026-01-02_U_INT_S08_EVE,2026-01-02,U_INT,S08_EVE,STF_INT_027,Licensed Practical Nurse,Licensed,Overtime,7.5,0.0,7.5,41.38,310.35
2026-01-02_U_INT_S08_EVE,2026-01-02,U_INT,S08_EVE,STF_INT_026,Registered Nurse,Licensed,Core Staff,7.5,0.0,7.5,48.8,366.0
2026-01-02_U_INT_S08_EVE,2026-01-02,U_INT,S08_EVE,STF_INT_004,Registered Nurse,Licensed,Core Staff,7.5,0.0,7.5,53.18,398.85
2026-01-02_U_INT_S08_EVE,2026-01-02,U_INT,S08_EVE,STF_INT_042,Registered Nurse,Licensed,Overtime,7.5,0.0,7.5,56.32,422.4
2026-01-02_U_INT_S08_NIGHT,2026-01-02,U_INT,S08_NIGHT,STF_INT_063,Licensed Practical Nurse,Licensed,Core Staff,7.5,0.0,7.5,45.98,344.85
2026-01-02_U_INT_S08_NIGHT,2026-01-02,U_INT,S08_NIGHT,STF_INT_057,Registered Nurse,Licensed,Core Staff,7.5,0.0,7.5,50.83,381.22
2026-01-02_U_INT_S08_NIGHT,2026-01-02,U_INT,S08_NIGHT,STF_INT_003,Registered Nurse,Licensed,Core Staff,7.5,0.0,7.5,58.05,435.38
2026-01-02_U_INT_S08_NIGHT,2026-01-02,U_INT,S08_NIGHT,STF_INT_035,Registered Nurse,Licensed,Float Pool,7.5,0.0,7.5,50.73,380.48
2026-01-02_U_INT_S08_NIGHT,2026-01-02,U_INT,S08_NIGHT,STF_INT_009,Certified Nursing Assistant,Unlicensed,Float Pool,7.5,0.0,7.5,32.47,243.52
2026-01-02_U_INT_S08_NIGHT,2026-01-02,U_INT,S08_NIGHT,STF_INT_046,Registered Nurse,Licensed,Overtime,7.5,0.0,7.5,57.45,430.88
2026-01-03_U_ICU_S12_DAY,2026-01-03,U_ICU,S12_DAY,STF_ICU_019,Registered Nurse,Licensed,Core Staff,11.5,0.0,11.5,51.53,592.6
2026-01-03_U_ICU_S12_DAY,2026-01-03,U_ICU,S12_DAY,STF_ICU_002,Registered Nurse,Licensed,Agency/Traveler,11.5,0.0,11.5,54.41,625.71
2026-01-03_U_ICU_S12_DAY,2026-01-03,U_ICU,S12_DAY,STF_ICU_004,Registered Nurse,Licensed,Core Staff,11.5,0.0,11.5,57.18,657.57
2026-01-03_U_ICU_S12_DAY,2026-01-03,U_ICU,S12_DAY,STF_ICU_012,Registered Nurse,Licensed,Agency/Traveler,11.5,0.0,11.5,48.91,562.46
2026-01-03_U_ICU_S12_DAY,2026-01-03,U_ICU,S12_DAY,STF_ICU_014,Registered Nurse,Licensed,Core Staff,11.5,0.0,11.5,58.77,675.86
2026-01-03_U_ICU_S12_DAY,2026-01-03,U_ICU,S12_DAY,STF_ICU_005,Registered Nurse,Licensed,Core Staff,11.5,0.0,11.5,59.75,687.12
2026-01-03_U_ICU_S12_DAY,2026-01-03,U_ICU,S12_DAY,STF_ICU_010,Registered Nurse,Licensed,Core Staff,11.5,0.0,11.5,52.9,608.35
2026-01-03_U_ICU_S12_NIGHT,2026-01-03,U_ICU,S12_NIGHT,STF_ICU_031,Certified Nursing Assistant,Unlicensed,Core Staff,11.5,0.0,11.5,31.69,364.44
2026-01-03_U_ICU_S12_NIGHT,2026-01-03,U_ICU,S12_NIGHT,STF_ICU_013,Registered Nurse,Licensed,Overtime,11.5,0.0,11.5,51.22,589.03
2026-01-03_U_ICU_S12_NIGHT,2026-01-03,U_ICU,S12_NIGHT,STF_ICU_018,Registered Nurse,Licensed,Core Staff,11.5,0.0,11.5,54.62,628.13
2026-01-03_U_ICU_S12_NIGHT,2026-01-03,U_ICU,S12_NIGHT,STF_ICU_019,Registered Nurse,Licensed,Core Staff,11.5,0.0,11.5,59.38,682.87
2026-01-03_U_ICU_S12_NIGHT,2026-01-03,U_ICU,S12_NIGHT,STF_ICU_006,Registered Nurse,Licensed,Core Staff,11.5,0.0,11.5,58.42,671.83
2026-01-03_U_ICU_S12_NIGHT,2026-01-03,U_ICU,S12_NIGHT,STF_ICU_030,Registered Nurse,Licensed,Core Staff,11.5,0.0,11.5,57.6,662.4
2026-01-03_U_ICU_S12_NIGHT,2026-01-03,U_ICU,S12_NIGHT,STF_ICU_009,Registered Nurse,Licensed,Float Pool,11.5,0.0,11.5,56.9,654.35
2026-01-03_U_INT_S08_DAY,2026-01-03,U_INT,S08_DAY,STF_INT_054,Registered Nurse,Licensed,Core Staff,7.5,0.0,7.5,57.59,431.92
2026-01-03_U_INT_S08_DAY,2026-01-03,U_INT,S08_DAY,STF_INT_055,Registered Nurse,Licensed,Core Staff,7.5,0.0,7.5,55.08,413.1
2026-01-03_U_INT_S08_DAY,2026-01-03,U_INT,S08_DAY,STF_INT_018,Certified Nursing Assistant,Unlicensed,Core Staff,7.5,0.0,7.5,30.6,229.5
2026-01-03_U_INT_S08_DAY,2026-01-03,U_INT,S08_DAY,STF_INT_056,Registered Nurse,Licensed,Core Staff,7.5,0.0,7.5,59.4,445.5
2026-01-03_U_INT_S08_DAY,2026-01-03,U_INT,S08_DAY,STF_INT_051,Registered Nurse,Licensed,Core Staff,7.5,0.0,7.5,54.5,408.75
2026-01-03_U_INT_S08_DAY,2026-01-03,U_INT,S08_DAY,STF_INT_049,Registered Nurse,Licensed,Core Staff,7.5,0.0,7.5,57.68,432.6
2026-01-03_U_INT_S08_DAY,2026-01-03,U_INT,S08_DAY,STF_INT_014,Registered Nurse,Licensed,Overtime,7.5,0.0,7.5,58.19,436.42
2026-01-03_U_INT_S08_DAY,2026-01-03,U_INT,S08_DAY,STF_INT_043,Registered Nurse,Licensed,Overtime,7.5,0.0,7.5,50.65,379.88
2026-01-03_U_INT_S08_EVE,2026-01-03,U_INT,S08_EVE,STF_INT_043,Registered Nurse,Licensed,Overtime,7.5,0.0,7.5,50.87,381.52
2026-01-03_U_INT_S08_EVE,2026-01-03,U_INT,S08_EVE,STF_INT_049,Registered Nurse,Licensed,Core Staff,7.5,0.0,7.5,51.45,385.88
2026-01-03_U_INT_S08_EVE,2026-01-03,U_INT,S08_EVE,STF_INT_006,Licensed Practical Nurse,Licensed,Core Staff,7.5,0.0,7.5,40.22,301.65
2026-01-03_U_INT_S08_EVE,2026-01-03,U_INT,S08_EVE,STF_INT_045,Registered Nurse,Licensed,Float Pool,5.5,2.0,7.5,48.54,364.05
2026-01-03_U_INT_S08_EVE,2026-01-03,U_INT,S08_EVE,STF_INT_021,Licensed Practical Nurse,Licensed,Core Staff,7.5,0.0,7.5,41.72,312.9
2026-01-03_U_INT_S08_EVE,2026-01-03,U_INT,S08_EVE,STF_INT_062,Certified Nursing Assistant,Unlicensed,Core Staff,7.5,0.0,7.5,36.22,271.65
2026-01-03_U_INT_S08_EVE,2026-01-03,U_INT,S08_EVE,STF_INT_041,Certified Nursing Assistant,Unlicensed,Overtime,7.5,0.0,7.5,31.68,237.6
2026-01-03_U_INT_S08_EVE,2026-01-03,U_INT,S08_EVE,STF_INT_019,Registered Nurse,Licensed,Core Staff,7.5,0.0,7.5,58.61,439.58
2026-01-03_U_INT_S08_EVE,2026-01-03,U_INT,S08_EVE,STF_INT_063,Licensed Practical Nurse,Licensed,Core Staff,7.5,0.0,7.5,46.59,349.42
2026-01-03_U_INT_S08_NIGHT,2026-01-03,U_INT,S08_NIGHT,STF_INT_041,Certified Nursing Assistant,Unlicensed,Overtime,7.5,0.0,7.5,34.41,258.08
2026-01-03_U_INT_S08_NIGHT,2026-01-03,U_INT,S08_NIGHT,STF_INT_052,Licensed Practical Nurse,Licensed,Core Staff,7.5,0.0,7.5,40.54,304.05
2026-01-03_U_INT_S08_NIGHT,2026-01-03,U_INT,S08_NIGHT,STF_INT_027,Licensed Practical Nurse,Licensed,Overtime,7.5,0.0,7.5,45.58,341.85
2026-01-03_U_INT_S08_NIGHT,2026-01-03,U_INT,S08_NIGHT,STF_INT_061,Registered Nurse,Licensed,Core Staff,7.5,0.0,7.5,58.41,438.08
2026-01-03_U_INT_S08_NIGHT,2026-01-03,U_INT,S08_NIGHT,STF_INT_007,Registered Nurse,Licensed,Core Staff,7.5,0.0,7.5,56.37,422.78
2026-01-03_U_INT_S08_NIGHT,2026-01-03,U_INT,S08_NIGHT,STF_INT_040,Certified Nursing Assistant,Unlicensed,Core Staff,7.5,0.0,7.5,34.02,255.15
2026-01-04_U_ICU_S12_DAY,2026-01-04,U_ICU,S12_DAY,STF_ICU_001,Registered Nurse,Licensed,Core Staff,11.5,0.0,11.5,48.81,561.32
2026-01-04_U_ICU_S12_DAY,2026-01-04,U_ICU,S12_DAY,STF_ICU_024,Registered Nurse,Licensed,Core Staff,11.5,0.0,11.5,55.45,637.68
2026-01-04_U_ICU_S12_DAY,2026-01-04,U_ICU,S12_DAY,STF_ICU_028,Registered Nurse,Licensed,Core Staff,9.5,2.0,11.5,59.68,686.32
2026-01-04_U_ICU_S12_DAY,2026-01-04,U_ICU,S12_DAY,STF_ICU_020,Registered Nurse,Licensed,Core Staff,11.5,0.0,11.5,49.56,569.94
2026-01-04_U_ICU_S12_DAY,2026-01-04,U_ICU,S12_DAY,STF_ICU_033,Certified Nursing Assistant,Unlicensed,Core Staff,11.5,0.0,11.5,30.16,346.84
2026-01-04_U_ICU_S12_NIGHT,2026-01-04,U_ICU,S12_NIGHT,STF_ICU_008,Registered Nurse,Licensed,Float Pool,11.5,0.0,11.5,49.09,564.54
2026-01-04_U_ICU_S12_NIGHT,2026-01-04,U_ICU,S12_NIGHT,STF_ICU_013,Registered Nurse,Licensed,Overtime,11.5,0.0,11.5,54.36,625.14
2026-01-04_U_ICU_S12_NIGHT,2026-01-04,U_ICU,S12_NIGHT,STF_ICU_030,Registered Nurse,Licensed,Core Staff,9.5,2.0,11.5,51.53,592.6
2026-01-04_U_ICU_S12_NIGHT,2026-01-04,U_ICU,S12_NIGHT,STF_ICU_018,Registered Nurse,Licensed,Core Staff,11.5,0.0,11.5,50.23,577.64
2026-01-04_U_ICU_S12_NIGHT,2026-01-04,U_ICU,S12_NIGHT,STF_ICU_007,Registered Nurse,Licensed,Agency/Traveler,11.5,0.0,11.5,49.5,569.25
2026-01-04_U_ICU_S12_NIGHT,2026-01-04,U_ICU,S12_NIGHT,STF_ICU_023,Registered Nurse,Licensed,Core Staff,11.5,0.0,11.5,50.41,579.71
2026-01-04_U_ICU_S12_NIGHT,2026-01-04,U_ICU,S12_NIGHT,STF_ICU_004,Registered Nurse,Licensed,Float Pool,11.5,0.0,11.5,51.91,596.96
2026-01-04_U_ICU_S12_NIGHT,2026-01-04,U_ICU,S12_NIGHT,STF_ICU_009,Registered Nurse,Licensed,Core Staff,11.5,0.0,11.5,59.81,687.82
2026-01-04_U_INT_S08_DAY,2026-01-04,U_INT,S08_DAY,STF_INT_021,Licensed Practical Nurse,Licensed,Core Staff,7.5,0.0,7.5,47.27,354.52
2026-01-04_U_INT_S08_DAY,2026-01-04,U_INT,S08_DAY,STF_INT_047,Certified Nursing Assistant,Unlicensed,Core Staff,7.5,0.0,7.5,31.18,233.85
2026-01-04_U_INT_S08_DAY,2026-01-04,U_INT,S08_DAY,STF_INT_062,Certified Nursing Assistant,Unlicensed,Core Staff,7.5,0.0,7.5,34.28,257.1
2026-01-04_U_INT_S08_DAY,2026-01-04,U_INT,S08_DAY,STF_INT_001,Certified Nursing Assistant,Unlicensed,Core Staff,7.5,0.0,7.5,33.61,252.08
2026-01-04_U_INT_S08_DAY,2026-01-04,U_INT,S08_DAY,STF_INT_005,Certified Nursing Assistant,Unlicensed,Core Staff,7.5,0.0,7.5,31.48,236.1
2026-01-04_U_INT_S08_DAY,2026-01-04,U_INT,S08_DAY,STF_INT_058,Registered Nurse,Licensed,Float Pool,7.5,0.0,7.5,55.8,418.5
2026-01-04_U_INT_S08_DAY,2026-01-04,U_INT,S08_DAY,STF_INT_045,Registered Nurse,Licensed,Core Staff,7.5,0.0,7.5,48.87,366.52
2026-01-04_U_INT_S08_DAY,2026-01-04,U_INT,S08_DAY,STF_INT_025,Registered Nurse,Licensed,Core Staff,5.5,2.0,7.5,53.55,401.62
2026-01-04_U_INT_S08_EVE,2026-01-04,U_INT,S08_EVE,STF_INT_056,Registered Nurse,Licensed,Core Staff,7.5,0.0,7.5,52.28,392.1
2026-01-04_U_INT_S08_EVE,2026-01-04,U_INT,S08_EVE,STF_INT_007,Registered Nurse,Licensed,Core Staff,7.5,0.0,7.5,56.46,423.45
2026-01-04_U_INT_S08_EVE,2026-01-04,U_INT,S08_EVE,STF_INT_051,Registered Nurse,Licensed,Core Staff,7.5,0.0,7.5,54.7,410.25
2026-01-04_U_INT_S08_EVE,2026-01-04,U_INT,S08_EVE,STF_INT_052,Licensed Practical Nurse,Licensed,Core Staff,7.5,0.0,7.5,38.32,287.4
2026-01-04_U_INT_S08_EVE,2026-01-04,U_INT,S08_EVE,STF_INT_034,Licensed Practical Nurse,Licensed,Core Staff,7.5,0.0,7.5,39.17,293.78
2026-01-04_U_INT_S08_EVE,2026-01-04,U_INT,S08_EVE,STF_INT_032,Registered Nurse,Licensed,Overtime,7.5,0.0,7.5,49.47,371.02
2026-01-04_U_INT_S08_EVE,2026-01-04,U_INT,S08_EVE,STF_INT_061,Registered Nurse,Licensed,Core Staff,7.5,0.0,7.5,51.79,388.42
2026-01-04_U_INT_S08_EVE,2026-01-04,U_INT,S08_EVE,STF_INT_050,Registered Nurse,Licensed,Float Pool,7.5,0.0,7.5,52.77,395.78
2026-01-04_U_INT_S08_EVE,2026-01-04,U_INT,S08_EVE,STF_INT_027,Licensed Practical Nurse,Licensed,Overtime,7.5,0.0,7.5,44.52,333.9
2026-01-04_U_INT_S08_NIGHT,2026-01-04,U_INT,S08_NIGHT,STF_INT_039,Registered Nurse,Licensed,Float Pool,7.5,0.0,7.5,51.81,388.58
2026-01-04_U_INT_S08_NIGHT,2026-01-04,U_INT,S08_NIGHT,STF_INT_046,Registered Nurse,Licensed,Overtime,7.5,0.0,7.5,51.56,386.7
2026-01-04_U_INT_S08_NIGHT,2026-01-04,U_INT,S08_NIGHT,STF_INT_003,Registered Nurse,Licensed,Core Staff,7.5,0.0,7.5,55.56,416.7
2026-01-04_U_INT_S08_NIGHT,2026-01-04,U_INT,S08_NIGHT,STF_INT_011,Certified Nursing Assistant,Unlicensed,Core Staff,7.5,0.0,7.5,33.66,252.45
2026-01-04_U_INT_S08_NIGHT,2026-01-04,U_INT,S08_NIGHT,STF_INT_059,Registered Nurse,Licensed,Core Staff,7.5,0.0,7.5,55.16,413.7
2026-01-04_U_INT_S08_NIGHT,2026-01-04,U_INT,S08_NIGHT,STF_INT_007,Registered Nurse,Licensed,Core Staff,7.5,0.0,7.5,48.18,361.35
2026-01-05_U_ICU_S12_DAY,2026-01-05,U_ICU,S12_DAY,STF_ICU_001,Registered Nurse,Licensed,Core Staff,11.5,0.0,11.5,56.59,650.79
2026-01-05_U_ICU_S12_DAY,2026-01-05,U_ICU,S12_DAY,STF_ICU_030,Registered Nurse,Licensed,Core Staff,11.5,0.0,11.5,49.46,568.79
2026-01-05_U_ICU_S12_DAY,2026-01-05,U_ICU,S12_DAY,STF_ICU_008,Registered Nurse,Licensed,Float Pool,11.5,0.0,11.5,50.18,577.07
2026-01-05_U_ICU_S12_DAY,2026-01-05,U_ICU,S12_DAY,STF_ICU_007,Registered Nurse,Licensed,Core Staff,11.5,0.0,11.5,49.28,566.72
2026-01-05_U_ICU_S12_DAY,2026-01-05,U_ICU,S12_DAY,STF_ICU_009,Registered Nurse,Licensed,Core Staff,11.5,0.0,11.5,59.56,684.94
2026-01-05_U_ICU_S12_DAY,2026-01-05,U_ICU,S12_DAY,STF_ICU_029,Registered Nurse,Licensed,Core Staff,11.5,0.0,11.5,54.6,627.9
2026-01-05_U_ICU_S12_NIGHT,2026-01-05,U_ICU,S12_NIGHT,STF_ICU_027,Registered Nurse,Licensed,Core Staff,11.5,0.0,11.5,48.28,555.22
2026-01-05_U_ICU_S12_NIGHT,2026-01-05,U_ICU,S12_NIGHT,STF_ICU_006,Registered Nurse,Licensed,Core Staff,11.5,0.0,11.5,54.56,627.44
2026-01-05_U_ICU_S12_NIGHT,2026-01-05,U_ICU,S12_NIGHT,STF_ICU_030,Registered Nurse,Licensed,Core Staff,11.5,0.0,11.5,55.13,634.0
2026-01-05_U_ICU_S12_NIGHT,2026-01-05,U_ICU,S12_NIGHT,STF_ICU_013,Registered Nurse,Licensed,Overtime,11.5,0.0,11.5,49.64,570.86
2026-01-05_U_ICU_S12_NIGHT,2026-01-05,U_ICU,S12_NIGHT,STF_ICU_014,Registered Nurse,Licensed,Core Staff,11.5,0.0,11.5,53.14,611.11
2026-01-05_U_ICU_S12_NIGHT,2026-01-05,U_ICU,S12_NIGHT,STF_ICU_011,Registered Nurse,Licensed,Core Staff,11.5,0.0,11.5,59.9,688.85
2026-01-05_U_ICU_S12_NIGHT,2026-01-05,U_ICU,S12_NIGHT,STF_ICU_012,Registered Nurse,Licensed,Agency/Traveler,11.5,0.0,11.5,56.69,651.93
2026-01-05_U_INT_S08_DAY,2026-01-05,U_INT,S08_DAY,STF_INT_011,Certified Nursing Assistant,Unlicensed,Core Staff,7.5,0.0,7.5,31.67,237.52
2026-01-05_U_INT_S08_DAY,2026-01-05,U_INT,S08_DAY,STF_INT_009,Certified Nursing Assistant,Unlicensed,Float Pool,7.5,0.0,7.5,35.62,267.15
2026-01-05_U_INT_S08_DAY,2026-01-05,U_INT,S08_DAY,STF_INT_043,Registered Nurse,Licensed,Overtime,7.5,0.0,7.5,49.91,374.32
2026-01-05_U_INT_S08_DAY,2026-01-05,U_INT,S08_DAY,STF_INT_026,Registered Nurse,Licensed,Core Staff,7.5,0.0,7.5,50.73,380.48
2026-01-05_U_INT_S08_DAY,2026-01-05,U_INT,S08_DAY,STF_INT_001,Certified Nursing Assistant,Unlicensed,Core Staff,7.5,0.0,7.5,32.48,243.6
2026-01-05_U_INT_S08_DAY,2026-01-05,U_INT,S08_DAY,STF_INT_037,Certified Nursing Assistant,Unlicensed,Core Staff,7.5,0.0,7.5,31.55,236.62
2026-01-05_U_INT_S08_EVE,2026-01-05,U_INT,S08_EVE,STF_INT_056,Registered Nurse,Licensed,Core Staff,7.5,0.0,7.5,50.3,377.25
2026-01-05_U_INT_S08_EVE,2026-01-05,U_INT,S08_EVE,STF_INT_037,Certified Nursing Assistant,Unlicensed,Core Staff,7.5,0.0,7.5,33.15,248.62
2026-01-05_U_INT_S08_EVE,2026-01-05,U_INT,S08_EVE,STF_INT_038,Registered Nurse,Licensed,Core Staff,7.5,0.0,7.5,51.57,386.78
2026-01-05_U_INT_S08_EVE,2026-01-05,U_INT,S08_EVE,STF_INT_011,Certified Nursing Assistant,Unlicensed,Core Staff,7.5,0.0,7.5,31.11,233.32
2026-01-05_U_INT_S08_EVE,2026-01-05,U_INT,S08_EVE,STF_INT_041,Certified Nursing Assistant,Unlicensed,Float Pool,7.5,0.0,7.5,31.73,237.98
2026-01-05_U_INT_S08_EVE,2026-01-05,U_INT,S08_EVE,STF_INT_026,Registered Nurse,Licensed,Core Staff,7.5,0.0,7.5,55.42,415.65
2026-01-05_U_INT_S08_EVE,2026-01-05,U_INT,S08_EVE,STF_INT_005,Certified Nursing Assistant,Unlicensed,Core Staff,7.5,0.0,7.5,31.49,236.18
2026-01-05_U_INT_S08_EVE,2026-01-05,U_INT,S08_EVE,STF_INT_028,Registered Nurse,Licensed,Core Staff,7.5,0.0,7.5,50.09,375.68
2026-01-05_U_INT_S08_NIGHT,2026-01-05,U_INT,S08_NIGHT,STF_INT_064,Licensed Practical Nurse,Licensed,Core Staff,7.5,0.0,7.5,46.38,347.85
2026-01-05_U_INT_S08_NIGHT,2026-01-05,U_INT,S08_NIGHT,STF_INT_022,Registered Nurse,Licensed,Core Staff,7.5,0.0,7.5,53.32,399.9
2026-01-05_U_INT_S08_NIGHT,2026-01-05,U_INT,S08_NIGHT,STF_INT_014,Registered Nurse,Licensed,Agency/Traveler,5.5,2.0,7.5,56.6,424.5
2026-01-05_U_INT_S08_NIGHT,2026-01-05,U_INT,S08_NIGHT,STF_INT_063,Licensed Practical Nurse,Licensed,Agency/Traveler,7.5,0.0,7.5,38.12,285.9
2026-01-05_U_INT_S08_NIGHT,2026-01-05,U_INT,S08_NIGHT,STF_INT_044,Certified Nursing Assistant,Unlicensed,Core Staff,7.5,0.0,7.5,34.79,260.92
2026-01-05_U_INT_S08_NIGHT,2026-01-05,U_INT,S08_NIGHT,STF_INT_046,Registered Nurse,Licensed,Overtime,7.5,0.0,7.5,52.2,391.5
2026-01-05_U_INT_S08_NIGHT,2026-01-05,U_INT,S08_NIGHT,STF_INT_003,Registered Nurse,Licensed,Core Staff,7.5,0.0,7.5,50.22,376.65
2026-01-06_U_ICU_S12_DAY,2026-01-06,U_ICU,S12_DAY,STF_ICU_001,Registered Nurse,Licensed,Core Staff,11.5,0.0,11.5,49.54,569.71
2026-01-06_U_ICU_S12_DAY,2026-01-06,U_ICU,S12_DAY,STF_ICU_016,Registered Nurse,Licensed,Core Staff,11.5,0.0,11.5,50.7,583.05
2026-01-06_U_ICU_S12_DAY,2026-01-06,U_ICU,S12_DAY,STF_ICU_023,Registered Nurse,Licensed,Core Staff,11.5,0.0,11.5,53.27,612.6
2026-01-06_U_ICU_S12_DAY,2026-01-06,U_ICU,S12_DAY,STF_ICU_012,Registered Nurse,Licensed,Agency/Traveler,11.5,0.0,11.5,50.89,585.24
2026-01-06_U_ICU_S12_DAY,2026-01-06,U_ICU,S12_DAY,STF_ICU_019,Registered Nurse,Licensed,Core Staff,11.5,0.0,11.5,58.64,674.36
2026-01-06_U_ICU_S12_DAY,2026-01-06,U_ICU,S12_DAY,STF_ICU_011,Registered Nurse,Licensed,Core Staff,11.5,0.0,11.5,57.79,664.58
2026-01-06_U_ICU_S12_DAY,2026-01-06,U_ICU,S12_DAY,STF_ICU_006,Registered Nurse,Licensed,Core Staff,11.5,0.0,11.5,59.03,678.84
2026-01-06_U_ICU_S12_NIGHT,2026-01-06,U_ICU,S12_NIGHT,STF_ICU_035,Certified Nursing Assistant,Unlicensed,Agency/Traveler,11.5,0.0,11.5,31.26,359.49
2026-01-06_U_ICU_S12_NIGHT,2026-01-06,U_ICU,S12_NIGHT,STF_ICU_010,Registered Nurse,Licensed,Core Staff,11.5,0.0,11.5,51.73,594.9
2026-01-06_U_ICU_S12_NIGHT,2026-01-06,U_ICU,S12_NIGHT,STF_ICU_014,Registered Nurse,Licensed,Core Staff,11.5,0.0,11.5,55.38,636.87
2026-01-06_U_ICU_S12_NIGHT,2026-01-06,U_ICU,S12_NIGHT,STF_ICU_016,Registered Nurse,Licensed,Core Staff,11.5,0.0,11.5,54.46,626.29
2026-01-06_U_ICU_S12_NIGHT,2026-01-06,U_ICU,S12_NIGHT,STF_ICU_004,Registered Nurse,Licensed,Core Staff,11.5,0.0,11.5,58.08,667.92
2026-01-06_U_ICU_S12_NIGHT,2026-01-06,U_ICU,S12_NIGHT,STF_ICU_025,Registered Nurse,Licensed,Overtime,11.5,0.0,11.5,59.5,684.25
2026-01-06_U_ICU_S12_NIGHT,2026-01-06,U_ICU,S12_NIGHT,STF_ICU_026,Registered Nurse,Licensed,Overtime,11.5,0.0,11.5,49.79,572.58
2026-01-06_U_ICU_S12_NIGHT,2026-01-06,U_ICU,S12_NIGHT,STF_ICU_030,Registered Nurse,Licensed,Core Staff,11.5,0.0,11.5,59.96,689.54
2026-01-06_U_INT_S08_DAY,2026-01-06,U_INT,S08_DAY,STF_INT_023,Registered Nurse,Licensed,Overtime,7.5,0.0,7.5,55.04,412.8
2026-01-06_U_INT_S08_DAY,2026-01-06,U_INT,S08_DAY,STF_INT_008,Registered Nurse,Licensed,Agency/Traveler,7.5,0.0,7.5,57.39,430.42
2026-01-06_U_INT_S08_DAY,2026-01-06,U_INT,S08_DAY,STF_INT_060,Registered Nurse,Licensed,Agency/Traveler,7.5,0.0,7.5,50.71,380.32
2026-01-06_U_INT_S08_DAY,2026-01-06,U_INT,S08_DAY,STF_INT_056,Registered Nurse,Licensed,Core Staff,7.5,0.0,7.5,53.77,403.28
2026-01-06_U_INT_S08_DAY,2026-01-06,U_INT,S08_DAY,STF_INT_002,Registered Nurse,Licensed,Core Staff,7.5,0.0,7.5,56.47,423.52
2026-01-06_U_INT_S08_DAY,2026-01-06,U_INT,S08_DAY,STF_INT_010,Certified Nursing Assistant,Unlicensed,Core Staff,7.5,0.0,7.5,30.32,227.4
2026-01-06_U_INT_S08_DAY,2026-01-06,U_INT,S08_DAY,STF_INT_035,Registered Nurse,Licensed,Float Pool,7.5,0.0,7.5,57.36,430.2
2026-01-06_U_INT_S08_DAY,2026-01-06,U_INT,S08_DAY,STF_INT_041,Certified Nursing Assistant,Unlicensed,Overtime,7.5,0.0,7.5,31.03,232.73
2026-01-06_U_INT_S08_EVE,2026-01-06,U_INT,S08_EVE,STF_INT_058,Registered Nurse,Licensed,Float Pool,7.5,0.0,7.5,54.59,409.42
2026-01-06_U_INT_S08_EVE,2026-01-06,U_INT,S08_EVE,STF_INT_023,Registered Nurse,Licensed,Overtime,7.5,0.0,7.5,58.16,436.2
2026-01-06_U_INT_S08_EVE,2026-01-06,U_INT,S08_EVE,STF_INT_053,Certified Nursing Assistant,Unlicensed,Agency/Traveler,7.5,0.0,7.5,30.92,231.9
2026-01-06_U_INT_S08_EVE,2026-01-06,U_INT,S08_EVE,STF_INT_039,Registered Nurse,Licensed,Float Pool,7.5,0.0,7.5,49.17,368.78
2026-01-06_U_INT_S08_EVE,2026-01-06,U_INT,S08_EVE,STF_INT_030,Licensed Practical Nurse,Licensed,Core Staff,7.5,0.0,7.5,42.37,317.77
2026-01-06_U_INT_S08_EVE,2026-01-06,U_INT,S08_EVE,STF_INT_008,Registered Nurse,Licensed,Agency/Traveler,7.5,0.0,7.5,57.44,430.8
2026-01-06_U_INT_S08_EVE,2026-01-06,U_INT,S08_EVE,STF_INT_063,Licensed Practical Nurse,Licensed,Core Staff,7.5,0.0,7.5,41.38,310.35
2026-01-06_U_INT_S08_NIGHT,2026-01-06,U_INT,S08_NIGHT,STF_INT_027,Licensed Practical Nurse,Licensed,Overtime,7.5,0.0,7.5,46.14,346.05
2026-01-06_U_INT_S08_NIGHT,2026-01-06,U_INT,S08_NIGHT,STF_INT_053,Certified Nursing Assistant,Unlicensed,Agency/Traveler,7.5,0.0,7.5,34.81,261.08
2026-01-06_U_INT_S08_NIGHT,2026-01-06,U_INT,S08_NIGHT,STF_INT_060,Registered Nurse,Licensed,Agency/Traveler,7.5,0.0,7.5,53.82,403.65
2026-01-06_U_INT_S08_NIGHT,2026-01-06,U_INT,S08_NIGHT,STF_INT_017,Certified Nursing Assistant,Unlicensed,Core Staff,7.5,0.0,7.5,34.71,260.32
2026-01-06_U_INT_S08_NIGHT,2026-01-06,U_INT,S08_NIGHT,STF_INT_034,Licensed Practical Nurse,Licensed,Core Staff,7.5,0.0,7.5,47.47,356.02
2026-01-06_U_INT_S08_NIGHT,2026-01-06,U_INT,S08_NIGHT,STF_INT_045,Registered Nurse,Licensed,Core Staff,7.5,0.0,7.5,49.56,371.7
2026-01-06_U_INT_S08_NIGHT,2026-01-06,U_INT,S08_NIGHT,STF_INT_004,Registered Nurse,Licensed,Core Staff,7.5,0.0,7.5,48.35,362.62
2026-01-06_U_INT_S08_NIGHT,2026-01-06,U_INT,S08_NIGHT,STF_INT_038,Registered Nurse,Licensed,Core Staff,7.5,0.0,7.5,52.55,394.12
2026-01-07_U_ICU_S12_DAY,2026-01-07,U_ICU,S12_DAY,STF_ICU_023,Registered Nurse,Licensed,Core Staff,11.5,0.0,11.5,59.9,688.85
2026-01-07_U_ICU_S12_DAY,2026-01-07,U_ICU,S12_DAY,STF_ICU_031,Certified Nursing Assistant,Unlicensed,Agency/Traveler,11.5,0.0,11.5,32.21,370.42
2026-01-07_U_ICU_S12_DAY,2026-01-07,U_ICU,S12_DAY,STF_ICU_008,Registered Nurse,Licensed,Float Pool,11.5,0.0,11.5,52.32,601.68
2026-01-07_U_ICU_S12_DAY,2026-01-07,U_ICU,S12_DAY,STF_ICU_010,Registered Nurse,Licensed,Core Staff,11.5,0.0,11.5,52.9,608.35
2026-01-07_U_ICU_S12_DAY,2026-01-07,U_ICU,S12_DAY,STF_ICU_014,Registered Nurse,Licensed,Core Staff,11.5,0.0,11.5,50.79,584.08
2026-01-07_U_ICU_S12_DAY,2026-01-07,U_ICU,S12_DAY,STF_ICU_022,Registered Nurse,Licensed,Agency/Traveler,11.5,0.0,11.5,51.12,587.88
2026-01-07_U_ICU_S12_DAY,2026-01-07,U_ICU,S12_DAY,STF_ICU_035,Certified Nursing Assistant,Unlicensed,Agency/Traveler,11.5,0.0,11.5,34.36,395.14
2026-01-07_U_ICU_S12_NIGHT,2026-01-07,U_ICU,S12_NIGHT,STF_ICU_028,Registered Nurse,Licensed,Core Staff,9.5,2.0,11.5,51.41,591.21
2026-01-07_U_ICU_S12_NIGHT,2026-01-07,U_ICU,S12_NIGHT,STF_ICU_002,Registered Nurse,Licensed,Overtime,11.5,0.0,11.5,51.6,593.4
2026-01-07_U_ICU_S12_NIGHT,2026-01-07,U_ICU,S12_NIGHT,STF_ICU_023,Registered Nurse,Licensed,Float Pool,11.5,0.0,11.5,56.01,644.12
2026-01-07_U_ICU_S12_NIGHT,2026-01-07,U_ICU,S12_NIGHT,STF_ICU_001,Registered Nurse,Licensed,Core Staff,11.5,0.0,11.5,50.22,577.53
2026-01-07_U_ICU_S12_NIGHT,2026-01-07,U_ICU,S12_NIGHT,STF_ICU_005,Registered Nurse,Licensed,Core Staff,11.5,0.0,11.5,57.53,661.6
2026-01-07_U_ICU_S12_NIGHT,2026-01-07,U_ICU,S12_NIGHT,STF_ICU_026,Registered Nurse,Licensed,Overtime,9.5,2.0,11.5,59.95,689.42
2026-01-07_U_INT_S08_DAY,2026-01-07,U_INT,S08_DAY,STF_INT_005,Certified Nursing Assistant,Unlicensed,Core Staff,7.5,0.0,7.5,32.85,246.38
2026-01-07_U_INT_S08_DAY,2026-01-07,U_INT,S08_DAY,STF_INT_039,Registered Nurse,Licensed,Float Pool,7.5,0.0,7.5,48.53,363.98
2026-01-07_U_INT_S08_DAY,2026-01-07,U_INT,S08_DAY,STF_INT_062,Certified Nursing Assistant,Unlicensed,Core Staff,7.5,0.0,7.5,35.31,264.83
2026-01-07_U_INT_S08_DAY,2026-01-07,U_INT,S08_DAY,STF_INT_016,Registered Nurse,Licensed,Core Staff,7.5,0.0,7.5,54.38,407.85
2026-01-07_U_INT_S08_DAY,2026-01-07,U_INT,S08_DAY,STF_INT_061,Registered Nurse,Licensed,Core Staff,7.5,0.0,7.5,48.36,362.7
2026-01-07_U_INT_S08_DAY,2026-01-07,U_INT,S08_DAY,STF_INT_058,Registered Nurse,Licensed,Agency/Traveler,7.5,0.0,7.5,49.58,371.85
2026-01-07_U_INT_S08_DAY,2026-01-07,U_INT,S08_DAY,STF_INT_009,Certified Nursing Assistant,Unlicensed,Float Pool,7.5,0.0,7.5,32.56,244.2
2026-01-07_U_INT_S08_DAY,2026-01-07,U_INT,S08_DAY,STF_INT_030,Licensed Practical Nurse,Licensed,Core Staff,7.5,0.0,7.5,41.9,314.25
2026-01-07_U_INT_S08_DAY,2026-01-07,U_INT,S08_DAY,STF_INT_011,Certified Nursing Assistant,Unlicensed,Core Staff,7.5,0.0,7.5,34.64,259.8
2026-01-07_U_INT_S08_EVE,2026-01-07,U_INT,S08_EVE,STF_INT_035,Registered Nurse,Licensed,Float Pool,7.5,0.0,7.5,51.3,384.75
2026-01-07_U_INT_S08_EVE,2026-01-07,U_INT,S08_EVE,STF_INT_050,Registered Nurse,Licensed,Float Pool,7.5,0.0,7.5,53.36,400.2
2026-01-07_U_INT_S08_EVE,2026-01-07,U_INT,S08_EVE,STF_INT_022,Registered Nurse,Licensed,Core Staff,7.5,0.0,7.5,58.29,437.18
2026-01-07_U_INT_S08_EVE,2026-01-07,U_INT,S08_EVE,STF_INT_023,Registered Nurse,Licensed,Overtime,7.5,0.0,7.5,51.83,388.72
2026-01-07_U_INT_S08_EVE,2026-01-07,U_INT,S08_EVE,STF_INT_061,Registered Nurse,Licensed,Core Staff,7.5,0.0,7.5,55.21,414.08
2026-01-07_U_INT_S08_EVE,2026-01-07,U_INT,S08_EVE,STF_INT_026,Registered Nurse,Licensed,Core Staff,7.5,0.0,7.5,52.49,393.68
2026-01-07_U_INT_S08_EVE,2026-01-07,U_INT,S08_EVE,STF_INT_058,Registered Nurse,Licensed,Float Pool,7.5,0.0,7.5,49.71,372.82
2026-01-07_U_INT_S08_EVE,2026-01-07,U_INT,S08_EVE,STF_INT_054,Registered Nurse,Licensed,Core Staff,7.5,0.0,7.5,49.85,373.88
2026-01-07_U_INT_S08_EVE,2026-01-07,U_INT,S08_EVE,STF_INT_031,Registered Nurse,Licensed,Core Staff,5.5,2.0,7.5,55.64,417.3
2026-01-07_U_INT_S08_NIGHT,2026-01-07,U_INT,S08_NIGHT,STF_INT_025,Registered Nurse,Licensed,Core Staff,7.5,0.0,7.5,57.39,430.42
2026-01-07_U_INT_S08_NIGHT,2026-01-07,U_INT,S08_NIGHT,STF_INT_059,Registered Nurse,Licensed,Core Staff,7.5,0.0,7.5,51.91,389.32
2026-01-07_U_INT_S08_NIGHT,2026-01-07,U_INT,S08_NIGHT,STF_INT_020,Certified Nursing Assistant,Unlicensed,Core Staff,7.5,0.0,7.5,33.0,247.5
2026-01-07_U_INT_S08_NIGHT,2026-01-07,U_INT,S08_NIGHT,STF_INT_008,Registered Nurse,Licensed,Agency/Traveler,7.5,0.0,7.5,58.23,436.72
2026-01-07_U_INT_S08_NIGHT,2026-01-07,U_INT,S08_NIGHT,STF_INT_040,Certified Nursing Assistant,Unlicensed,Core Staff,7.5,0.0,7.5,35.9,269.25
2026-01-07_U_INT_S08_NIGHT,2026-01-07,U_INT,S08_NIGHT,STF_INT_053,Certified Nursing Assistant,Unlicensed,Agency/Traveler,7.5,0.0,7.5,33.85,253.88
2026-01-08_U_ICU_S12_DAY,2026-01-08,U_ICU,S12_DAY,STF_ICU_013,Registered Nurse,Licensed,Overtime,11.5,0.0,11.5,55.1,633.65
2026-01-08_U_ICU_S12_DAY,2026-01-08,U_ICU,S12_DAY,STF_ICU_025,Registered Nurse,Licensed,Core Staff,11.5,0.0,11.5,59.95,689.42
2026-01-08_U_ICU_S12_DAY,2026-01-08,U_ICU,S12_DAY,STF_ICU_018,Registered Nurse,Licensed,Overtime,11.5,0.0,11.5,58.16,668.84
2026-01-08_U_ICU_S12_DAY,2026-01-08,U_ICU,S12_DAY,STF_ICU_015,Registered Nurse,Licensed,Float Pool,11.5,0.0,11.5,51.07,587.3
2026-01-08_U_ICU_S12_DAY,2026-01-08,U_ICU,S12_DAY,STF_ICU_035,Certified Nursing Assistant,Unlicensed,Agency/Traveler,11.5,0.0,11.5,34.07,391.8
2026-01-08_U_ICU_S12_DAY,2026-01-08,U_ICU,S12_DAY,STF_ICU_010,Registered Nurse,Licensed,Float Pool,11.5,0.0,11.5,56.25,646.88
2026-01-08_U_ICU_S12_NIGHT,2026-01-08,U_ICU,S12_NIGHT,STF_ICU_006,Registered Nurse,Licensed,Agency/Traveler,11.5,0.0,11.5,52.19,600.18
2026-01-08_U_ICU_S12_NIGHT,2026-01-08,U_ICU,S12_NIGHT,STF_ICU_027,Registered Nurse,Licensed,Core Staff,11.5,0.0,11.5,59.37,682.76
2026-01-08_U_ICU_S12_NIGHT,2026-01-08,U_ICU,S12_NIGHT,STF_ICU_011,Registered Nurse,Licensed,Core Staff,11.5,0.0,11.5,54.27,624.1
2026-01-08_U_ICU_S12_NIGHT,2026-01-08,U_ICU,S12_NIGHT,STF_ICU_012,Registered Nurse,Licensed,Agency/Traveler,11.5,0.0,11.5,58.1,668.15
2026-01-08_U_ICU_S12_NIGHT,2026-01-08,U_ICU,S12_NIGHT,STF_ICU_023,Registered Nurse,Licensed,Core Staff,11.5,0.0,11.5,49.74,572.01
2026-01-08_U_ICU_S12_NIGHT,2026-01-08,U_ICU,S12_NIGHT,STF_ICU_010,Registered Nurse,Licensed,Core Staff,11.5,0.0,11.5,50.53,581.1
2026-01-08_U_ICU_S12_NIGHT,2026-01-08,U_ICU,S12_NIGHT,STF_ICU_002,Registered Nurse,Licensed,Agency/Traveler,11.5,0.0,11.5,51.51,592.36
2026-01-08_U_ICU_S12_NIGHT,2026-01-08,U_ICU,S12_NIGHT,STF_ICU_022,Registered Nurse,Licensed,Core Staff,11.5,0.0,11.5,48.26,554.99
2026-01-08_U_INT_S08_DAY,2026-01-08,U_INT,S08_DAY,STF_INT_027,Licensed Practical Nurse,Licensed,Overtime,7.5,0.0,7.5,47.16,353.7
2026-01-08_U_INT_S08_DAY,2026-01-08,U_INT,S08_DAY,STF_INT_007,Registered Nurse,Licensed,Core Staff,7.5,0.0,7.5,53.93,404.48
2026-01-08_U_INT_S08_DAY,2026-01-08,U_INT,S08_DAY,STF_INT_037,Certified Nursing Assistant,Unlicensed,Core Staff,7.5,0.0,7.5,34.11,255.82
2026-01-08_U_INT_S08_DAY,2026-01-08,U_INT,S08_DAY,STF_INT_058,Registered Nurse,Licensed,Agency/Traveler,7.5,0.0,7.5,51.05,382.88
2026-01-08_U_INT_S08_DAY,2026-01-08,U_INT,S08_DAY,STF_INT_019,Registered Nurse,Licensed,Core Staff,7.5,0.0,7.5,51.34,385.05
2026-01-08_U_INT_S08_DAY,2026-01-08,U_INT,S08_DAY,STF_INT_059,Registered Nurse,Licensed,Core Staff,7.5,0.0,7.5,59.33,444.98
2026-01-08_U_INT_S08_DAY,2026-01-08,U_INT,S08_DAY,STF_INT_063,Licensed Practical Nurse,Licensed,Core Staff,7.5,0.0,7.5,42.52,318.9
2026-01-08_U_INT_S08_DAY,2026-01-08,U_INT,S08_DAY,STF_INT_051,Registered Nurse,Licensed,Core Staff,7.5,0.0,7.5,49.26,369.45
2026-01-08_U_INT_S08_DAY,2026-01-08,U_INT,S08_DAY,STF_INT_047,Certified Nursing Assistant,Unlicensed,Core Staff,7.5,0.0,7.5,32.5,243.75
2026-01-08_U_INT_S08_DAY,2026-01-08,U_INT,S08_DAY,STF_INT_002,Registered Nurse,Licensed,Core Staff,7.5,0.0,7.5,49.33,369.98
2026-01-08_U_INT_S08_EVE,2026-01-08,U_INT,S08_EVE,STF_INT_056,Registered Nurse,Licensed,Core Staff,7.5,0.0,7.5,52.1,390.75
2026-01-08_U_INT_S08_EVE,2026-01-08,U_INT,S08_EVE,STF_INT_057,Registered Nurse,Licensed,Core Staff,7.5,0.0,7.5,55.7,417.75
2026-01-08_U_INT_S08_EVE,2026-01-08,U_INT,S08_EVE,STF_INT_019,Registered Nurse,Licensed,Core Staff,7.5,0.0,7.5,55.96,419.7
2026-01-08_U_INT_S08_EVE,2026-01-08,U_INT,S08_EVE,STF_INT_029,Licensed Practical Nurse,Licensed,Core Staff,7.5,0.0,7.5,46.35,347.62
2026-01-08_U_INT_S08_EVE,2026-01-08,U_INT,S08_EVE,STF_INT_039,Registered Nurse,Licensed,Float Pool,7.5,0.0,7.5,57.96,434.7
2026-01-08_U_INT_S08_EVE,2026-01-08,U_INT,S08_EVE,STF_INT_026,Registered Nurse,Licensed,Core Staff,7.5,0.0,7.5,50.49,378.68
2026-01-08_U_INT_S08_EVE,2026-01-08,U_INT,S08_EVE,STF_INT_063,Licensed Practical Nurse,Licensed,Core Staff,7.5,0.0,7.5,46.54,349.05
2026-01-08_U_INT_S08_EVE,2026-01-08,U_INT,S08_EVE,STF_INT_005,Certified Nursing Assistant,Unlicensed,Core Staff,7.5,0.0,7.5,36.09,270.68
2026-01-08_U_INT_S08_EVE,2026-01-08,U_INT,S08_EVE,STF_INT_032,Registered Nurse,Licensed,Core Staff,7.5,0.0,7.5,48.72,365.4
2026-01-08_U_INT_S08_NIGHT,2026-01-08,U_INT,S08_NIGHT,STF_INT_029,Licensed Practical Nurse,Licensed,Core Staff,7.5,0.0,7.5,42.15,316.12
2026-01-08_U_INT_S08_NIGHT,2026-01-08,U_INT,S08_NIGHT,STF_INT_007,Registered Nurse,Licensed,Float Pool,7.5,0.0,7.5,48.16,361.2
2026-01-08_U_INT_S08_NIGHT,2026-01-08,U_INT,S08_NIGHT,STF_INT_016,Registered Nurse,Licensed,Core Staff,5.5,2.0,7.5,56.79,425.92
2026-01-08_U_INT_S08_NIGHT,2026-01-08,U_INT,S08_NIGHT,STF_INT_063,Licensed Practical Nurse,Licensed,Core Staff,7.5,0.0,7.5,44.63,334.72
2026-01-08_U_INT_S08_NIGHT,2026-01-08,U_INT,S08_NIGHT,STF_INT_050,Registered Nurse,Licensed,Float Pool,7.5,0.0,7.5,59.6,447.0
2026-01-08_U_INT_S08_NIGHT,2026-01-08,U_INT,S08_NIGHT,STF_INT_055,Registered Nurse,Licensed,Core Staff,7.5,0.0,7.5,57.28,429.6
2026-01-08_U_INT_S08_NIGHT,2026-01-08,U_INT,S08_NIGHT,STF_INT_039,Registered Nurse,Licensed,Float Pool,7.5,0.0,7.5,53.5,401.25
2026-01-08_U_INT_S08_NIGHT,2026-01-08,U_INT,S08_NIGHT,STF_INT_051,Registered Nurse,Licensed,Core Staff,7.5,0.0,7.5,57.16,428.7
2026-01-09_U_ICU_S12_DAY,2026-01-09,U_ICU,S12_DAY,STF_ICU_035,Certified Nursing Assistant,Unlicensed,Agency/Traveler,11.5,0.0,11.5,33.73,387.9
2026-01-09_U_ICU_S12_DAY,2026-01-09,U_ICU,S12_DAY,STF_ICU_014,Registered Nurse,Licensed,Core Staff,11.5,0.0,11.5,58.83,676.54
2026-01-09_U_ICU_S12_DAY,2026-01-09,U_ICU,S12_DAY,STF_ICU_030,Registered Nurse,Licensed,Core Staff,11.5,0.0,11.5,48.33,555.79
2026-01-09_U_ICU_S12_DAY,2026-01-09,U_ICU,S12_DAY,STF_ICU_033,Certified Nursing Assistant,Unlicensed,Core Staff,11.5,0.0,11.5,34.89,401.24
2026-01-09_U_ICU_S12_DAY,2026-01-09,U_ICU,S12_DAY,STF_ICU_024,Registered Nurse,Licensed,Core Staff,11.5,0.0,11.5,49.78,572.47
2026-01-09_U_ICU_S12_DAY,2026-01-09,U_ICU,S12_DAY,STF_ICU_006,Registered Nurse,Licensed,Core Staff,11.5,0.0,11.5,53.18,611.57
2026-01-09_U_ICU_S12_NIGHT,2026-01-09,U_ICU,S12_NIGHT,STF_ICU_002,Registered Nurse,Licensed,Agency/Traveler,11.5,0.0,11.5,52.23,600.64
2026-01-09_U_ICU_S12_NIGHT,2026-01-09,U_ICU,S12_NIGHT,STF_ICU_017,Registered Nurse,Licensed,Core Staff,11.5,0.0,11.5,53.56,615.94
2026-01-09_U_ICU_S12_NIGHT,2026-01-09,U_ICU,S12_NIGHT,STF_ICU_022,Registered Nurse,Licensed,Core Staff,9.5,2.0,11.5,59.17,680.46
2026-01-09_U_ICU_S12_NIGHT,2026-01-09,U_ICU,S12_NIGHT,STF_ICU_034,Certified Nursing Assistant,Unlicensed,Agency/Traveler,11.5,0.0,11.5,33.55,385.82
2026-01-09_U_ICU_S12_NIGHT,2026-01-09,U_ICU,S12_NIGHT,STF_ICU_006,Registered Nurse,Licensed,Core Staff,11.5,0.0,11.5,48.74,560.51
2026-01-09_U_ICU_S12_NIGHT,2026-01-09,U_ICU,S12_NIGHT,STF_ICU_029,Registered Nurse,Licensed,Core Staff,11.5,0.0,11.5,50.41,579.71
2026-01-09_U_ICU_S12_NIGHT,2026-01-09,U_ICU,S12_NIGHT,STF_ICU_001,Registered Nurse,Licensed,Agency/Traveler,11.5,0.0,11.5,58.59,673.79
2026-01-09_U_ICU_S12_NIGHT,2026-01-09,U_ICU,S12_NIGHT,STF_ICU_033,Certified Nursing Assistant,Unlicensed,Float Pool,11.5,0.0,11.5,34.76,399.74
2026-01-09_U_INT_S08_DAY,2026-01-09,U_INT,S08_DAY,STF_INT_005,Certified Nursing Assistant,Unlicensed,Core Staff,7.5,0.0,7.5,35.18,263.85
2026-01-09_U_INT_S08_DAY,2026-01-09,U_INT,S08_DAY,STF_INT_052,Licensed Practical Nurse,Licensed,Core Staff,7.5,0.0,7.5,46.01,345.08
2026-01-09_U_INT_S08_DAY,2026-01-09,U_INT,S08_DAY,STF_INT_014,Registered Nurse,Licensed,Overtime,7.5,0.0,7.5,54.01,405.08
2026-01-09_U_INT_S08_DAY,2026-01-09,U_INT,S08_DAY,STF_INT_053,Certified Nursing Assistant,Unlicensed,Agency/Traveler,7.5,0.0,7.5,33.47,251.02
2026-01-09_U_INT_S08_DAY,2026-01-09,U_INT,S08_DAY,STF_INT_064,Licensed Practical Nurse,Licensed,Core Staff,7.5,0.0,7.5,42.08,315.6
2026-01-09_U_INT_S08_DAY,2026-01-09,U_INT,S08_DAY,STF_INT_027,Licensed Practical Nurse,Licensed,Overtime,7.5,0.0,7.5,42.58,319.35
2026-01-09_U_INT_S08_DAY,2026-01-09,U_INT,S08_DAY,STF_INT_030,Licensed Practical Nurse,Licensed,Core Staff,7.5,0.0,7.5,47.13,353.48
2026-01-09_U_INT_S08_DAY,2026-01-09,U_INT,S08_DAY,STF_INT_008,Registered Nurse,Licensed,Agency/Traveler,7.5,0.0,7.5,50.72,380.4
2026-01-09_U_INT_S08_EVE,2026-01-09,U_INT,S08_EVE,STF_INT_040,Certified Nursing Assistant,Unlicensed,Core Staff,7.5,0.0,7.5,33.57,251.78
2026-01-09_U_INT_S08_EVE,2026-01-09,U_INT,S08_EVE,STF_INT_016,Registered Nurse,Licensed,Core Staff,7.5,0.0,7.5,55.14,413.55
2026-01-09_U_INT_S08_EVE,2026-01-09,U_INT,S08_EVE,STF_INT_060,Registered Nurse,Licensed,Agency/Traveler,7.5,0.0,7.5,48.82,366.15
2026-01-09_U_INT_S08_EVE,2026-01-09,U_INT,S08_EVE,STF_INT_035,Registered Nurse,Licensed,Float Pool,7.5,0.0,7.5,53.5,401.25
2026-01-09_U_INT_S08_EVE,2026-01-09,U_INT,S08_EVE,STF_INT_049,Registered Nurse,Licensed,Core Staff,7.5,0.0,7.5,55.7,417.75
2026-01-09_U_INT_S08_EVE,2026-01-09,U_INT,S08_EVE,STF_INT_037,Certified Nursing Assistant,Unlicensed,Core Staff,7.5,0.0,7.5,32.43,243.22
2026-01-09_U_INT_S08_EVE,2026-01-09,U_INT,S08_EVE,STF_INT_034,Licensed Practical Nurse,Licensed,Core Staff,7.5,0.0,7.5,42.28,317.1
2026-01-09_U_INT_S08_EVE,2026-01-09,U_INT,S08_EVE,STF_INT_003,Registered Nurse,Licensed,Core Staff,7.5,0.0,7.5,54.31,407.33
2026-01-09_U_INT_S08_NIGHT,2026-01-09,U_INT,S08_NIGHT,STF_INT_030,Licensed Practical Nurse,Licensed,Core Staff,7.5,0.0,7.5,46.86,351.45
2026-01-09_U_INT_S08_NIGHT,2026-01-09,U_INT,S08_NIGHT,STF_INT_063,Licensed Practical Nurse,Licensed,Core Staff,7.5,0.0,7.5,39.9,299.25
2026-01-09_U_INT_S08_NIGHT,2026-01-09,U_INT,S08_NIGHT,STF_INT_039,Registered Nurse,Licensed,Float Pool,7.5,0.0,7.5,56.86,426.45
2026-01-09_U_INT_S08_NIGHT,2026-01-09,U_INT,S08_NIGHT,STF_INT_016,Registered Nurse,Licensed,Float Pool,7.5,0.0,7.5,53.13,398.48
2026-01-09_U_INT_S08_NIGHT,2026-01-09,U_INT,S08_NIGHT,STF_INT_023,Registered Nurse,Licensed,Overtime,7.5,0.0,7.5,52.0,390.0
2026-01-09_U_INT_S08_NIGHT,2026-01-09,U_INT,S08_NIGHT,STF_INT_050,Registered Nurse,Licensed,Float Pool,7.5,0.0,7.5,58.32,437.4
2026-01-09_U_INT_S08_NIGHT,2026-01-09,U_INT,S08_NIGHT,STF_INT_012,Registered Nurse,Licensed,Core Staff,5.5,2.0,7.5,52.94,397.05
2026-01-09_U_INT_S08_NIGHT,2026-01-09,U_INT,S08_NIGHT,STF_INT_033,Registered Nurse,Licensed,Core Staff,7.5,0.0,7.5,58.0,435.0
2026-01-10_U_ICU_S12_DAY,2026-01-10,U_ICU,S12_DAY,STF_ICU_012,Registered Nurse,Licensed,Agency/Traveler,11.5,0.0,11.5,51.0,586.5
2026-01-10_U_ICU_S12_DAY,2026-01-10,U_ICU,S12_DAY,STF_ICU_009,Registered Nurse,Licensed,Core Staff,11.5,0.0,11.5,52.28,601.22
2026-01-10_U_ICU_S12_DAY,2026-01-10,U_ICU,S12_DAY,STF_ICU_016,Registered Nurse,Licensed,Core Staff,11.5,0.0,11.5,57.47,660.9
2026-01-10_U_ICU_S12_DAY,2026-01-10,U_ICU,S12_DAY,STF_ICU_008,Registered Nurse,Licensed,Float Pool,11.5,0.0,11.5,59.43,683.44
2026-01-10_U_ICU_S12_DAY,2026-01-10,U_ICU,S12_DAY,STF_ICU_026,Registered Nurse,Licensed,Overtime,11.5,0.0,11.5,54.07,621.8
2026-01-10_U_ICU_S12_DAY,2026-01-10,U_ICU,S12_DAY,STF_ICU_030,Registered Nurse,Licensed,Core Staff,11.5,0.0,11.5,49.23,566.14
2026-01-10_U_ICU_S12_NIGHT,2026-01-10,U_ICU,S12_NIGHT,STF_ICU_031,Certified Nursing Assistant,Unlicensed,Core Staff,11.5,0.0,11.5,31.58,363.17
2026-01-10_U_ICU_S12_NIGHT,2026-01-10,U_ICU,S12_NIGHT,STF_ICU_025,Registered Nurse,Licensed,Core Staff,11.5,0.0,11.5,56.99,655.38
2026-01-10_U_ICU_S12_NIGHT,2026-01-10,U_ICU,S12_NIGHT,STF_ICU_009,Registered Nurse,Licensed,Core Staff,11.5,0.0,11.5,52.98,609.27
2026-01-10_U_ICU_S12_NIGHT,2026-01-10,U_ICU,S12_NIGHT,STF_ICU_024,Registered Nurse,Licensed,Core Staff,11.5,0.0,11.5,56.15,645.72
2026-01-10_U_ICU_S12_NIGHT,2026-01-10,U_ICU,S12_NIGHT,STF_ICU_007,Registered Nurse,Licensed,Core Staff,11.5,0.0,11.5,50.44,580.06
2026-01-10_U_ICU_S12_NIGHT,2026-01-10,U_ICU,S12_NIGHT,STF_ICU_030,Registered Nurse,Licensed,Core Staff,11.5,0.0,11.5,54.9,631.35
2026-01-10_U_ICU_S12_NIGHT,2026-01-10,U_ICU,S12_NIGHT,STF_ICU_022,Registered Nurse,Licensed,Core Staff,9.5,2.0,11.5,56.36,648.14
2026-01-10_U_INT_S08_DAY,2026-01-10,U_INT,S08_DAY,STF_INT_036,Registered Nurse,Licensed,Core Staff,7.5,0.0,7.5,57.98,434.85
2026-01-10_U_INT_S08_DAY,2026-01-10,U_INT,S08_DAY,STF_INT_059,Registered Nurse,Licensed,Core Staff,7.5,0.0,7.5,55.58,416.85
2026-01-10_U_INT_S08_DAY,2026-01-10,U_INT,S08_DAY,STF_INT_005,Certified Nursing Assistant,Unlicensed,Core Staff,7.5,0.0,7.5,30.67,230.02
2026-01-10_U_INT_S08_DAY,2026-01-10,U_INT,S08_DAY,STF_INT_021,Licensed Practical Nurse,Licensed,Overtime,7.5,0.0,7.5,43.55,326.62
2026-01-10_U_INT_S08_DAY,2026-01-10,U_INT,S08_DAY,STF_INT_040,Certified Nursing Assistant,Unlicensed,Core Staff,7.5,0.0,7.5,34.89,261.68
2026-01-10_U_INT_S08_DAY,2026-01-10,U_INT,S08_DAY,STF_INT_024,Licensed Practical Nurse,Licensed,Core Staff,7.5,0.0,7.5,42.92,321.9
2026-01-10_U_INT_S08_DAY,2026-01-10,U_INT,S08_DAY,STF_INT_062,Certified Nursing Assistant,Unlicensed,Core Staff,7.5,0.0,7.5,34.36,257.7
2026-01-10_U_INT_S08_EVE,2026-01-10,U_INT,S08_EVE,STF_INT_060,Registered Nurse,Licensed,Float Pool,7.5,0.0,7.5,57.41,430.58
2026-01-10_U_INT_S08_EVE,2026-01-10,U_INT,S08_EVE,STF_INT_051,Registered Nurse,Licensed,Core Staff,7.5,0.0,7.5,54.17,406.28
2026-01-10_U_INT_S08_EVE,2026-01-10,U_INT,S08_EVE,STF_INT_037,Certified Nursing Assistant,Unlicensed,Core Staff,7.5,0.0,7.5,32.84,246.3
2026-01-10_U_INT_S08_EVE,2026-01-10,U_INT,S08_EVE,STF_INT_009,Certified Nursing Assistant,Unlicensed,Float Pool,7.5,0.0,7.5,30.61,229.58
2026-01-10_U_INT_S08_EVE,2026-01-10,U_INT,S08_EVE,STF_INT_029,Licensed Practical Nurse,Licensed,Core Staff,7.5,0.0,7.5,45.72,342.9
2026-01-10_U_INT_S08_EVE,2026-01-10,U_INT,S08_EVE,STF_INT_047,Certified Nursing Assistant,Unlicensed,Core Staff,7.5,0.0,7.5,36.29,272.18
2026-01-10_U_INT_S08_EVE,2026-01-10,U_INT,S08_EVE,STF_INT_024,Licensed Practical Nurse,Licensed,Core Staff,7.5,0.0,7.5,46.58,349.35
2026-01-10_U_INT_S08_EVE,2026-01-10,U_INT,S08_EVE,STF_INT_033,Registered Nurse,Licensed,Core Staff,7.5,0.0,7.5,56.09,420.68
2026-01-10_U_INT_S08_EVE,2026-01-10,U_INT,S08_EVE,STF_INT_050,Registered Nurse,Licensed,Float Pool,5.5,2.0,7.5,54.85,411.38
2026-01-10_U_INT_S08_NIGHT,2026-01-10,U_INT,S08_NIGHT,STF_INT_057,Registered Nurse,Licensed,Core Staff,7.5,0.0,7.5,48.51,363.82
2026-01-10_U_INT_S08_NIGHT,2026-01-10,U_INT,S08_NIGHT,STF_INT_013,Registered Nurse,Licensed,Core Staff,7.5,0.0,7.5,59.38,445.35
2026-01-10_U_INT_S08_NIGHT,2026-01-10,U_INT,S08_NIGHT,STF_INT_027,Licensed Practical Nurse,Licensed,Float Pool,7.5,0.0,7.5,45.4,340.5
2026-01-10_U_INT_S08_NIGHT,2026-01-10,U_INT,S08_NIGHT,STF_INT_001,Certified Nursing Assistant,Unlicensed,Core Staff,7.5,0.0,7.5,34.55,259.12
2026-01-10_U_INT_S08_NIGHT,2026-01-10,U_INT,S08_NIGHT,STF_INT_056,Registered Nurse,Licensed,Core Staff,7.5,0.0,7.5,59.53,446.48
2026-01-10_U_INT_S08_NIGHT,2026-01-10,U_INT,S08_NIGHT,STF_INT_008,Registered Nurse,Licensed,Agency/Traveler,7.5,0.0,7.5,52.82,396.15
2026-01-10_U_INT_S08_NIGHT,2026-01-10,U_INT,S08_NIGHT,STF_INT_045,Registered Nurse,Licensed,Core Staff,7.5,0.0,7.5,51.32,384.9
2026-01-10_U_INT_S08_NIGHT,2026-01-10,U_INT,S08_NIGHT,STF_INT_039,Registered Nurse,Licensed,Float Pool,7.5,0.0,7.5,55.11,413.32
2026-01-11_U_ICU_S12_DAY,2026-01-11,U_ICU,S12_DAY,STF_ICU_006,Registered Nurse,Licensed,Core Staff,11.5,0.0,11.5,57.47,660.9
2026-01-11_U_ICU_S12_DAY,2026-01-11,U_ICU,S12_DAY,STF_ICU_022,Registered Nurse,Licensed,Core Staff,11.5,0.0,11.5,53.7,617.55
2026-01-11_U_ICU_S12_DAY,2026-01-11,U_ICU,S12_DAY,STF_ICU_002,Registered Nurse,Licensed,Agency/Traveler,11.5,0.0,11.5,48.9,562.35
2026-01-11_U_ICU_S12_DAY,2026-01-11,U_ICU,S12_DAY,STF_ICU_012,Registered Nurse,Licensed,Agency/Traveler,11.5,0.0,11.5,59.82,687.93
2026-01-11_U_ICU_S12_DAY,2026-01-11,U_ICU,S12_DAY,STF_ICU_001,Registered Nurse,Licensed,Core Staff,11.5,0.0,11.5,48.1,553.15
2026-01-11_U_ICU_S12_DAY,2026-01-11,U_ICU,S12_DAY,STF_ICU_018,Registered Nurse,Licensed,Core Staff,11.5,0.0,11.5,55.57,639.05
2026-01-11_U_ICU_S12_NIGHT,2026-01-11,U_ICU,S12_NIGHT,STF_ICU_031,Certified Nursing Assistant,Unlicensed,Core Staff,11.5,0.0,11.5,32.98,379.27
2026-01-11_U_ICU_S12_NIGHT,2026-01-11,U_ICU,S12_NIGHT,STF_ICU_020,Registered Nurse,Licensed,Core Staff,11.5,0.0,11.5,56.01,644.12
2026-01-11_U_ICU_S12_NIGHT,2026-01-11,U_ICU,S12_NIGHT,STF_ICU_019,Registered Nurse,Licensed,Core Staff,11.5,0.0,11.5,51.77,595.36
2026-01-11_U_ICU_S12_NIGHT,2026-01-11,U_ICU,S12_NIGHT,STF_ICU_035,Certified Nursing Assistant,Unlicensed,Agency/Traveler,11.5,0.0,11.5,35.46,407.79
2026-01-11_U_ICU_S12_NIGHT,2026-01-11,U_ICU,S12_NIGHT,STF_ICU_009,Registered Nurse,Licensed,Core Staff,11.5,0.0,11.5,52.46,603.29
2026-01-11_U_ICU_S12_NIGHT,2026-01-11,U_ICU,S12_NIGHT,STF_ICU_027,Registered Nurse,Licensed,Core Staff,11.5,0.0,11.5,56.9,654.35
2026-01-11_U_INT_S08_DAY,2026-01-11,U_INT,S08_DAY,STF_INT_011,Certified Nursing Assistant,Unlicensed,Core Staff,7.5,0.0,7.5,30.26,226.95
2026-01-11_U_INT_S08_DAY,2026-01-11,U_INT,S08_DAY,STF_INT_043,Registered Nurse,Licensed,Overtime,7.5,0.0,7.5,50.86,381.45
2026-01-11_U_INT_S08_DAY,2026-01-11,U_INT,S08_DAY,STF_INT_042,Registered Nurse,Licensed,Overtime,7.5,0.0,7.5,53.6,402.0
2026-01-11_U_INT_S08_DAY,2026-01-11,U_INT,S08_DAY,STF_INT_029,Licensed Practical Nurse,Licensed,Core Staff,7.5,0.0,7.5,39.47,296.02
2026-01-11_U_INT_S08_DAY,2026-01-11,U_INT,S08_DAY,STF_INT_037,Certified Nursing Assistant,Unlicensed,Core Staff,7.5,0.0,7.5,32.79,245.92
2026-01-11_U_INT_S08_EVE,2026-01-11,U_INT,S08_EVE,STF_INT_010,Certified Nursing Assistant,Unlicensed,Core Staff,7.5,0.0,7.5,32.06,240.45
2026-01-11_U_INT_S08_EVE,2026-01-11,U_INT,S08_EVE,STF_INT_038,Registered Nurse,Licensed,Core Staff,7.5,0.0,7.5,58.62,439.65
2026-01-11_U_INT_S08_EVE,2026-01-11,U_INT,S08_EVE,STF_INT_019,Registered Nurse,Licensed,Core Staff,7.5,0.0,7.5,51.38,385.35
2026-01-11_U_INT_S08_EVE,2026-01-11,U_INT,S08_EVE,STF_INT_028,Registered Nurse,Licensed,Overtime,7.5,0.0,7.5,56.47,423.52
2026-01-11_U_INT_S08_EVE,2026-01-11,U_INT,S08_EVE,STF_INT_004,Registered Nurse,Licensed,Core Staff,7.5,0.0,7.5,51.74,388.05
2026-01-11_U_INT_S08_EVE,2026-01-11,U_INT,S08_EVE,STF_INT_049,Registered Nurse,Licensed,Agency/Traveler,7.5,0.0,7.5,58.19,436.42
2026-01-11_U_INT_S08_EVE,2026-01-11,U_INT,S08_EVE,STF_INT_007,Registered Nurse,Licensed,Core Staff,7.5,0.0,7.5,54.49,408.68
2026-01-11_U_INT_S08_NIGHT,2026-01-11,U_INT,S08_NIGHT,STF_INT_055,Registered Nurse,Licensed,Agency/Traveler,7.5,0.0,7.5,51.05,382.88
2026-01-11_U_INT_S08_NIGHT,2026-01-11,U_INT,S08_NIGHT,STF_INT_009,Certified Nursing Assistant,Unlicensed,Float Pool,7.5,0.0,7.5,30.64,229.8
2026-01-11_U_INT_S08_NIGHT,2026-01-11,U_INT,S08_NIGHT,STF_INT_062,Certified Nursing Assistant,Unlicensed,Overtime,7.5,0.0,7.5,30.77,230.78
2026-01-11_U_INT_S08_NIGHT,2026-01-11,U_INT,S08_NIGHT,STF_INT_008,Registered Nurse,Licensed,Agency/Traveler,7.5,0.0,7.5,48.81,366.08
2026-01-11_U_INT_S08_NIGHT,2026-01-11,U_INT,S08_NIGHT,STF_INT_013,Registered Nurse,Licensed,Core Staff,7.5,0.0,7.5,48.39,362.92
2026-01-11_U_INT_S08_NIGHT,2026-01-11,U_INT,S08_NIGHT,STF_INT_052,Licensed Practical Nurse,Licensed,Core Staff,7.5,0.0,7.5,43.06,322.95
2026-01-11_U_INT_S08_NIGHT,2026-01-11,U_INT,S08_NIGHT,STF_INT_046,Registered Nurse,Licensed,Overtime,7.5,0.0,7.5,54.82,411.15
2026-01-12_U_ICU_S12_DAY,2026-01-12,U_ICU,S12_DAY,STF_ICU_007,Registered Nurse,Licensed,Core Staff,11.5,0.0,11.5,57.14,657.11
2026-01-12_U_ICU_S12_DAY,2026-01-12,U_ICU,S12_DAY,STF_ICU_023,Registered Nurse,Licensed,Core Staff,11.5,0.0,11.5,50.45,580.18
2026-01-12_U_ICU_S12_DAY,2026-01-12,U_ICU,S12_DAY,STF_ICU_004,Registered Nurse,Licensed,Core Staff,9.5,2.0,11.5,48.92,562.58
2026-01-12_U_ICU_S12_DAY,2026-01-12,U_ICU,S12_DAY,STF_ICU_002,Registered Nurse,Licensed,Agency/Traveler,11.5,0.0,11.5,59.25,681.38
2026-01-12_U_ICU_S12_DAY,2026-01-12,U_ICU,S12_DAY,STF_ICU_019,Registered Nurse,Licensed,Core Staff,11.5,0.0,11.5,55.85,642.28
2026-01-12_U_ICU_S12_DAY,2026-01-12,U_ICU,S12_DAY,STF_ICU_031,Certified Nursing Assistant,Unlicensed,Core Staff,11.5,0.0,11.5,32.16,369.84
2026-01-12_U_ICU_S12_NIGHT,2026-01-12,U_ICU,S12_NIGHT,STF_ICU_021,Registered Nurse,Licensed,Core Staff,11.5,0.0,11.5,59.0,678.5
2026-01-12_U_ICU_S12_NIGHT,2026-01-12,U_ICU,S12_NIGHT,STF_ICU_032,Certified Nursing Assistant,Unlicensed,Core Staff,11.5,0.0,11.5,34.09,392.04
2026-01-12_U_ICU_S12_NIGHT,2026-01-12,U_ICU,S12_NIGHT,STF_ICU_035,Certified Nursing Assistant,Unlicensed,Agency/Traveler,11.5,0.0,11.5,34.89,401.24
2026-01-12_U_ICU_S12_NIGHT,2026-01-12,U_ICU,S12_NIGHT,STF_ICU_009,Registered Nurse,Licensed,Core Staff,11.5,0.0,11.5,53.14,611.11
2026-01-12_U_ICU_S12_NIGHT,2026-01-12,U_ICU,S12_NIGHT,STF_ICU_030,Registered Nurse,Licensed,Core Staff,11.5,0.0,11.5,49.76,572.24
2026-01-12_U_ICU_S12_NIGHT,2026-01-12,U_ICU,S12_NIGHT,STF_ICU_034,Certified Nursing Assistant,Unlicensed,Agency/Traveler,11.5,0.0,11.5,33.51,385.36
2026-01-12_U_ICU_S12_NIGHT,2026-01-12,U_ICU,S12_NIGHT,STF_ICU_033,Certified Nursing Assistant,Unlicensed,Core Staff,11.5,0.0,11.5,32.8,377.2
2026-01-12_U_INT_S08_DAY,2026-01-12,U_INT,S08_DAY,STF_INT_045,Registered Nurse,Licensed,Core Staff,7.5,0.0,7.5,53.04,397.8
2026-01-12_U_INT_S08_DAY,2026-01-12,U_INT,S08_DAY,STF_INT_007,Registered Nurse,Licensed,Core Staff,5.5,2.0,7.5,56.77,425.78
2026-01-12_U_INT_S08_DAY,2026-01-12,U_INT,S08_DAY,STF_INT_008,Registered Nurse,Licensed,Agency/Traveler,7.5,0.0,7.5,51.76,388.2
2026-01-12_U_INT_S08_DAY,2026-01-12,U_INT,S08_DAY,STF_INT_030,Licensed Practical Nurse,Licensed,Core Staff,7.5,0.0,7.5,44.63,334.72
2026-01-12_U_INT_S08_DAY,2026-01-12,U_INT,S08_DAY,STF_INT_060,Registered Nurse,Licensed,Agency/Traveler,7.5,0.0,7.5,48.08,360.6
2026-01-12_U_INT_S08_DAY,2026-01-12,U_INT,S08_DAY,STF_INT_051,Registered Nurse,Licensed,Core Staff,7.5,0.0,7.5,54.79,410.92
2026-01-12_U_INT_S08_DAY,2026-01-12,U_INT,S08_DAY,STF_INT_038,Registered Nurse,Licensed,Core Staff,7.5,0.0,7.5,54.16,406.2
2026-01-12_U_INT_S08_EVE,2026-01-12,U_INT,S08_EVE,STF_INT_033,Registered Nurse,Licensed,Core Staff,7.5,0.0,7.5,48.42,363.15
2026-01-12_U_INT_S08_EVE,2026-01-12,U_INT,S08_EVE,STF_INT_061,Registered Nurse,Licensed,Overtime,7.5,0.0,7.5,49.87,374.02
2026-01-12_U_INT_S08_EVE,2026-01-12,U_INT,S08_EVE,STF_INT_058,Registered Nurse,Licensed,Float Pool,7.5,0.0,7.5,57.53,431.48
2026-01-12_U_INT_S08_EVE,2026-01-12,U_INT,S08_EVE,STF_INT_008,Registered Nurse,Licensed,Agency/Traveler,7.5,0.0,7.5,58.39,437.92
2026-01-12_U_INT_S08_EVE,2026-01-12,U_INT,S08_EVE,STF_INT_063,Licensed Practical Nurse,Licensed,Core Staff,7.5,0.0,7.5,42.44,318.3
2026-01-12_U_INT_S08_EVE,2026-01-12,U_INT,S08_EVE,STF_INT_024,Licensed Practical Nurse,Licensed,Core Staff,7.5,0.0,7.5,41.91,314.32
2026-01-12_U_INT_S08_NIGHT,2026-01-12,U_INT,S08_NIGHT,STF_INT_041,Certified Nursing Assistant,Unlicensed,Float Pool,7.5,0.0,7.5,30.53,228.98
2026-01-12_U_INT_S08_NIGHT,2026-01-12,U_INT,S08_NIGHT,STF_INT_049,Registered Nurse,Licensed,Float Pool,7.5,0.0,7.5,53.12,398.4
2026-01-12_U_INT_S08_NIGHT,2026-01-12,U_INT,S08_NIGHT,STF_INT_018,Certified Nursing Assistant,Unlicensed,Core Staff,7.5,0.0,7.5,31.14,233.55
2026-01-12_U_INT_S08_NIGHT,2026-01-12,U_INT,S08_NIGHT,STF_INT_014,Registered Nurse,Licensed,Overtime,7.5,0.0,7.5,59.58,446.85
2026-01-12_U_INT_S08_NIGHT,2026-01-12,U_INT,S08_NIGHT,STF_INT_055,Registered Nurse,Licensed,Core Staff,7.5,0.0,7.5,54.92,411.9
2026-01-13_U_ICU_S12_DAY,2026-01-13,U_ICU,S12_DAY,STF_ICU_002,Registered Nurse,Licensed,Agency/Traveler,11.5,0.0,11.5,49.52,569.48
2026-01-13_U_ICU_S12_DAY,2026-01-13,U_ICU,S12_DAY,STF_ICU_010,Registered Nurse,Licensed,Core Staff,11.5,0.0,11.5,53.53,615.6
2026-01-13_U_ICU_S12_DAY,2026-01-13,U_ICU,S12_DAY,STF_ICU_025,Registered Nurse,Licensed,Core Staff,11.5,0.0,11.5,58.73,675.4
2026-01-13_U_ICU_S12_DAY,2026-01-13,U_ICU,S12_DAY,STF_ICU_035,Certified Nursing Assistant,Unlicensed,Agency/Traveler,11.5,0.0,11.5,31.87,366.5
2026-01-13_U_ICU_S12_DAY,2026-01-13,U_ICU,S12_DAY,STF_ICU_017,Registered Nurse,Licensed,Core Staff,11.5,0.0,11.5,48.16,553.84
2026-01-13_U_ICU_S12_DAY,2026-01-13,U_ICU,S12_DAY,STF_ICU_015,Registered Nurse,Licensed,Core Staff,11.5,0.0,11.5,49.78,572.47
2026-01-13_U_ICU_S12_DAY,2026-01-13,U_ICU,S12_DAY,STF_ICU_019,Registered Nurse,Licensed,Core Staff,11.5,0.0,11.5,58.73,675.4
2026-01-13_U_ICU_S12_NIGHT,2026-01-13,U_ICU,S12_NIGHT,STF_ICU_019,Registered Nurse,Licensed,Core Staff,11.5,0.0,11.5,54.0,621.0
2026-01-13_U_ICU_S12_NIGHT,2026-01-13,U_ICU,S12_NIGHT,STF_ICU_025,Registered Nurse,Licensed,Core Staff,11.5,0.0,11.5,50.24,577.76
2026-01-13_U_ICU_S12_NIGHT,2026-01-13,U_ICU,S12_NIGHT,STF_ICU_010,Registered Nurse,Licensed,Core Staff,9.5,2.0,11.5,53.32,613.18
2026-01-13_U_ICU_S12_NIGHT,2026-01-13,U_ICU,S12_NIGHT,STF_ICU_012,Registered Nurse,Licensed,Agency/Traveler,11.5,0.0,11.5,50.35,579.02
2026-01-13_U_ICU_S12_NIGHT,2026-01-13,U_ICU,S12_NIGHT,STF_ICU_034,Certified Nursing Assistant,Unlicensed,Agency/Traveler,11.5,0.0,11.5,36.26,416.99
2026-01-13_U_ICU_S12_NIGHT,2026-01-13,U_ICU,S12_NIGHT,STF_ICU_005,Registered Nurse,Licensed,Core Staff,11.5,0.0,11.5,55.03,632.84
2026-01-13_U_ICU_S12_NIGHT,2026-01-13,U_ICU,S12_NIGHT,STF_ICU_009,Registered Nurse,Licensed,Core Staff,11.5,0.0,11.5,48.68,559.82
2026-01-13_U_ICU_S12_NIGHT,2026-01-13,U_ICU,S12_NIGHT,STF_ICU_027,Registered Nurse,Licensed,Core Staff,11.5,0.0,11.5,54.53,627.1
2026-01-13_U_ICU_S12_NIGHT,2026-01-13,U_ICU,S12_NIGHT,STF_ICU_028,Registered Nurse,Licensed,Core Staff,11.5,0.0,11.5,57.84,665.16
2026-01-13_U_INT_S08_DAY,2026-01-13,U_INT,S08_DAY,STF_INT_038,Registered Nurse,Licensed,Core Staff,7.5,0.0,7.5,48.46,363.45
2026-01-13_U_INT_S08_DAY,2026-01-13,U_INT,S08_DAY,STF_INT_008,Registered Nurse,Licensed,Agency/Traveler,7.5,0.0,7.5,50.58,379.35
2026-01-13_U_INT_S08_DAY,2026-01-13,U_INT,S08_DAY,STF_INT_040,Certified Nursing Assistant,Unlicensed,Float Pool,7.5,0.0,7.5,35.67,267.53
2026-01-13_U_INT_S08_DAY,2026-01-13,U_INT,S08_DAY,STF_INT_059,Registered Nurse,Licensed,Core Staff,7.5,0.0,7.5,57.64,432.3
2026-01-13_U_INT_S08_DAY,2026-01-13,U_INT,S08_DAY,STF_INT_036,Registered Nurse,Licensed,Agency/Traveler,7.5,0.0,7.5,55.11,413.32
2026-01-13_U_INT_S08_DAY,2026-01-13,U_INT,S08_DAY,STF_INT_058,Registered Nurse,Licensed,Float Pool,7.5,0.0,7.5,58.55,439.12
2026-01-13_U_INT_S08_DAY,2026-01-13,U_INT,S08_DAY,STF_INT_005,Certified Nursing Assistant,Unlicensed,Core Staff,7.5,0.0,7.5,35.65,267.38
2026-01-13_U_INT_S08_DAY,2026-01-13,U_INT,S08_DAY,STF_INT_031,Registered Nurse,Licensed,Core Staff,7.5,0.0,7.5,54.28,407.1
2026-01-13_U_INT_S08_DAY,2026-01-13,U_INT,S08_DAY,STF_INT_012,Registered Nurse,Licensed,Core Staff,7.5,0.0,7.5,54.03,405.22
2026-01-13_U_INT_S08_EVE,2026-01-13,U_INT,S08_EVE,STF_INT_025,Registered Nurse,Licensed,Core Staff,7.5,0.0,7.5,54.52,408.9
2026-01-13_U_INT_S08_EVE,2026-01-13,U_INT,S08_EVE,STF_INT_047,Certified Nursing Assistant,Unlicensed,Core Staff,7.5,0.0,7.5,34.06,255.45
2026-01-13_U_INT_S08_EVE,2026-01-13,U_INT,S08_EVE,STF_INT_061,Registered Nurse,Licensed,Core Staff,5.5,2.0,7.5,56.91,426.82
2026-01-13_U_INT_S08_EVE,2026-01-13,U_INT,S08_EVE,STF_INT_041,Certified Nursing Assistant,Unlicensed,Overtime,7.5,0.0,7.5,33.89,254.18
2026-01-13_U_INT_S08_EVE,2026-01-13,U_INT,S08_EVE,STF_INT_058,Registered Nurse,Licensed,Float Pool,7.5,0.0,7.5,59.43,445.72
2026-01-13_U_INT_S08_EVE,2026-01-13,U_INT,S08_EVE,STF_INT_005,Certified Nursing Assistant,Unlicensed,Core Staff,7.5,0.0,7.5,31.76,238.2
2026-01-13_U_INT_S08_EVE,2026-01-13,U_INT,S08_EVE,STF_INT_043,Registered Nurse,Licensed,Overtime,7.5,0.0,7.5,48.09,360.68
2026-01-13_U_INT_S08_NIGHT,2026-01-13,U_INT,S08_NIGHT,STF_INT_001,Certified Nursing Assistant,Unlicensed,Core Staff,7.5,0.0,7.5,33.18,248.85
2026-01-13_U_INT_S08_NIGHT,2026-01-13,U_INT,S08_NIGHT,STF_INT_031,Registered Nurse,Licensed,Core Staff,7.5,0.0,7.5,55.35,415.12
2026-01-13_U_INT_S08_NIGHT,2026-01-13,U_INT,S08_NIGHT,STF_INT_034,Licensed Practical Nurse,Licensed,Agency/Traveler,7.5,0.0,7.5,41.17,308.78
2026-01-13_U_INT_S08_NIGHT,2026-01-13,U_INT,S08_NIGHT,STF_INT_030,Licensed Practical Nurse,Licensed,Core Staff,7.5,0.0,7.5,41.99,314.92
2026-01-13_U_INT_S08_NIGHT,2026-01-13,U_INT,S08_NIGHT,STF_INT_022,Registered Nurse,Licensed,Core Staff,7.5,0.0,7.5,57.65,432.38
2026-01-13_U_INT_S08_NIGHT,2026-01-13,U_INT,S08_NIGHT,STF_INT_055,Registered Nurse,Licensed,Float Pool,7.5,0.0,7.5,58.68,440.1
2026-01-13_U_INT_S08_NIGHT,2026-01-13,U_INT,S08_NIGHT,STF_INT_063,Licensed Practical Nurse,Licensed,Core Staff,7.5,0.0,7.5,42.37,317.77
2026-01-13_U_INT_S08_NIGHT,2026-01-13,U_INT,S08_NIGHT,STF_INT_011,Certified Nursing Assistant,Unlicensed,Core Staff,7.5,0.0,7.5,34.02,255.15
2026-01-14_U_ICU_S12_DAY,2026-01-14,U_ICU,S12_DAY,STF_ICU_016,Registered Nurse,Licensed,Core Staff,11.5,0.0,11.5,54.16,622.84
2026-01-14_U_ICU_S12_DAY,2026-01-14,U_ICU,S12_DAY,STF_ICU_005,Registered Nurse,Licensed,Core Staff,11.5,0.0,11.5,51.81,595.82
2026-01-14_U_ICU_S12_DAY,2026-01-14,U_ICU,S12_DAY,STF_ICU_032,Certified Nursing Assistant,Unlicensed,Core Staff,11.5,0.0,11.5,30.4,349.6
2026-01-14_U_ICU_S12_DAY,2026-01-14,U_ICU,S12_DAY,STF_ICU_028,Registered Nurse,Licensed,Core Staff,11.5,0.0,11.5,51.83,596.04
2026-01-14_U_ICU_S12_DAY,2026-01-14,U_ICU,S12_DAY,STF_ICU_030,Registered Nurse,Licensed,Core Staff,11.5,0.0,11.5,50.91,585.46
2026-01-14_U_ICU_S12_DAY,2026-01-14,U_ICU,S12_DAY,STF_ICU_022,Registered Nurse,Licensed,Core Staff,11.5,0.0,11.5,49.26,566.49
2026-01-14_U_ICU_S12_NIGHT,2026-01-14,U_ICU,S12_NIGHT,STF_ICU_032,Certified Nursing Assistant,Unlicensed,Core Staff,11.5,0.0,11.5,31.15,358.22
2026-01-14_U_ICU_S12_NIGHT,2026-01-14,U_ICU,S12_NIGHT,STF_ICU_021,Registered Nurse,Licensed,Core Staff,11.5,0.0,11.5,56.58,650.67
2026-01-14_U_ICU_S12_NIGHT,2026-01-14,U_ICU,S12_NIGHT,STF_ICU_004,Registered Nurse,Licensed,Overtime,11.5,0.0,11.5,57.74,664.01
2026-01-14_U_ICU_S12_NIGHT,2026-01-14,U_ICU,S12_NIGHT,STF_ICU_020,Registered Nurse,Licensed,Core Staff,9.5,2.0,11.5,56.03,644.34
2026-01-14_U_ICU_S12_NIGHT,2026-01-14,U_ICU,S12_NIGHT,STF_ICU_006,Registered Nurse,Licensed,Core Staff,11.5,0.0,11.5,48.24,554.76
2026-01-14_U_ICU_S12_NIGHT,2026-01-14,U_ICU,S12_NIGHT,STF_ICU_029,Registered Nurse,Licensed,Core Staff,11.5,0.0,11.5,53.5,615.25
2026-01-14_U_ICU_S12_NIGHT,2026-01-14,U_ICU,S12_NIGHT,STF_ICU_005,Registered Nurse,Licensed,Core Staff,11.5,0.0,11.5,56.15,645.72
2026-01-14_U_INT_S08_DAY,2026-01-14,U_INT,S08_DAY,STF_INT_032,Registered Nurse,Licensed,Core Staff,7.5,0.0,7.5,51.8,388.5
2026-01-14_U_INT_S08_DAY,2026-01-14,U_INT,S08_DAY,STF_INT_038,Registered Nurse,Licensed,Core Staff,7.5,0.0,7.5,51.63,387.22
2026-01-14_U_INT_S08_DAY,2026-01-14,U_INT,S08_DAY,STF_INT_027,Licensed Practical Nurse,Licensed,Overtime,7.5,0.0,7.5,46.14,346.05
2026-01-14_U_INT_S08_DAY,2026-01-14,U_INT,S08_DAY,STF_INT_060,Registered Nurse,Licensed,Agency/Traveler,7.5,0.0,7.5,56.28,422.1
2026-01-14_U_INT_S08_DAY,2026-01-14,U_INT,S08_DAY,STF_INT_008,Registered Nurse,Licensed,Agency/Traveler,7.5,0.0,7.5,51.98,389.85
2026-01-14_U_INT_S08_DAY,2026-01-14,U_INT,S08_DAY,STF_INT_036,Registered Nurse,Licensed,Core Staff,7.5,0.0,7.5,54.13,405.98
2026-01-14_U_INT_S08_DAY,2026-01-14,U_INT,S08_DAY,STF_INT_050,Registered Nurse,Licensed,Float Pool,7.5,0.0,7.5,57.63,432.22
2026-01-14_U_INT_S08_DAY,2026-01-14,U_INT,S08_DAY,STF_INT_047,Certified Nursing Assistant,Unlicensed,Core Staff,7.5,0.0,7.5,30.89,231.68
2026-01-14_U_INT_S08_EVE,2026-01-14,U_INT,S08_EVE,STF_INT_010,Certified Nursing Assistant,Unlicensed,Core Staff,7.5,0.0,7.5,33.08,248.1
2026-01-14_U_INT_S08_EVE,2026-01-14,U_INT,S08_EVE,STF_INT_025,Registered Nurse,Licensed,Core Staff,7.5,0.0,7.5,54.36,407.7
2026-01-14_U_INT_S08_EVE,2026-01-14,U_INT,S08_EVE,STF_INT_029,Licensed Practical Nurse,Licensed,Core Staff,7.5,0.0,7.5,41.9,314.25
2026-01-14_U_INT_S08_EVE,2026-01-14,U_INT,S08_EVE,STF_INT_057,Registered Nurse,Licensed,Core Staff,7.5,0.0,7.5,58.24,436.8
2026-01-14_U_INT_S08_EVE,2026-01-14,U_INT,S08_EVE,STF_INT_019,Registered Nurse,Licensed,Core Staff,7.5,0.0,7.5,51.32,384.9
2026-01-14_U_INT_S08_EVE,2026-01-14,U_INT,S08_EVE,STF_INT_020,Certified Nursing Assistant,Unlicensed,Overtime,7.5,0.0,7.5,34.3,257.25
2026-01-14_U_INT_S08_EVE,2026-01-14,U_INT,S08_EVE,STF_INT_030,Licensed Practical Nurse,Licensed,Core Staff,7.5,0.0,7.5,40.96,307.2
2026-01-14_U_INT_S08_EVE,2026-01-14,U_INT,S08_EVE,STF_INT_047,Certified Nursing Assistant,Unlicensed,Core Staff,7.5,0.0,7.5,31.69,237.68
2026-01-14_U_INT_S08_NIGHT,2026-01-14,U_INT,S08_NIGHT,STF_INT_060,Registered Nurse,Licensed,Agency/Traveler,7.5,0.0,7.5,48.08,360.6
2026-01-14_U_INT_S08_NIGHT,2026-01-14,U_INT,S08_NIGHT,STF_INT_031,Registered Nurse,Licensed,Core Staff,7.5,0.0,7.5,57.83,433.72
2026-01-14_U_INT_S08_NIGHT,2026-01-14,U_INT,S08_NIGHT,STF_INT_040,Certified Nursing Assistant,Unlicensed,Core Staff,7.5,0.0,7.5,35.38,265.35
2026-01-14_U_INT_S08_NIGHT,2026-01-14,U_INT,S08_NIGHT,STF_INT_035,Registered Nurse,Licensed,Float Pool,5.5,2.0,7.5,50.89,381.68
2026-01-14_U_INT_S08_NIGHT,2026-01-14,U_INT,S08_NIGHT,STF_INT_012,Registered Nurse,Licensed,Agency/Traveler,7.5,0.0,7.5,53.14,398.55
2026-01-14_U_INT_S08_NIGHT,2026-01-14,U_INT,S08_NIGHT,STF_INT_009,Certified Nursing Assistant,Unlicensed,Agency/Traveler,7.5,0.0,7.5,32.36,242.7
2026-01-14_U_INT_S08_NIGHT,2026-01-14,U_INT,S08_NIGHT,STF_INT_014,Registered Nurse,Licensed,Overtime,7.5,0.0,7.5,57.69,432.67
2026-01-15_U_ICU_S12_DAY,2026-01-15,U_ICU,S12_DAY,STF_ICU_014,Registered Nurse,Licensed,Core Staff,11.5,0.0,11.5,56.41,648.71
2026-01-15_U_ICU_S12_DAY,2026-01-15,U_ICU,S12_DAY,STF_ICU_035,Certified Nursing Assistant,Unlicensed,Agency/Traveler,11.5,0.0,11.5,32.91,378.46
2026-01-15_U_ICU_S12_DAY,2026-01-15,U_ICU,S12_DAY,STF_ICU_030,Registered Nurse,Licensed,Core Staff,11.5,0.0,11.5,52.93,608.7
2026-01-15_U_ICU_S12_DAY,2026-01-15,U_ICU,S12_DAY,STF_ICU_032,Certified Nursing Assistant,Unlicensed,Core Staff,11.5,0.0,11.5,30.77,353.86
2026-01-15_U_ICU_S12_DAY,2026-01-15,U_ICU,S12_DAY,STF_ICU_013,Registered Nurse,Licensed,Overtime,11.5,0.0,11.5,50.65,582.48
2026-01-15_U_ICU_S12_DAY,2026-01-15,U_ICU,S12_DAY,STF_ICU_002,Registered Nurse,Licensed,Agency/Traveler,11.5,0.0,11.5,50.52,580.98
2026-01-15_U_ICU_S12_DAY,2026-01-15,U_ICU,S12_DAY,STF_ICU_017,Registered Nurse,Licensed,Core Staff,11.5,0.0,11.5,56.82,653.43
2026-01-15_U_ICU_S12_DAY,2026-01-15,U_ICU,S12_DAY,STF_ICU_026,Registered Nurse,Licensed,Overtime,11.5,0.0,11.5,49.39,567.98
2026-01-15_U_ICU_S12_NIGHT,2026-01-15,U_ICU,S12_NIGHT,STF_ICU_012,Registered Nurse,Licensed,Agency/Traveler,11.5,0.0,11.5,50.45,580.18
2026-01-15_U_ICU_S12_NIGHT,2026-01-15,U_ICU,S12_NIGHT,STF_ICU_019,Registered Nurse,Licensed,Core Staff,11.5,0.0,11.5,50.16,576.84
2026-01-15_U_ICU_S12_NIGHT,2026-01-15,U_ICU,S12_NIGHT,STF_ICU_015,Registered Nurse,Licensed,Core Staff,11.5,0.0,11.5,52.12,599.38
2026-01-15_U_ICU_S12_NIGHT,2026-01-15,U_ICU,S12_NIGHT,STF_ICU_013,Registered Nurse,Licensed,Agency/Traveler,11.5,0.0,11.5,54.91,631.46
2026-01-15_U_ICU_S12_NIGHT,2026-01-15,U_ICU,S12_NIGHT,STF_ICU_022,Registered Nurse,Licensed,Core Staff,11.5,0.0,11.5,52.32,601.68
2026-01-15_U_ICU_S12_NIGHT,2026-01-15,U_ICU,S12_NIGHT,STF_ICU_020,Registered Nurse,Licensed,Core Staff,11.5,0.0,11.5,54.55,627.32
2026-01-15_U_ICU_S12_NIGHT,2026-01-15,U_ICU,S12_NIGHT,STF_ICU_008,Registered Nurse,Licensed,Float Pool,11.5,0.0,11.5,50.78,583.97
2026-01-15_U_ICU_S12_NIGHT,2026-01-15,U_ICU,S12_NIGHT,STF_ICU_016,Registered Nurse,Licensed,Core Staff,11.5,0.0,11.5,50.95,585.93
2026-01-15_U_INT_S08_DAY,2026-01-15,U_INT,S08_DAY,STF_INT_058,Registered Nurse,Licensed,Float Pool,7.5,0.0,7.5,53.57,401.78
2026-01-15_U_INT_S08_DAY,2026-01-15,U_INT,S08_DAY,STF_INT_034,Licensed Practical Nurse,Licensed,Core Staff,7.5,0.0,7.5,42.56,319.2
2026-01-15_U_INT_S08_DAY,2026-01-15,U_INT,S08_DAY,STF_INT_052,Licensed Practical Nurse,Licensed,Core Staff,7.5,0.0,7.5,40.08,300.6
2026-01-15_U_INT_S08_DAY,2026-01-15,U_INT,S08_DAY,STF_INT_030,Licensed Practical Nurse,Licensed,Core Staff,7.5,0.0,7.5,43.67,327.53
2026-01-15_U_INT_S08_DAY,2026-01-15,U_INT,S08_DAY,STF_INT_035,Registered Nurse,Licensed,Agency/Traveler,7.5,0.0,7.5,49.27,369.52
2026-01-15_U_INT_S08_DAY,2026-01-15,U_INT,S08_DAY,STF_INT_023,Registered Nurse,Licensed,Overtime,7.5,0.0,7.5,55.36,415.2
2026-01-15_U_INT_S08_DAY,2026-01-15,U_INT,S08_DAY,STF_INT_024,Licensed Practical Nurse,Licensed,Core Staff,7.5,0.0,7.5,40.85,306.38
2026-01-15_U_INT_S08_DAY,2026-01-15,U_INT,S08_DAY,STF_INT_048,Registered Nurse,Licensed,Core Staff,7.5,0.0,7.5,55.42,415.65
2026-01-15_U_INT_S08_EVE,2026-01-15,U_INT,S08_EVE,STF_INT_050,Registered Nurse,Licensed,Float Pool,7.5,0.0,7.5,50.31,377.33
2026-01-15_U_INT_S08_EVE,2026-01-15,U_INT,S08_EVE,STF_INT_028,Registered Nurse,Licensed,Core Staff,7.5,0.0,7.5,57.86,433.95
2026-01-15_U_INT_S08_EVE,2026-01-15,U_INT,S08_EVE,STF_INT_004,Registered Nurse,Licensed,Core Staff,7.5,0.0,7.5,57.74,433.05
2026-01-15_U_INT_S08_EVE,2026-01-15,U_INT,S08_EVE,STF_INT_025,Registered Nurse,Licensed,Float Pool,7.5,0.0,7.5,50.0,375.0
2026-01-15_U_INT_S08_EVE,2026-01-15,U_INT,S08_EVE,STF_INT_029,Licensed Practical Nurse,Licensed,Core Staff,7.5,0.0,7.5,43.86,328.95
2026-01-15_U_INT_S08_EVE,2026-01-15,U_INT,S08_EVE,STF_INT_052,Licensed Practical Nurse,Licensed,Core Staff,7.5,0.0,7.5,44.91,336.82
2026-01-15_U_INT_S08_EVE,2026-01-15,U_INT,S08_EVE,STF_INT_041,Certified Nursing Assistant,Unlicensed,Overtime,7.5,0.0,7.5,34.95,262.12
2026-01-15_U_INT_S08_EVE,2026-01-15,U_INT,S08_EVE,STF_INT_064,Licensed Practical Nurse,Licensed,Core Staff,7.5,0.0,7.5,39.82,298.65
2026-01-15_U_INT_S08_EVE,2026-01-15,U_INT,S08_EVE,STF_INT_043,Registered Nurse,Licensed,Overtime,7.5,0.0,7.5,55.23,414.22
2026-01-15_U_INT_S08_NIGHT,2026-01-15,U_INT,S08_NIGHT,STF_INT_013,Registered Nurse,Licensed,Core Staff,7.5,0.0,7.5,50.78,380.85
2026-01-15_U_INT_S08_NIGHT,2026-01-15,U_INT,S08_NIGHT,STF_INT_036,Registered Nurse,Licensed,Core Staff,7.5,0.0,7.5,58.42,438.15
2026-01-15_U_INT_S08_NIGHT,2026-01-15,U_INT,S08_NIGHT,STF_INT_046,Registered Nurse,Licensed,Overtime,7.5,0.0,7.5,51.42,385.65
2026-01-15_U_INT_S08_NIGHT,2026-01-15,U_INT,S08_NIGHT,STF_INT_041,Certified Nursing Assistant,Unlicensed,Overtime,7.5,0.0,7.5,35.51,266.32
2026-01-15_U_INT_S08_NIGHT,2026-01-15,U_INT,S08_NIGHT,STF_INT_019,Registered Nurse,Licensed,Core Staff,7.5,0.0,7.5,50.42,378.15
2026-01-15_U_INT_S08_NIGHT,2026-01-15,U_INT,S08_NIGHT,STF_INT_037,Certified Nursing Assistant,Unlicensed,Core Staff,7.5,0.0,7.5,31.1,233.25
2026-01-15_U_INT_S08_NIGHT,2026-01-15,U_INT,S08_NIGHT,STF_INT_059,Registered Nurse,Licensed,Core Staff,7.5,0.0,7.5,49.36,370.2
2026-01-15_U_INT_S08_NIGHT,2026-01-15,U_INT,S08_NIGHT,STF_INT_057,Registered Nurse,Licensed,Core Staff,7.5,0.0,7.5,49.98,374.85
2026-01-16_U_ICU_S12_DAY,2026-01-16,U_ICU,S12_DAY,STF_ICU_001,Registered Nurse,Licensed,Core Staff,11.5,0.0,11.5,50.51,580.86
2026-01-16_U_ICU_S12_DAY,2026-01-16,U_ICU,S12_DAY,STF_ICU_020,Registered Nurse,Licensed,Core Staff,11.5,0.0,11.5,59.95,689.42
2026-01-16_U_ICU_S12_DAY,2026-01-16,U_ICU,S12_DAY,STF_ICU_006,Registered Nurse,Licensed,Core Staff,11.5,0.0,11.5,53.31,613.07
2026-01-16_U_ICU_S12_DAY,2026-01-16,U_ICU,S12_DAY,STF_ICU_021,Registered Nurse,Licensed,Core Staff,11.5,0.0,11.5,59.43,683.44
2026-01-16_U_ICU_S12_NIGHT,2026-01-16,U_ICU,S12_NIGHT,STF_ICU_019,Registered Nurse,Licensed,Overtime,11.5,0.0,11.5,52.86,607.89
2026-01-16_U_ICU_S12_NIGHT,2026-01-16,U_ICU,S12_NIGHT,STF_ICU_025,Registered Nurse,Licensed,Core Staff,11.5,0.0,11.5,55.68,640.32
2026-01-16_U_ICU_S12_NIGHT,2026-01-16,U_ICU,S12_NIGHT,STF_ICU_020,Registered Nurse,Licensed,Core Staff,11.5,0.0,11.5,54.51,626.86
2026-01-16_U_ICU_S12_NIGHT,2026-01-16,U_ICU,S12_NIGHT,STF_ICU_030,Registered Nurse,Licensed,Core Staff,11.5,0.0,11.5,55.12,633.88
2026-01-16_U_ICU_S12_NIGHT,2026-01-16,U_ICU,S12_NIGHT,STF_ICU_018,Registered Nurse,Licensed,Core Staff,11.5,0.0,11.5,50.91,585.46
2026-01-16_U_ICU_S12_NIGHT,2026-01-16,U_ICU,S12_NIGHT,STF_ICU_026,Registered Nurse,Licensed,Overtime,11.5,0.0,11.5,50.76,583.74
2026-01-16_U_ICU_S12_NIGHT,2026-01-16,U_ICU,S12_NIGHT,STF_ICU_024,Registered Nurse,Licensed,Core Staff,11.5,0.0,11.5,55.96,643.54
2026-01-16_U_INT_S08_DAY,2026-01-16,U_INT,S08_DAY,STF_INT_006,Licensed Practical Nurse,Licensed,Agency/Traveler,7.5,0.0,7.5,46.93,351.98
2026-01-16_U_INT_S08_DAY,2026-01-16,U_INT,S08_DAY,STF_INT_032,Registered Nurse,Licensed,Core Staff,7.5,0.0,7.5,53.82,403.65
2026-01-16_U_INT_S08_DAY,2026-01-16,U_INT,S08_DAY,STF_INT_001,Certified Nursing Assistant,Unlicensed,Core Staff,7.5,0.0,7.5,35.79,268.42
2026-01-16_U_INT_S08_DAY,2026-01-16,U_INT,S08_DAY,STF_INT_007,Registered Nurse,Licensed,Core Staff,7.5,0.0,7.5,59.8,448.5
2026-01-16_U_INT_S08_DAY,2026-01-16,U_INT,S08_DAY,STF_INT_008,Registered Nurse,Licensed,Agency/Traveler,7.5,0.0,7.5,56.65,424.88
2026-01-16_U_INT_S08_DAY,2026-01-16,U_INT,S08_DAY,STF_INT_019,Registered Nurse,Licensed,Core Staff,7.5,0.0,7.5,48.47,363.52
2026-01-16_U_INT_S08_DAY,2026-01-16,U_INT,S08_DAY,STF_INT_054,Registered Nurse,Licensed,Core Staff,5.5,2.0,7.5,49.61,372.08
2026-01-16_U_INT_S08_DAY,2026-01-16,U_INT,S08_DAY,STF_INT_009,Certified Nursing Assistant,Unlicensed,Float Pool,7.5,0.0,7.5,33.94,254.55
2026-01-16_U_INT_S08_DAY,2026-01-16,U_INT,S08_DAY,STF_INT_010,Certified Nursing Assistant,Unlicensed,Core Staff,7.5,0.0,7.5,30.18,226.35
2026-01-16_U_INT_S08_EVE,2026-01-16,U_INT,S08_EVE,STF_INT_012,Registered Nurse,Licensed,Core Staff,7.5,0.0,7.5,55.34,415.05
2026-01-16_U_INT_S08_EVE,2026-01-16,U_INT,S08_EVE,STF_INT_022,Registered Nurse,Licensed,Core Staff,7.5,0.0,7.5,50.05,375.38
2026-01-16_U_INT_S08_EVE,2026-01-16,U_INT,S08_EVE,STF_INT_028,Registered Nurse,Licensed,Core Staff,7.5,0.0,7.5,53.18,398.85
2026-01-16_U_INT_S08_EVE,2026-01-16,U_INT,S08_EVE,STF_INT_064,Licensed Practical Nurse,Licensed,Core Staff,7.5,0.0,7.5,42.6,319.5
2026-01-16_U_INT_S08_EVE,2026-01-16,U_INT,S08_EVE,STF_INT_053,Certified Nursing Assistant,Unlicensed,Agency/Traveler,7.5,0.0,7.5,33.75,253.12
2026-01-16_U_INT_S08_EVE,2026-01-16,U_INT,S08_EVE,STF_INT_010,Certified Nursing Assistant,Unlicensed,Core Staff,7.5,0.0,7.5,35.26,264.45
2026-01-16_U_INT_S08_EVE,2026-01-16,U_INT,S08_EVE,STF_INT_061,Registered Nurse,Licensed,Core Staff,7.5,0.0,7.5,54.05,405.38
2026-01-16_U_INT_S08_EVE,2026-01-16,U_INT,S08_EVE,STF_INT_011,Certified Nursing Assistant,Unlicensed,Core Staff,7.5,0.0,7.5,30.06,225.45
2026-01-16_U_INT_S08_NIGHT,2026-01-16,U_INT,S08_NIGHT,STF_INT_013,Registered Nurse,Licensed,Core Staff,7.5,0.0,7.5,56.25,421.88
2026-01-16_U_INT_S08_NIGHT,2026-01-16,U_INT,S08_NIGHT,STF_INT_042,Registered Nurse,Licensed,Overtime,7.5,0.0,7.5,51.72,387.9
2026-01-16_U_INT_S08_NIGHT,2026-01-16,U_INT,S08_NIGHT,STF_INT_064,Licensed Practical Nurse,Licensed,Core Staff,7.5,0.0,7.5,44.43,333.22
2026-01-16_U_INT_S08_NIGHT,2026-01-16,U_INT,S08_NIGHT,STF_INT_054,Registered Nurse,Licensed,Overtime,7.5,0.0,7.5,52.17,391.28
2026-01-16_U_INT_S08_NIGHT,2026-01-16,U_INT,S08_NIGHT,STF_INT_061,Registered Nurse,Licensed,Core Staff,7.5,0.0,7.5,49.51,371.32
2026-01-16_U_INT_S08_NIGHT,2026-01-16,U_INT,S08_NIGHT,STF_INT_026,Registered Nurse,Licensed,Core Staff,7.5,0.0,7.5,50.56,379.2
2026-01-16_U_INT_S08_NIGHT,2026-01-16,U_INT,S08_NIGHT,STF_INT_044,Certified Nursing Assistant,Unlicensed,Core Staff,7.5,0.0,7.5,34.58,259.35
2026-01-17_U_ICU_S12_DAY,2026-01-17,U_ICU,S12_DAY,STF_ICU_018,Registered Nurse,Licensed,Core Staff,11.5,0.0,11.5,49.88,573.62
2026-01-17_U_ICU_S12_DAY,2026-01-17,U_ICU,S12_DAY,STF_ICU_015,Registered Nurse,Licensed,Core Staff,11.5,0.0,11.5,51.3,589.95
2026-01-17_U_ICU_S12_DAY,2026-01-17,U_ICU,S12_DAY,STF_ICU_012,Registered Nurse,Licensed,Agency/Traveler,11.5,0.0,11.5,54.95,631.93
2026-01-17_U_ICU_S12_DAY,2026-01-17,U_ICU,S12_DAY,STF_ICU_031,Certified Nursing Assistant,Unlicensed,Core Staff,11.5,0.0,11.5,33.7,387.55
2026-01-17_U_ICU_S12_DAY,2026-01-17,U_ICU,S12_DAY,STF_ICU_001,Registered Nurse,Licensed,Core Staff,11.5,0.0,11.5,48.61,559.02
2026-01-17_U_ICU_S12_DAY,2026-01-17,U_ICU,S12_DAY,STF_ICU_021,Registered Nurse,Licensed,Core Staff,11.5,0.0,11.5,51.72,594.78
2026-01-17_U_ICU_S12_NIGHT,2026-01-17,U_ICU,S12_NIGHT,STF_ICU_004,Registered Nurse,Licensed,Core Staff,11.5,0.0,11.5,49.96,574.54
2026-01-17_U_ICU_S12_NIGHT,2026-01-17,U_ICU,S12_NIGHT,STF_ICU_018,Registered Nurse,Licensed,Core Staff,11.5,0.0,11.5,58.53,673.1
2026-01-17_U_ICU_S12_NIGHT,2026-01-17,U_ICU,S12_NIGHT,STF_ICU_030,Registered Nurse,Licensed,Core Staff,11.5,0.0,11.5,49.28,566.72
2026-01-17_U_ICU_S12_NIGHT,2026-01-17,U_ICU,S12_NIGHT,STF_ICU_013,Registered Nurse,Licensed,Overtime,11.5,0.0,11.5,57.94,666.31
2026-01-17_U_ICU_S12_NIGHT,2026-01-17,U_ICU,S12_NIGHT,STF_ICU_012,Registered Nurse,Licensed,Float Pool,11.5,0.0,11.5,55.46,637.79
2026-01-17_U_ICU_S12_NIGHT,2026-01-17,U_ICU,S12_NIGHT,STF_ICU_003,Registered Nurse,Licensed,Core Staff,11.5,0.0,11.5,58.79,676.08
2026-01-17_U_INT_S08_DAY,2026-01-17,U_INT,S08_DAY,STF_INT_059,Registered Nurse,Licensed,Core Staff,7.5,0.0,7.5,52.22,391.65
2026-01-17_U_INT_S08_DAY,2026-01-17,U_INT,S08_DAY,STF_INT_037,Certified Nursing Assistant,Unlicensed,Core Staff,7.5,0.0,7.5,34.37,257.77
2026-01-17_U_INT_S08_DAY,2026-01-17,U_INT,S08_DAY,STF_INT_024,Licensed Practical Nurse,Licensed,Core Staff,7.5,0.0,7.5,40.42,303.15
2026-01-17_U_INT_S08_DAY,2026-01-17,U_INT,S08_DAY,STF_INT_029,Licensed Practical Nurse,Licensed,Core Staff,7.5,0.0,7.5,38.24,286.8
2026-01-17_U_INT_S08_DAY,2026-01-17,U_INT,S08_DAY,STF_INT_040,Certified Nursing Assistant,Unlicensed,Core Staff,7.5,0.0,7.5,33.34,250.05
2026-01-17_U_INT_S08_DAY,2026-01-17,U_INT,S08_DAY,STF_INT_022,Registered Nurse,Licensed,Core Staff,7.5,0.0,7.5,54.32,407.4
2026-01-17_U_INT_S08_DAY,2026-01-17,U_INT,S08_DAY,STF_INT_061,Registered Nurse,Licensed,Core Staff,7.5,0.0,7.5,57.04,427.8
2026-01-17_U_INT_S08_DAY,2026-01-17,U_INT,S08_DAY,STF_INT_023,Registered Nurse,Licensed,Overtime,7.5,0.0,7.5,50.27,377.02
2026-01-17_U_INT_S08_EVE,2026-01-17,U_INT,S08_EVE,STF_INT_052,Licensed Practical Nurse,Licensed,Core Staff,7.5,0.0,7.5,39.37,295.27
2026-01-17_U_INT_S08_EVE,2026-01-17,U_INT,S08_EVE,STF_INT_022,Registered Nurse,Licensed,Core Staff,7.5,0.0,7.5,58.94,442.05
2026-01-17_U_INT_S08_EVE,2026-01-17,U_INT,S08_EVE,STF_INT_061,Registered Nurse,Licensed,Core Staff,7.5,0.0,7.5,50.79,380.92
2026-01-17_U_INT_S08_EVE,2026-01-17,U_INT,S08_EVE,STF_INT_060,Registered Nurse,Licensed,Agency/Traveler,7.5,0.0,7.5,55.12,413.4
2026-01-17_U_INT_S08_EVE,2026-01-17,U_INT,S08_EVE,STF_INT_014,Registered Nurse,Licensed,Overtime,7.5,0.0,7.5,53.38,400.35
2026-01-17_U_INT_S08_EVE,2026-01-17,U_INT,S08_EVE,STF_INT_045,Registered Nurse,Licensed,Core Staff,7.5,0.0,7.5,51.51,386.32
2026-01-17_U_INT_S08_EVE,2026-01-17,U_INT,S08_EVE,STF_INT_019,Registered Nurse,Licensed,Core Staff,7.5,0.0,7.5,54.78,410.85
2026-01-17_U_INT_S08_NIGHT,2026-01-17,U_INT,S08_NIGHT,STF_INT_006,Licensed Practical Nurse,Licensed,Overtime,7.5,0.0,7.5,45.24,339.3
2026-01-17_U_INT_S08_NIGHT,2026-01-17,U_INT,S08_NIGHT,STF_INT_052,Licensed Practical Nurse,Licensed,Core Staff,7.5,0.0,7.5,46.94,352.05
2026-01-17_U_INT_S08_NIGHT,2026-01-17,U_INT,S08_NIGHT,STF_INT_012,Registered Nurse,Licensed,Core Staff,7.5,0.0,7.5,56.85,426.38
2026-01-17_U_INT_S08_NIGHT,2026-01-17,U_INT,S08_NIGHT,STF_INT_011,Certified Nursing Assistant,Unlicensed,Core Staff,7.5,0.0,7.5,30.44,228.3
2026-01-17_U_INT_S08_NIGHT,2026-01-17,U_INT,S08_NIGHT,STF_INT_010,Certified Nursing Assistant,Unlicensed,Core Staff,7.5,0.0,7.5,35.93,269.48
2026-01-17_U_INT_S08_NIGHT,2026-01-17,U_INT,S08_NIGHT,STF_INT_042,Registered Nurse,Licensed,Overtime,7.5,0.0,7.5,51.09,383.18
2026-01-17_U_INT_S08_NIGHT,2026-01-17,U_INT,S08_NIGHT,STF_INT_027,Licensed Practical Nurse,Licensed,Overtime,7.5,0.0,7.5,38.27,287.03
2026-01-18_U_ICU_S12_DAY,2026-01-18,U_ICU,S12_DAY,STF_ICU_011,Registered Nurse,Licensed,Core Staff,11.5,0.0,11.5,50.0,575.0
2026-01-18_U_ICU_S12_DAY,2026-01-18,U_ICU,S12_DAY,STF_ICU_007,Registered Nurse,Licensed,Core Staff,11.5,0.0,11.5,51.38,590.87
2026-01-18_U_ICU_S12_DAY,2026-01-18,U_ICU,S12_DAY,STF_ICU_029,Registered Nurse,Licensed,Agency/Traveler,11.5,0.0,11.5,54.97,632.16
2026-01-18_U_ICU_S12_DAY,2026-01-18,U_ICU,S12_DAY,STF_ICU_028,Registered Nurse,Licensed,Core Staff,11.5,0.0,11.5,58.12,668.38
2026-01-18_U_ICU_S12_DAY,2026-01-18,U_ICU,S12_DAY,STF_ICU_032,Certified Nursing Assistant,Unlicensed,Core Staff,11.5,0.0,11.5,34.61,398.02
2026-01-18_U_ICU_S12_DAY,2026-01-18,U_ICU,S12_DAY,STF_ICU_027,Registered Nurse,Licensed,Core Staff,11.5,0.0,11.5,52.33,601.79
2026-01-18_U_ICU_S12_NIGHT,2026-01-18,U_ICU,S12_NIGHT,STF_ICU_019,Registered Nurse,Licensed,Core Staff,11.5,0.0,11.5,48.09,553.04
2026-01-18_U_ICU_S12_NIGHT,2026-01-18,U_ICU,S12_NIGHT,STF_ICU_001,Registered Nurse,Licensed,Core Staff,11.5,0.0,11.5,53.31,613.07
2026-01-18_U_ICU_S12_NIGHT,2026-01-18,U_ICU,S12_NIGHT,STF_ICU_017,Registered Nurse,Licensed,Core Staff,11.5,0.0,11.5,57.76,664.24
2026-01-18_U_ICU_S12_NIGHT,2026-01-18,U_ICU,S12_NIGHT,STF_ICU_023,Registered Nurse,Licensed,Core Staff,11.5,0.0,11.5,50.84,584.66
2026-01-18_U_ICU_S12_NIGHT,2026-01-18,U_ICU,S12_NIGHT,STF_ICU_006,Registered Nurse,Licensed,Core Staff,11.5,0.0,11.5,52.99,609.38
2026-01-18_U_ICU_S12_NIGHT,2026-01-18,U_ICU,S12_NIGHT,STF_ICU_032,Certified Nursing Assistant,Unlicensed,Core Staff,11.5,0.0,11.5,35.64,409.86
2026-01-18_U_INT_S08_DAY,2026-01-18,U_INT,S08_DAY,STF_INT_036,Registered Nurse,Licensed,Core Staff,7.5,0.0,7.5,55.62,417.15
2026-01-18_U_INT_S08_DAY,2026-01-18,U_INT,S08_DAY,STF_INT_064,Licensed Practical Nurse,Licensed,Agency/Traveler,7.5,0.0,7.5,40.23,301.72
2026-01-18_U_INT_S08_DAY,2026-01-18,U_INT,S08_DAY,STF_INT_028,Registered Nurse,Licensed,Core Staff,5.5,2.0,7.5,59.59,446.92
2026-01-18_U_INT_S08_DAY,2026-01-18,U_INT,S08_DAY,STF_INT_008,Registered Nurse,Licensed,Agency/Traveler,7.5,0.0,7.5,48.09,360.68
2026-01-18_U_INT_S08_DAY,2026-01-18,U_INT,S08_DAY,STF_INT_037,Certified Nursing Assistant,Unlicensed,Core Staff,7.5,0.0,7.5,35.37,265.27
2026-01-18_U_INT_S08_DAY,2026-01-18,U_INT,S08_DAY,STF_INT_043,Registered Nurse,Licensed,Overtime,7.5,0.0,7.5,57.48,431.1
2026-01-18_U_INT_S08_DAY,2026-01-18,U_INT,S08_DAY,STF_INT_030,Licensed Practical Nurse,Licensed,Core Staff,7.5,0.0,7.5,38.43,288.23
2026-01-18_U_INT_S08_DAY,2026-01-18,U_INT,S08_DAY,STF_INT_032,Registered Nurse,Licensed,Core Staff,7.5,0.0,7.5,52.42,393.15
2026-01-18_U_INT_S08_EVE,2026-01-18,U_INT,S08_EVE,STF_INT_024,Licensed Practical Nurse,Licensed,Core Staff,7.5,0.0,7.5,46.11,345.82
2026-01-18_U_INT_S08_EVE,2026-01-18,U_INT,S08_EVE,STF_INT_017,Certified Nursing Assistant,Unlicensed,Core Staff,7.5,0.0,7.5,30.65,229.88
2026-01-18_U_INT_S08_EVE,2026-01-18,U_INT,S08_EVE,STF_INT_009,Certified Nursing Assistant,Unlicensed,Float Pool,7.5,0.0,7.5,31.71,237.82
2026-01-18_U_INT_S08_EVE,2026-01-18,U_INT,S08_EVE,STF_INT_056,Registered Nurse,Licensed,Core Staff,7.5,0.0,7.5,56.64,424.8
2026-01-18_U_INT_S08_EVE,2026-01-18,U_INT,S08_EVE,STF_INT_014,Registered Nurse,Licensed,Overtime,7.5,0.0,7.5,52.27,392.02
2026-01-18_U_INT_S08_EVE,2026-01-18,U_INT,S08_EVE,STF_INT_053,Certified Nursing Assistant,Unlicensed,Agency/Traveler,7.5,0.0,7.5,31.52,236.4
2026-01-18_U_INT_S08_EVE,2026-01-18,U_INT,S08_EVE,STF_INT_047,Certified Nursing Assistant,Unlicensed,Core Staff,7.5,0.0,7.5,31.53,236.48
2026-01-18_U_INT_S08_EVE,2026-01-18,U_INT,S08_EVE,STF_INT_036,Registered Nurse,Licensed,Core Staff,7.5,0.0,7.5,49.52,371.4
2026-01-18_U_INT_S08_NIGHT,2026-01-18,U_INT,S08_NIGHT,STF_INT_044,Certified Nursing Assistant,Unlicensed,Core Staff,7.5,0.0,7.5,31.86,238.95
2026-01-18_U_INT_S08_NIGHT,2026-01-18,U_INT,S08_NIGHT,STF_INT_057,Registered Nurse,Licensed,Core Staff,7.5,0.0,7.5,59.0,442.5
2026-01-18_U_INT_S08_NIGHT,2026-01-18,U_INT,S08_NIGHT,STF_INT_038,Registered Nurse,Licensed,Core Staff,7.5,0.0,7.5,57.82,433.65
2026-01-18_U_INT_S08_NIGHT,2026-01-18,U_INT,S08_NIGHT,STF_INT_050,Registered Nurse,Licensed,Float Pool,7.5,0.0,7.5,57.85,433.88
2026-01-18_U_INT_S08_NIGHT,2026-01-18,U_INT,S08_NIGHT,STF_INT_005,Certified Nursing Assistant,Unlicensed,Core Staff,7.5,0.0,7.5,31.23,234.22
2026-01-18_U_INT_S08_NIGHT,2026-01-18,U_INT,S08_NIGHT,STF_INT_051,Registered Nurse,Licensed,Core Staff,7.5,0.0,7.5,54.23,406.72
2026-01-18_U_INT_S08_NIGHT,2026-01-18,U_INT,S08_NIGHT,STF_INT_015,Registered Nurse,Licensed,Core Staff,7.5,0.0,7.5,49.48,371.1
2026-01-18_U_INT_S08_NIGHT,2026-01-18,U_INT,S08_NIGHT,STF_INT_002,Registered Nurse,Licensed,Core Staff,7.5,0.0,7.5,51.86,388.95
2026-01-19_U_ICU_S12_DAY,2026-01-19,U_ICU,S12_DAY,STF_ICU_001,Registered Nurse,Licensed,Core Staff,9.5,2.0,11.5,59.92,689.08
2026-01-19_U_ICU_S12_DAY,2026-01-19,U_ICU,S12_DAY,STF_ICU_024,Registered Nurse,Licensed,Core Staff,11.5,0.0,11.5,50.08,575.92
2026-01-19_U_ICU_S12_DAY,2026-01-19,U_ICU,S12_DAY,STF_ICU_017,Registered Nurse,Licensed,Core Staff,11.5,0.0,11.5,56.16,645.84
2026-01-19_U_ICU_S12_DAY,2026-01-19,U_ICU,S12_DAY,STF_ICU_016,Registered Nurse,Licensed,Core Staff,11.5,0.0,11.5,59.95,689.42
2026-01-19_U_ICU_S12_DAY,2026-01-19,U_ICU,S12_DAY,STF_ICU_014,Registered Nurse,Licensed,Core Staff,11.5,0.0,11.5,59.08,679.42
2026-01-19_U_ICU_S12_DAY,2026-01-19,U_ICU,S12_DAY,STF_ICU_009,Registered Nurse,Licensed,Core Staff,9.5,2.0,11.5,58.66,674.59
2026-01-19_U_ICU_S12_NIGHT,2026-01-19,U_ICU,S12_NIGHT,STF_ICU_030,Registered Nurse,Licensed,Core Staff,11.5,0.0,11.5,59.25,681.38
2026-01-19_U_ICU_S12_NIGHT,2026-01-19,U_ICU,S12_NIGHT,STF_ICU_005,Registered Nurse,Licensed,Core Staff,11.5,0.0,11.5,50.92,585.58
2026-01-19_U_ICU_S12_NIGHT,2026-01-19,U_ICU,S12_NIGHT,STF_ICU_029,Registered Nurse,Licensed,Core Staff,11.5,0.0,11.5,48.87,562.0
2026-01-19_U_ICU_S12_NIGHT,2026-01-19,U_ICU,S12_NIGHT,STF_ICU_026,Registered Nurse,Licensed,Overtime,11.5,0.0,11.5,59.04,678.96
2026-01-19_U_ICU_S12_NIGHT,2026-01-19,U_ICU,S12_NIGHT,STF_ICU_035,Certified Nursing Assistant,Unlicensed,Agency/Traveler,11.5,0.0,11.5,30.59,351.78
2026-01-19_U_ICU_S12_NIGHT,2026-01-19,U_ICU,S12_NIGHT,STF_ICU_009,Registered Nurse,Licensed,Core Staff,11.5,0.0,11.5,52.05,598.57
2026-01-19_U_ICU_S12_NIGHT,2026-01-19,U_ICU,S12_NIGHT,STF_ICU_010,Registered Nurse,Licensed,Float Pool,11.5,0.0,11.5,58.67,674.7
2026-01-19_U_ICU_S12_NIGHT,2026-01-19,U_ICU,S12_NIGHT,STF_ICU_034,Certified Nursing Assistant,Unlicensed,Agency/Traveler,11.5,0.0,11.5,31.58,363.17
2026-01-19_U_INT_S08_DAY,2026-01-19,U_INT,S08_DAY,STF_INT_052,Licensed Practical Nurse,Licensed,Core Staff,7.5,0.0,7.5,46.82,351.15
2026-01-19_U_INT_S08_DAY,2026-01-19,U_INT,S08_DAY,STF_INT_057,Registered Nurse,Licensed,Core Staff,7.5,0.0,7.5,55.09,413.18
2026-01-19_U_INT_S08_DAY,2026-01-19,U_INT,S08_DAY,STF_INT_053,Certified Nursing Assistant,Unlicensed,Agency/Traveler,7.5,0.0,7.5,31.66,237.45
2026-01-19_U_INT_S08_DAY,2026-01-19,U_INT,S08_DAY,STF_INT_012,Registered Nurse,Licensed,Core Staff,7.5,0.0,7.5,50.34,377.55
2026-01-19_U_INT_S08_DAY,2026-01-19,U_INT,S08_DAY,STF_INT_013,Registered Nurse,Licensed,Core Staff,7.5,0.0,7.5,57.15,428.62
2026-01-19_U_INT_S08_DAY,2026-01-19,U_INT,S08_DAY,STF_INT_032,Registered Nurse,Licensed,Core Staff,7.5,0.0,7.5,54.83,411.22
2026-01-19_U_INT_S08_DAY,2026-01-19,U_INT,S08_DAY,STF_INT_022,Registered Nurse,Licensed,Core Staff,7.5,0.0,7.5,59.6,447.0
2026-01-19_U_INT_S08_DAY,2026-01-19,U_INT,S08_DAY,STF_INT_046,Registered Nurse,Licensed,Overtime,7.5,0.0,7.5,52.67,395.02
2026-01-19_U_INT_S08_DAY,2026-01-19,U_INT,S08_DAY,STF_INT_017,Certified Nursing Assistant,Unlicensed,Core Staff,7.5,0.0,7.5,32.08,240.6
2026-01-19_U_INT_S08_DAY,2026-01-19,U_INT,S08_DAY,STF_INT_002,Registered Nurse,Licensed,Core Staff,7.5,0.0,7.5,52.2,391.5
2026-01-19_U_INT_S08_EVE,2026-01-19,U_INT,S08_EVE,STF_INT_035,Registered Nurse,Licensed,Float Pool,7.5,0.0,7.5,53.37,400.28
2026-01-19_U_INT_S08_EVE,2026-01-19,U_INT,S08_EVE,STF_INT_039,Registered Nurse,Licensed,Float Pool,7.5,0.0,7.5,51.73,387.98
2026-01-19_U_INT_S08_EVE,2026-01-19,U_INT,S08_EVE,STF_INT_042,Registered Nurse,Licensed,Overtime,7.5,0.0,7.5,58.87,441.52
2026-01-19_U_INT_S08_EVE,2026-01-19,U_INT,S08_EVE,STF_INT_056,Registered Nurse,Licensed,Core Staff,7.5,0.0,7.5,51.08,383.1
2026-01-19_U_INT_S08_EVE,2026-01-19,U_INT,S08_EVE,STF_INT_018,Certified Nursing Assistant,Unlicensed,Core Staff,7.5,0.0,7.5,34.11,255.82
2026-01-19_U_INT_S08_EVE,2026-01-19,U_INT,S08_EVE,STF_INT_019,Registered Nurse,Licensed,Float Pool,7.5,0.0,7.5,55.97,419.78
2026-01-19_U_INT_S08_EVE,2026-01-19,U_INT,S08_EVE,STF_INT_060,Registered Nurse,Licensed,Agency/Traveler,7.5,0.0,7.5,58.95,442.12
2026-01-19_U_INT_S08_NIGHT,2026-01-19,U_INT,S08_NIGHT,STF_INT_021,Licensed Practical Nurse,Licensed,Float Pool,7.5,0.0,7.5,43.34,325.05
2026-01-19_U_INT_S08_NIGHT,2026-01-19,U_INT,S08_NIGHT,STF_INT_013,Registered Nurse,Licensed,Core Staff,7.5,0.0,7.5,49.51,371.32
2026-01-19_U_INT_S08_NIGHT,2026-01-19,U_INT,S08_NIGHT,STF_INT_001,Certified Nursing Assistant,Unlicensed,Core Staff,7.5,0.0,7.5,31.75,238.12
2026-01-19_U_INT_S08_NIGHT,2026-01-19,U_INT,S08_NIGHT,STF_INT_030,Licensed Practical Nurse,Licensed,Agency/Traveler,7.5,0.0,7.5,44.24,331.8
2026-01-19_U_INT_S08_NIGHT,2026-01-19,U_INT,S08_NIGHT,STF_INT_022,Registered Nurse,Licensed,Core Staff,7.5,0.0,7.5,59.99,449.92
2026-01-19_U_INT_S08_NIGHT,2026-01-19,U_INT,S08_NIGHT,STF_INT_043,Registered Nurse,Licensed,Overtime,7.5,0.0,7.5,51.46,385.95
2026-01-20_U_ICU_S12_DAY,2026-01-20,U_ICU,S12_DAY,STF_ICU_014,Registered Nurse,Licensed,Core Staff,11.5,0.0,11.5,48.12,553.38
2026-01-20_U_ICU_S12_DAY,2026-01-20,U_ICU,S12_DAY,STF_ICU_016,Registered Nurse,Licensed,Core Staff,11.5,0.0,11.5,59.41,683.21
2026-01-20_U_ICU_S12_DAY,2026-01-20,U_ICU,S12_DAY,STF_ICU_023,Registered Nurse,Licensed,Core Staff,11.5,0.0,11.5,56.58,650.67
2026-01-20_U_ICU_S12_DAY,2026-01-20,U_ICU,S12_DAY,STF_ICU_022,Registered Nurse,Licensed,Core Staff,11.5,0.0,11.5,52.93,608.7
2026-01-20_U_ICU_S12_DAY,2026-01-20,U_ICU,S12_DAY,STF_ICU_008,Registered Nurse,Licensed,Float Pool,11.5,0.0,11.5,49.57,570.05
2026-01-20_U_ICU_S12_DAY,2026-01-20,U_ICU,S12_DAY,STF_ICU_001,Registered Nurse,Licensed,Agency/Traveler,11.5,0.0,11.5,54.29,624.34
2026-01-20_U_ICU_S12_DAY,2026-01-20,U_ICU,S12_DAY,STF_ICU_005,Registered Nurse,Licensed,Core Staff,11.5,0.0,11.5,59.8,687.7
2026-01-20_U_ICU_S12_DAY,2026-01-20,U_ICU,S12_DAY,STF_ICU_021,Registered Nurse,Licensed,Agency/Traveler,11.5,0.0,11.5,57.69,663.44
2026-01-20_U_ICU_S12_NIGHT,2026-01-20,U_ICU,S12_NIGHT,STF_ICU_014,Registered Nurse,Licensed,Core Staff,11.5,0.0,11.5,59.65,685.98
2026-01-20_U_ICU_S12_NIGHT,2026-01-20,U_ICU,S12_NIGHT,STF_ICU_030,Registered Nurse,Licensed,Core Staff,11.5,0.0,11.5,54.23,623.64
2026-01-20_U_ICU_S12_NIGHT,2026-01-20,U_ICU,S12_NIGHT,STF_ICU_034,Certified Nursing Assistant,Unlicensed,Agency/Traveler,11.5,0.0,11.5,34.53,397.1
2026-01-20_U_ICU_S12_NIGHT,2026-01-20,U_ICU,S12_NIGHT,STF_ICU_022,Registered Nurse,Licensed,Core Staff,11.5,0.0,11.5,56.92,654.58
2026-01-20_U_ICU_S12_NIGHT,2026-01-20,U_ICU,S12_NIGHT,STF_ICU_010,Registered Nurse,Licensed,Core Staff,11.5,0.0,11.5,53.8,618.7
2026-01-20_U_ICU_S12_NIGHT,2026-01-20,U_ICU,S12_NIGHT,STF_ICU_003,Registered Nurse,Licensed,Core Staff,11.5,0.0,11.5,48.31,555.57
2026-01-20_U_ICU_S12_NIGHT,2026-01-20,U_ICU,S12_NIGHT,STF_ICU_027,Registered Nurse,Licensed,Core Staff,11.5,0.0,11.5,48.02,552.23
2026-01-20_U_INT_S08_DAY,2026-01-20,U_INT,S08_DAY,STF_INT_030,Licensed Practical Nurse,Licensed,Core Staff,7.5,0.0,7.5,45.26,339.45
2026-01-20_U_INT_S08_DAY,2026-01-20,U_INT,S08_DAY,STF_INT_001,Certified Nursing Assistant,Unlicensed,Core Staff,7.5,0.0,7.5,30.24,226.8
2026-01-20_U_INT_S08_DAY,2026-01-20,U_INT,S08_DAY,STF_INT_006,Licensed Practical Nurse,Licensed,Core Staff,7.5,0.0,7.5,44.92,336.9
2026-01-20_U_INT_S08_DAY,2026-01-20,U_INT,S08_DAY,STF_INT_023,Registered Nurse,Licensed,Overtime,7.5,0.0,7.5,54.02,405.15
2026-01-20_U_INT_S08_DAY,2026-01-20,U_INT,S08_DAY,STF_INT_034,Licensed Practical Nurse,Licensed,Core Staff,7.5,0.0,7.5,39.08,293.1
2026-01-20_U_INT_S08_DAY,2026-01-20,U_INT,S08_DAY,STF_INT_032,Registered Nurse,Licensed,Core Staff,7.5,0.0,7.5,54.49,408.68
2026-01-20_U_INT_S08_DAY,2026-01-20,U_INT,S08_DAY,STF_INT_041,Certified Nursing Assistant,Unlicensed,Overtime,7.5,0.0,7.5,31.12,233.4
2026-01-20_U_INT_S08_DAY,2026-01-20,U_INT,S08_DAY,STF_INT_042,Registered Nurse,Licensed,Overtime,7.5,0.0,7.5,54.67,410.02
2026-01-20_U_INT_S08_DAY,2026-01-20,U_INT,S08_DAY,STF_INT_045,Registered Nurse,Licensed,Core Staff,7.5,0.0,7.5,49.66,372.45
2026-01-20_U_INT_S08_EVE,2026-01-20,U_INT,S08_EVE,STF_INT_029,Licensed Practical Nurse,Licensed,Core Staff,7.5,0.0,7.5,41.34,310.05
2026-01-20_U_INT_S08_EVE,2026-01-20,U_INT,S08_EVE,STF_INT_064,Licensed Practical Nurse,Licensed,Core Staff,7.5,0.0,7.5,38.69,290.17
2026-01-20_U_INT_S08_EVE,2026-01-20,U_INT,S08_EVE,STF_INT_017,Certified Nursing Assistant,Unlicensed,Core Staff,7.5,0.0,7.5,31.42,235.65
2026-01-20_U_INT_S08_EVE,2026-01-20,U_INT,S08_EVE,STF_INT_056,Registered Nurse,Licensed,Core Staff,7.5,0.0,7.5,54.74,410.55
2026-01-20_U_INT_S08_EVE,2026-01-20,U_INT,S08_EVE,STF_INT_045,Registered Nurse,Licensed,Core Staff,7.5,0.0,7.5,52.27,392.02
2026-01-20_U_INT_S08_EVE,2026-01-20,U_INT,S08_EVE,STF_INT_033,Registered Nurse,Licensed,Core Staff,7.5,0.0,7.5,54.85,411.38
2026-01-20_U_INT_S08_EVE,2026-01-20,U_INT,S08_EVE,STF_INT_027,Licensed Practical Nurse,Licensed,Overtime,7.5,0.0,7.5,41.6,312.0
2026-01-20_U_INT_S08_EVE,2026-01-20,U_INT,S08_EVE,STF_INT_009,Certified Nursing Assistant,Unlicensed,Float Pool,7.5,0.0,7.5,32.99,247.42
2026-01-20_U_INT_S08_NIGHT,2026-01-20,U_INT,S08_NIGHT,STF_INT_055,Registered Nurse,Licensed,Core Staff,7.5,0.0,7.5,51.37,385.28
2026-01-20_U_INT_S08_NIGHT,2026-01-20,U_INT,S08_NIGHT,STF_INT_031,Registered Nurse,Licensed,Core Staff,7.5,0.0,7.5,51.42,385.65
2026-01-20_U_INT_S08_NIGHT,2026-01-20,U_INT,S08_NIGHT,STF_INT_014,Registered Nurse,Licensed,Overtime,7.5,0.0,7.5,59.7,447.75
2026-01-20_U_INT_S08_NIGHT,2026-01-20,U_INT,S08_NIGHT,STF_INT_034,Licensed Practical Nurse,Licensed,Core Staff,7.5,0.0,7.5,46.37,347.78
2026-01-20_U_INT_S08_NIGHT,2026-01-20,U_INT,S08_NIGHT,STF_INT_041,Certified Nursing Assistant,Unlicensed,Overtime,7.5,0.0,7.5,30.73,230.48
2026-01-20_U_INT_S08_NIGHT,2026-01-20,U_INT,S08_NIGHT,STF_INT_036,Registered Nurse,Licensed,Core Staff,7.5,0.0,7.5,49.98,374.85
2026-01-20_U_INT_S08_NIGHT,2026-01-20,U_INT,S08_NIGHT,STF_INT_035,Registered Nurse,Licensed,Float Pool,7.5,0.0,7.5,56.84,426.3
2026-01-20_U_INT_S08_NIGHT,2026-01-20,U_INT,S08_NIGHT,STF_INT_040,Certified Nursing Assistant,Unlicensed,Core Staff,7.5,0.0,7.5,36.43,273.23
2026-01-21_U_ICU_S12_DAY,2026-01-21,U_ICU,S12_DAY,STF_ICU_004,Registered Nurse,Licensed,Core Staff,11.5,0.0,11.5,57.69,663.44
2026-01-21_U_ICU_S12_DAY,2026-01-21,U_ICU,S12_DAY,STF_ICU_006,Registered Nurse,Licensed,Float Pool,11.5,0.0,11.5,59.23,681.14
2026-01-21_U_ICU_S12_DAY,2026-01-21,U_ICU,S12_DAY,STF_ICU_007,Registered Nurse,Licensed,Core Staff,11.5,0.0,11.5,57.6,662.4
2026-01-21_U_ICU_S12_DAY,2026-01-21,U_ICU,S12_DAY,STF_ICU_012,Registered Nurse,Licensed,Agency/Traveler,11.5,0.0,11.5,56.97,655.16
2026-01-21_U_ICU_S12_DAY,2026-01-21,U_ICU,S12_DAY,STF_ICU_021,Registered Nurse,Licensed,Float Pool,11.5,0.0,11.5,49.49,569.14
2026-01-21_U_ICU_S12_DAY,2026-01-21,U_ICU,S12_DAY,STF_ICU_030,Registered Nurse,Licensed,Core Staff,11.5,0.0,11.5,58.24,669.76
2026-01-21_U_ICU_S12_NIGHT,2026-01-21,U_ICU,S12_NIGHT,STF_ICU_005,Registered Nurse,Licensed,Core Staff,11.5,0.0,11.5,56.58,650.67
2026-01-21_U_ICU_S12_NIGHT,2026-01-21,U_ICU,S12_NIGHT,STF_ICU_023,Registered Nurse,Licensed,Core Staff,11.5,0.0,11.5,49.83,573.04
2026-01-21_U_ICU_S12_NIGHT,2026-01-21,U_ICU,S12_NIGHT,STF_ICU_024,Registered Nurse,Licensed,Core Staff,11.5,0.0,11.5,56.79,653.08
2026-01-21_U_ICU_S12_NIGHT,2026-01-21,U_ICU,S12_NIGHT,STF_ICU_017,Registered Nurse,Licensed,Core Staff,11.5,0.0,11.5,51.42,591.33
2026-01-21_U_ICU_S12_NIGHT,2026-01-21,U_ICU,S12_NIGHT,STF_ICU_011,Registered Nurse,Licensed,Core Staff,11.5,0.0,11.5,53.83,619.04
2026-01-21_U_ICU_S12_NIGHT,2026-01-21,U_ICU,S12_NIGHT,STF_ICU_028,Registered Nurse,Licensed,Overtime,11.5,0.0,11.5,50.47,580.4
2026-01-21_U_INT_S08_DAY,2026-01-21,U_INT,S08_DAY,STF_INT_050,Registered Nurse,Licensed,Float Pool,7.5,0.0,7.5,56.53,423.98
2026-01-21_U_INT_S08_DAY,2026-01-21,U_INT,S08_DAY,STF_INT_062,Certified Nursing Assistant,Unlicensed,Core Staff,7.5,0.0,7.5,35.14,263.55
2026-01-21_U_INT_S08_DAY,2026-01-21,U_INT,S08_DAY,STF_INT_039,Registered Nurse,Licensed,Float Pool,7.5,0.0,7.5,49.12,368.4
2026-01-21_U_INT_S08_DAY,2026-01-21,U_INT,S08_DAY,STF_INT_056,Registered Nurse,Licensed,Core Staff,7.5,0.0,7.5,55.7,417.75
2026-01-21_U_INT_S08_DAY,2026-01-21,U_INT,S08_DAY,STF_INT_041,Certified Nursing Assistant,Unlicensed,Overtime,7.5,0.0,7.5,31.9,239.25
2026-01-21_U_INT_S08_DAY,2026-01-21,U_INT,S08_DAY,STF_INT_023,Registered Nurse,Licensed,Overtime,7.5,0.0,7.5,51.83,388.72
2026-01-21_U_INT_S08_DAY,2026-01-21,U_INT,S08_DAY,STF_INT_052,Licensed Practical Nurse,Licensed,Core Staff,7.5,0.0,7.5,46.86,351.45
2026-01-21_U_INT_S08_DAY,2026-01-21,U_INT,S08_DAY,STF_INT_001,Certified Nursing Assistant,Unlicensed,Core Staff,7.5,0.0,7.5,32.74,245.55
2026-01-21_U_INT_S08_EVE,2026-01-21,U_INT,S08_EVE,STF_INT_013,Registered Nurse,Licensed,Core Staff,7.5,0.0,7.5,57.8,433.5
2026-01-21_U_INT_S08_EVE,2026-01-21,U_INT,S08_EVE,STF_INT_021,Licensed Practical Nurse,Licensed,Core Staff,7.5,0.0,7.5,45.53,341.48
2026-01-21_U_INT_S08_EVE,2026-01-21,U_INT,S08_EVE,STF_INT_006,Licensed Practical Nurse,Licensed,Core Staff,7.5,0.0,7.5,42.69,320.17
2026-01-21_U_INT_S08_EVE,2026-01-21,U_INT,S08_EVE,STF_INT_042,Registered Nurse,Licensed,Overtime,5.5,2.0,7.5,52.6,394.5
2026-01-21_U_INT_S08_EVE,2026-01-21,U_INT,S08_EVE,STF_INT_004,Registered Nurse,Licensed,Core Staff,7.5,0.0,7.5,51.41,385.58
2026-01-21_U_INT_S08_EVE,2026-01-21,U_INT,S08_EVE,STF_INT_052,Licensed Practical Nurse,Licensed,Core Staff,7.5,0.0,7.5,43.57,326.77
2026-01-21_U_INT_S08_NIGHT,2026-01-21,U_INT,S08_NIGHT,STF_INT_038,Registered Nurse,Licensed,Core Staff,7.5,0.0,7.5,53.43,400.72
2026-01-21_U_INT_S08_NIGHT,2026-01-21,U_INT,S08_NIGHT,STF_INT_062,Certified Nursing Assistant,Unlicensed,Float Pool,7.5,0.0,7.5,33.85,253.88
2026-01-21_U_INT_S08_NIGHT,2026-01-21,U_INT,S08_NIGHT,STF_INT_042,Registered Nurse,Licensed,Float Pool,7.5,0.0,7.5,51.31,384.83
2026-01-21_U_INT_S08_NIGHT,2026-01-21,U_INT,S08_NIGHT,STF_INT_020,Certified Nursing Assistant,Unlicensed,Core Staff,7.5,0.0,7.5,32.09,240.68
2026-01-21_U_INT_S08_NIGHT,2026-01-21,U_INT,S08_NIGHT,STF_INT_049,Registered Nurse,Licensed,Core Staff,7.5,0.0,7.5,50.29,377.18
2026-01-21_U_INT_S08_NIGHT,2026-01-21,U_INT,S08_NIGHT,STF_INT_006,Licensed Practical Nurse,Licensed,Core Staff,7.5,0.0,7.5,42.62,319.65
2026-01-21_U_INT_S08_NIGHT,2026-01-21,U_INT,S08_NIGHT,STF_INT_057,Registered Nurse,Licensed,Core Staff,7.5,0.0,7.5,59.63,447.22
2026-01-22_U_ICU_S12_DAY,2026-01-22,U_ICU,S12_DAY,STF_ICU_034,Certified Nursing Assistant,Unlicensed,Agency/Traveler,11.5,0.0,11.5,35.04,402.96
2026-01-22_U_ICU_S12_DAY,2026-01-22,U_ICU,S12_DAY,STF_ICU_015,Registered Nurse,Licensed,Core Staff,11.5,0.0,11.5,56.64,651.36
2026-01-22_U_ICU_S12_DAY,2026-01-22,U_ICU,S12_DAY,STF_ICU_003,Registered Nurse,Licensed,Core Staff,11.5,0.0,11.5,53.32,613.18
2026-01-22_U_ICU_S12_DAY,2026-01-22,U_ICU,S12_DAY,STF_ICU_021,Registered Nurse,Licensed,Core Staff,11.5,0.0,11.5,49.25,566.38
2026-01-22_U_ICU_S12_DAY,2026-01-22,U_ICU,S12_DAY,STF_ICU_014,Registered Nurse,Licensed,Core Staff,11.5,0.0,11.5,51.24,589.26
2026-01-22_U_ICU_S12_DAY,2026-01-22,U_ICU,S12_DAY,STF_ICU_030,Registered Nurse,Licensed,Core Staff,11.5,0.0,11.5,53.54,615.71
2026-01-22_U_ICU_S12_NIGHT,2026-01-22,U_ICU,S12_NIGHT,STF_ICU_008,Registered Nurse,Licensed,Float Pool,11.5,0.0,11.5,53.84,619.16
2026-01-22_U_ICU_S12_NIGHT,2026-01-22,U_ICU,S12_NIGHT,STF_ICU_006,Registered Nurse,Licensed,Core Staff,11.5,0.0,11.5,57.75,664.12
2026-01-22_U_ICU_S12_NIGHT,2026-01-22,U_ICU,S12_NIGHT,STF_ICU_015,Registered Nurse,Licensed,Core Staff,11.5,0.0,11.5,57.19,657.68
2026-01-22_U_ICU_S12_NIGHT,2026-01-22,U_ICU,S12_NIGHT,STF_ICU_005,Registered Nurse,Licensed,Core Staff,11.5,0.0,11.5,52.43,602.95
2026-01-22_U_ICU_S12_NIGHT,2026-01-22,U_ICU,S12_NIGHT,STF_ICU_001,Registered Nurse,Licensed,Core Staff,11.5,0.0,11.5,49.35,567.52
2026-01-22_U_ICU_S12_NIGHT,2026-01-22,U_ICU,S12_NIGHT,STF_ICU_002,Registered Nurse,Licensed,Agency/Traveler,11.5,0.0,11.5,51.03,586.84
2026-01-22_U_ICU_S12_NIGHT,2026-01-22,U_ICU,S12_NIGHT,STF_ICU_003,Registered Nurse,Licensed,Core Staff,11.5,0.0,11.5,57.54,661.71
2026-01-22_U_ICU_S12_NIGHT,2026-01-22,U_ICU,S12_NIGHT,STF_ICU_007,Registered Nurse,Licensed,Core Staff,11.5,0.0,11.5,51.21,588.92
2026-01-22_U_INT_S08_DAY,2026-01-22,U_INT,S08_DAY,STF_INT_021,Licensed Practical Nurse,Licensed,Core Staff,7.5,0.0,7.5,42.23,316.72
2026-01-22_U_INT_S08_DAY,2026-01-22,U_INT,S08_DAY,STF_INT_044,Certified Nursing Assistant,Unlicensed,Core Staff,7.5,0.0,7.5,30.82,231.15
2026-01-22_U_INT_S08_DAY,2026-01-22,U_INT,S08_DAY,STF_INT_019,Registered Nurse,Licensed,Core Staff,7.5,0.0,7.5,48.36,362.7
2026-01-22_U_INT_S08_DAY,2026-01-22,U_INT,S08_DAY,STF_INT_048,Registered Nurse,Licensed,Core Staff,7.5,0.0,7.5,53.18,398.85
2026-01-22_U_INT_S08_DAY,2026-01-22,U_INT,S08_DAY,STF_INT_041,Certified Nursing Assistant,Unlicensed,Overtime,7.5,0.0,7.5,36.45,273.38
2026-01-22_U_INT_S08_DAY,2026-01-22,U_INT,S08_DAY,STF_INT_008,Registered Nurse,Licensed,Overtime,7.5,0.0,7.5,49.69,372.67
2026-01-22_U_INT_S08_DAY,2026-01-22,U_INT,S08_DAY,STF_INT_020,Certified Nursing Assistant,Unlicensed,Core Staff,7.5,0.0,7.5,31.35,235.12
2026-01-22_U_INT_S08_DAY,2026-01-22,U_INT,S08_DAY,STF_INT_050,Registered Nurse,Licensed,Float Pool,7.5,0.0,7.5,51.4,385.5
2026-01-22_U_INT_S08_EVE,2026-01-22,U_INT,S08_EVE,STF_INT_027,Licensed Practical Nurse,Licensed,Overtime,7.5,0.0,7.5,42.47,318.52
2026-01-22_U_INT_S08_EVE,2026-01-22,U_INT,S08_EVE,STF_INT_064,Licensed Practical Nurse,Licensed,Core Staff,7.5,0.0,7.5,46.94,352.05
2026-01-22_U_INT_S08_EVE,2026-01-22,U_INT,S08_EVE,STF_INT_002,Registered Nurse,Licensed,Overtime,7.5,0.0,7.5,50.02,375.15
2026-01-22_U_INT_S08_EVE,2026-01-22,U_INT,S08_EVE,STF_INT_044,Certified Nursing Assistant,Unlicensed,Core Staff,7.5,0.0,7.5,36.4,273.0
2026-01-22_U_INT_S08_EVE,2026-01-22,U_INT,S08_EVE,STF_INT_005,Certified Nursing Assistant,Unlicensed,Core Staff,7.5,0.0,7.5,31.28,234.6
2026-01-22_U_INT_S08_EVE,2026-01-22,U_INT,S08_EVE,STF_INT_056,Registered Nurse,Licensed,Core Staff,7.5,0.0,7.5,53.45,400.88
2026-01-22_U_INT_S08_EVE,2026-01-22,U_INT,S08_EVE,STF_INT_008,Registered Nurse,Licensed,Agency/Traveler,7.5,0.0,7.5,53.76,403.2
2026-01-22_U_INT_S08_EVE,2026-01-22,U_INT,S08_EVE,STF_INT_006,Licensed Practical Nurse,Licensed,Core Staff,7.5,0.0,7.5,42.69,320.17
2026-01-22_U_INT_S08_NIGHT,2026-01-22,U_INT,S08_NIGHT,STF_INT_008,Registered Nurse,Licensed,Agency/Traveler,7.5,0.0,7.5,49.78,373.35
2026-01-22_U_INT_S08_NIGHT,2026-01-22,U_INT,S08_NIGHT,STF_INT_021,Licensed Practical Nurse,Licensed,Core Staff,7.5,0.0,7.5,43.01,322.58
2026-01-22_U_INT_S08_NIGHT,2026-01-22,U_INT,S08_NIGHT,STF_INT_035,Registered Nurse,Licensed,Float Pool,7.5,0.0,7.5,55.99,419.92
2026-01-22_U_INT_S08_NIGHT,2026-01-22,U_INT,S08_NIGHT,STF_INT_036,Registered Nurse,Licensed,Core Staff,7.5,0.0,7.5,50.32,377.4
2026-01-22_U_INT_S08_NIGHT,2026-01-22,U_INT,S08_NIGHT,STF_INT_056,Registered Nurse,Licensed,Agency/Traveler,7.5,0.0,7.5,54.25,406.88
2026-01-22_U_INT_S08_NIGHT,2026-01-22,U_INT,S08_NIGHT,STF_INT_010,Certified Nursing Assistant,Unlicensed,Core Staff,7.5,0.0,7.5,30.04,225.3
2026-01-22_U_INT_S08_NIGHT,2026-01-22,U_INT,S08_NIGHT,STF_INT_029,Licensed Practical Nurse,Licensed,Overtime,7.5,0.0,7.5,44.07,330.52
2026-01-23_U_ICU_S12_DAY,2026-01-23,U_ICU,S12_DAY,STF_ICU_010,Registered Nurse,Licensed,Core Staff,11.5,0.0,11.5,52.78,606.97
2026-01-23_U_ICU_S12_DAY,2026-01-23,U_ICU,S12_DAY,STF_ICU_004,Registered Nurse,Licensed,Core Staff,11.5,0.0,11.5,48.15,553.72
2026-01-23_U_ICU_S12_DAY,2026-01-23,U_ICU,S12_DAY,STF_ICU_002,Registered Nurse,Licensed,Agency/Traveler,11.5,0.0,11.5,52.12,599.38
2026-01-23_U_ICU_S12_DAY,2026-01-23,U_ICU,S12_DAY,STF_ICU_032,Certified Nursing Assistant,Unlicensed,Core Staff,11.5,0.0,11.5,32.86,377.89
2026-01-23_U_ICU_S12_DAY,2026-01-23,U_ICU,S12_DAY,STF_ICU_005,Registered Nurse,Licensed,Core Staff,11.5,0.0,11.5,56.14,645.61
2026-01-23_U_ICU_S12_DAY,2026-01-23,U_ICU,S12_DAY,STF_ICU_008,Registered Nurse,Licensed,Float Pool,11.5,0.0,11.5,55.19,634.68
2026-01-23_U_ICU_S12_NIGHT,2026-01-23,U_ICU,S12_NIGHT,STF_ICU_013,Registered Nurse,Licensed,Overtime,11.5,0.0,11.5,57.41,660.21
2026-01-23_U_ICU_S12_NIGHT,2026-01-23,U_ICU,S12_NIGHT,STF_ICU_011,Registered Nurse,Licensed,Core Staff,11.5,0.0,11.5,55.89,642.74
2026-01-23_U_ICU_S12_NIGHT,2026-01-23,U_ICU,S12_NIGHT,STF_ICU_003,Registered Nurse,Licensed,Core Staff,11.5,0.0,11.5,57.47,660.9
2026-01-23_U_ICU_S12_NIGHT,2026-01-23,U_ICU,S12_NIGHT,STF_ICU_031,Certified Nursing Assistant,Unlicensed,Core Staff,11.5,0.0,11.5,31.78,365.47
2026-01-23_U_ICU_S12_NIGHT,2026-01-23,U_ICU,S12_NIGHT,STF_ICU_016,Registered Nurse,Licensed,Core Staff,11.5,0.0,11.5,51.27,589.6
2026-01-23_U_ICU_S12_NIGHT,2026-01-23,U_ICU,S12_NIGHT,STF_ICU_027,Registered Nurse,Licensed,Core Staff,11.5,0.0,11.5,49.78,572.47
2026-01-23_U_ICU_S12_NIGHT,2026-01-23,U_ICU,S12_NIGHT,STF_ICU_009,Registered Nurse,Licensed,Core Staff,11.5,0.0,11.5,48.44,557.06
2026-01-23_U_ICU_S12_NIGHT,2026-01-23,U_ICU,S12_NIGHT,STF_ICU_012,Registered Nurse,Licensed,Agency/Traveler,11.5,0.0,11.5,57.97,666.66
2026-01-23_U_INT_S08_DAY,2026-01-23,U_INT,S08_DAY,STF_INT_015,Registered Nurse,Licensed,Core Staff,7.5,0.0,7.5,56.02,420.15
2026-01-23_U_INT_S08_DAY,2026-01-23,U_INT,S08_DAY,STF_INT_043,Registered Nurse,Licensed,Overtime,7.5,0.0,7.5,58.85,441.38
2026-01-23_U_INT_S08_DAY,2026-01-23,U_INT,S08_DAY,STF_INT_040,Certified Nursing Assistant,Unlicensed,Core Staff,7.5,0.0,7.5,34.36,257.7
2026-01-23_U_INT_S08_DAY,2026-01-23,U_INT,S08_DAY,STF_INT_036,Registered Nurse,Licensed,Core Staff,7.5,0.0,7.5,52.04,390.3
2026-01-23_U_INT_S08_DAY,2026-01-23,U_INT,S08_DAY,STF_INT_049,Registered Nurse,Licensed,Core Staff,7.5,0.0,7.5,50.15,376.12
2026-01-23_U_INT_S08_DAY,2026-01-23,U_INT,S08_DAY,STF_INT_003,Registered Nurse,Licensed,Core Staff,7.5,0.0,7.5,50.94,382.05
2026-01-23_U_INT_S08_DAY,2026-01-23,U_INT,S08_DAY,STF_INT_051,Registered Nurse,Licensed,Core Staff,7.5,0.0,7.5,56.93,426.98
2026-01-23_U_INT_S08_DAY,2026-01-23,U_INT,S08_DAY,STF_INT_063,Licensed Practical Nurse,Licensed,Core Staff,7.5,0.0,7.5,42.16,316.2
2026-01-23_U_INT_S08_DAY,2026-01-23,U_INT,S08_DAY,STF_INT_018,Certified Nursing Assistant,Unlicensed,Core Staff,7.5,0.0,7.5,33.68,252.6
2026-01-23_U_INT_S08_EVE,2026-01-23,U_INT,S08_EVE,STF_INT_035,Registered Nurse,Licensed,Float Pool,7.5,0.0,7.5,54.36,407.7
2026-01-23_U_INT_S08_EVE,2026-01-23,U_INT,S08_EVE,STF_INT_003,Registered Nurse,Licensed,Core Staff,7.5,0.0,7.5,49.12,368.4
2026-01-23_U_INT_S08_EVE,2026-01-23,U_INT,S08_EVE,STF_INT_028,Registered Nurse,Licensed,Core Staff,7.5,0.0,7.5,51.74,388.05
2026-01-23_U_INT_S08_EVE,2026-01-23,U_INT,S08_EVE,STF_INT_063,Licensed Practical Nurse,Licensed,Core Staff,7.5,0.0,7.5,45.96,344.7
2026-01-23_U_INT_S08_EVE,2026-01-23,U_INT,S08_EVE,STF_INT_026,Registered Nurse,Licensed,Core Staff,7.5,0.0,7.5,51.08,383.1
2026-01-23_U_INT_S08_EVE,2026-01-23,U_INT,S08_EVE,STF_INT_057,Registered Nurse,Licensed,Core Staff,7.5,0.0,7.5,56.14,421.05
2026-01-23_U_INT_S08_EVE,2026-01-23,U_INT,S08_EVE,STF_INT_056,Registered Nurse,Licensed,Core Staff,7.5,0.0,7.5,52.13,390.98
2026-01-23_U_INT_S08_EVE,2026-01-23,U_INT,S08_EVE,STF_INT_039,Registered Nurse,Licensed,Float Pool,7.5,0.0,7.5,57.01,427.58
2026-01-23_U_INT_S08_NIGHT,2026-01-23,U_INT,S08_NIGHT,STF_INT_028,Registered Nurse,Licensed,Core Staff,7.5,0.0,7.5,56.04,420.3
2026-01-23_U_INT_S08_NIGHT,2026-01-23,U_INT,S08_NIGHT,STF_INT_024,Licensed Practical Nurse,Licensed,Core Staff,7.5,0.0,7.5,43.73,327.98
2026-01-23_U_INT_S08_NIGHT,2026-01-23,U_INT,S08_NIGHT,STF_INT_003,Registered Nurse,Licensed,Overtime,7.5,0.0,7.5,52.7,395.25
2026-01-23_U_INT_S08_NIGHT,2026-01-23,U_INT,S08_NIGHT,STF_INT_030,Licensed Practical Nurse,Licensed,Core Staff,7.5,0.0,7.5,44.26,331.95
2026-01-23_U_INT_S08_NIGHT,2026-01-23,U_INT,S08_NIGHT,STF_INT_007,Registered Nurse,Licensed,Core Staff,7.5,0.0,7.5,52.54,394.05
2026-01-23_U_INT_S08_NIGHT,2026-01-23,U_INT,S08_NIGHT,STF_INT_025,Registered Nurse,Licensed,Core Staff,7.5,0.0,7.5,54.05,405.38
2026-01-24_U_ICU_S12_DAY,2026-01-24,U_ICU,S12_DAY,STF_ICU_005,Registered Nurse,Licensed,Core Staff,11.5,0.0,11.5,51.82,595.93
2026-01-24_U_ICU_S12_DAY,2026-01-24,U_ICU,S12_DAY,STF_ICU_032,Certified Nursing Assistant,Unlicensed,Core Staff,11.5,0.0,11.5,36.44,419.06
2026-01-24_U_ICU_S12_DAY,2026-01-24,U_ICU,S12_DAY,STF_ICU_021,Registered Nurse,Licensed,Core Staff,11.5,0.0,11.5,58.13,668.5
2026-01-24_U_ICU_S12_DAY,2026-01-24,U_ICU,S12_DAY,STF_ICU_027,Registered Nurse,Licensed,Core Staff,11.5,0.0,11.5,55.38,636.87
2026-01-24_U_ICU_S12_DAY,2026-01-24,U_ICU,S12_DAY,STF_ICU_028,Registered Nurse,Licensed,Core Staff,11.5,0.0,11.5,52.35,602.02
2026-01-24_U_ICU_S12_DAY,2026-01-24,U_ICU,S12_DAY,STF_ICU_020,Registered Nurse,Licensed,Core Staff,11.5,0.0,11.5,55.84,642.16
2026-01-24_U_ICU_S12_DAY,2026-01-24,U_ICU,S12_DAY,STF_ICU_018,Registered Nurse,Licensed,Core Staff,11.5,0.0,11.5,59.44,683.56
2026-01-24_U_ICU_S12_DAY,2026-01-24,U_ICU,S12_DAY,STF_ICU_024,Registered Nurse,Licensed,Core Staff,11.5,0.0,11.5,54.68,628.82
2026-01-24_U_ICU_S12_NIGHT,2026-01-24,U_ICU,S12_NIGHT,STF_ICU_023,Registered Nurse,Licensed,Core Staff,11.5,0.0,11.5,52.91,608.46
2026-01-24_U_ICU_S12_NIGHT,2026-01-24,U_ICU,S12_NIGHT,STF_ICU_035,Certified Nursing Assistant,Unlicensed,Agency/Traveler,11.5,0.0,11.5,30.09,346.04
2026-01-24_U_ICU_S12_NIGHT,2026-01-24,U_ICU,S12_NIGHT,STF_ICU_018,Registered Nurse,Licensed,Core Staff,11.5,0.0,11.5,52.5,603.75
2026-01-24_U_ICU_S12_NIGHT,2026-01-24,U_ICU,S12_NIGHT,STF_ICU_021,Registered Nurse,Licensed,Core Staff,11.5,0.0,11.5,59.81,687.82
2026-01-24_U_ICU_S12_NIGHT,2026-01-24,U_ICU,S12_NIGHT,STF_ICU_006,Registered Nurse,Licensed,Core Staff,11.5,0.0,11.5,57.32,659.18
2026-01-24_U_ICU_S12_NIGHT,2026-01-24,U_ICU,S12_NIGHT,STF_ICU_033,Certified Nursing Assistant,Unlicensed,Core Staff,11.5,0.0,11.5,32.14,369.61
2026-01-24_U_INT_S08_DAY,2026-01-24,U_INT,S08_DAY,STF_INT_055,Registered Nurse,Licensed,Core Staff,7.5,0.0,7.5,48.96,367.2
2026-01-24_U_INT_S08_DAY,2026-01-24,U_INT,S08_DAY,STF_INT_059,Registered Nurse,Licensed,Core Staff,7.5,0.0,7.5,58.24,436.8
2026-01-24_U_INT_S08_DAY,2026-01-24,U_INT,S08_DAY,STF_INT_030,Licensed Practical Nurse,Licensed,Core Staff,7.5,0.0,7.5,45.34,340.05
2026-01-24_U_INT_S08_DAY,2026-01-24,U_INT,S08_DAY,STF_INT_002,Registered Nurse,Licensed,Core Staff,7.5,0.0,7.5,57.23,429.22
2026-01-24_U_INT_S08_DAY,2026-01-24,U_INT,S08_DAY,STF_INT_004,Registered Nurse,Licensed,Core Staff,7.5,0.0,7.5,51.15,383.62
2026-01-24_U_INT_S08_DAY,2026-01-24,U_INT,S08_DAY,STF_INT_008,Registered Nurse,Licensed,Agency/Traveler,7.5,0.0,7.5,55.02,412.65
2026-01-24_U_INT_S08_DAY,2026-01-24,U_INT,S08_DAY,STF_INT_017,Certified Nursing Assistant,Unlicensed,Core Staff,7.5,0.0,7.5,33.09,248.18
2026-01-24_U_INT_S08_EVE,2026-01-24,U_INT,S08_EVE,STF_INT_040,Certified Nursing Assistant,Unlicensed,Core Staff,7.5,0.0,7.5,36.44,273.3
2026-01-24_U_INT_S08_EVE,2026-01-24,U_INT,S08_EVE,STF_INT_018,Certified Nursing Assistant,Unlicensed,Core Staff,7.5,0.0,7.5,32.63,244.73
2026-01-24_U_INT_S08_EVE,2026-01-24,U_INT,S08_EVE,STF_INT_006,Licensed Practical Nurse,Licensed,Overtime,7.5,0.0,7.5,38.88,291.6
2026-01-24_U_INT_S08_EVE,2026-01-24,U_INT,S08_EVE,STF_INT_032,Registered Nurse,Licensed,Float Pool,7.5,0.0,7.5,53.38,400.35
2026-01-24_U_INT_S08_EVE,2026-01-24,U_INT,S08_EVE,STF_INT_021,Licensed Practical Nurse,Licensed,Core Staff,7.5,0.0,7.5,40.1,300.75
2026-01-24_U_INT_S08_EVE,2026-01-24,U_INT,S08_EVE,STF_INT_052,Licensed Practical Nurse,Licensed,Core Staff,7.5,0.0,7.5,45.34,340.05
2026-01-24_U_INT_S08_EVE,2026-01-24,U_INT,S08_EVE,STF_INT_023,Registered Nurse,Licensed,Overtime,7.5,0.0,7.5,53.48,401.1
2026-01-24_U_INT_S08_EVE,2026-01-24,U_INT,S08_EVE,STF_INT_001,Certified Nursing Assistant,Unlicensed,Core Staff,7.5,0.0,7.5,33.24,249.3
2026-01-24_U_INT_S08_NIGHT,2026-01-24,U_INT,S08_NIGHT,STF_INT_046,Registered Nurse,Licensed,Overtime,7.5,0.0,7.5,59.17,443.78
2026-01-24_U_INT_S08_NIGHT,2026-01-24,U_INT,S08_NIGHT,STF_INT_003,Registered Nurse,Licensed,Core Staff,7.5,0.0,7.5,57.33,429.98
2026-01-24_U_INT_S08_NIGHT,2026-01-24,U_INT,S08_NIGHT,STF_INT_014,Registered Nurse,Licensed,Overtime,7.5,0.0,7.5,53.38,400.35
2026-01-24_U_INT_S08_NIGHT,2026-01-24,U_INT,S08_NIGHT,STF_INT_039,Registered Nurse,Licensed,Float Pool,7.5,0.0,7.5,58.2,436.5
2026-01-24_U_INT_S08_NIGHT,2026-01-24,U_INT,S08_NIGHT,STF_INT_048,Registered Nurse,Licensed,Core Staff,7.5,0.0,7.5,52.47,393.52
2026-01-25_U_ICU_S12_DAY,2026-01-25,U_ICU,S12_DAY,STF_ICU_017,Registered Nurse,Licensed,Core Staff,11.5,0.0,11.5,55.86,642.39
2026-01-25_U_ICU_S12_DAY,2026-01-25,U_ICU,S12_DAY,STF_ICU_005,Registered Nurse,Licensed,Overtime,11.5,0.0,11.5,51.15,588.22
2026-01-25_U_ICU_S12_DAY,2026-01-25,U_ICU,S12_DAY,STF_ICU_022,Registered Nurse,Licensed,Float Pool,11.5,0.0,11.5,57.34,659.41
2026-01-25_U_ICU_S12_DAY,2026-01-25,U_ICU,S12_DAY,STF_ICU_030,Registered Nurse,Licensed,Core Staff,11.5,0.0,11.5,52.48,603.52
2026-01-25_U_ICU_S12_DAY,2026-01-25,U_ICU,S12_DAY,STF_ICU_031,Certified Nursing Assistant,Unlicensed,Core Staff,11.5,0.0,11.5,30.41,349.72
2026-01-25_U_ICU_S12_DAY,2026-01-25,U_ICU,S12_DAY,STF_ICU_015,Registered Nurse,Licensed,Core Staff,11.5,0.0,11.5,54.47,626.4
2026-01-25_U_ICU_S12_DAY,2026-01-25,U_ICU,S12_DAY,STF_ICU_033,Certified Nursing Assistant,Unlicensed,Core Staff,11.5,0.0,11.5,30.78,353.97
2026-01-25_U_ICU_S12_NIGHT,2026-01-25,U_ICU,S12_NIGHT,STF_ICU_012,Registered Nurse,Licensed,Agency/Traveler,11.5,0.0,11.5,55.66,640.09
2026-01-25_U_ICU_S12_NIGHT,2026-01-25,U_ICU,S12_NIGHT,STF_ICU_033,Certified Nursing Assistant,Unlicensed,Core Staff,11.5,0.0,11.5,31.53,362.6
2026-01-25_U_ICU_S12_NIGHT,2026-01-25,U_ICU,S12_NIGHT,STF_ICU_030,Registered Nurse,Licensed,Overtime,11.5,0.0,11.5,58.42,671.83
2026-01-25_U_ICU_S12_NIGHT,2026-01-25,U_ICU,S12_NIGHT,STF_ICU_008,Registered Nurse,Licensed,Overtime,11.5,0.0,11.5,59.95,689.42
2026-01-25_U_ICU_S12_NIGHT,2026-01-25,U_ICU,S12_NIGHT,STF_ICU_026,Registered Nurse,Licensed,Overtime,11.5,0.0,11.5,50.89,585.24
2026-01-25_U_ICU_S12_NIGHT,2026-01-25,U_ICU,S12_NIGHT,STF_ICU_022,Registered Nurse,Licensed,Core Staff,11.5,0.0,11.5,52.38,602.37
2026-01-25_U_INT_S08_DAY,2026-01-25,U_INT,S08_DAY,STF_INT_011,Certified Nursing Assistant,Unlicensed,Core Staff,7.5,0.0,7.5,35.99,269.92
2026-01-25_U_INT_S08_DAY,2026-01-25,U_INT,S08_DAY,STF_INT_049,Registered Nurse,Licensed,Overtime,7.5,0.0,7.5,59.95,449.62
2026-01-25_U_INT_S08_DAY,2026-01-25,U_INT,S08_DAY,STF_INT_042,Registered Nurse,Licensed,Overtime,7.5,0.0,7.5,49.56,371.7
2026-01-25_U_INT_S08_DAY,2026-01-25,U_INT,S08_DAY,STF_INT_041,Certified Nursing Assistant,Unlicensed,Overtime,7.5,0.0,7.5,31.37,235.28
2026-01-25_U_INT_S08_DAY,2026-01-25,U_INT,S08_DAY,STF_INT_032,Registered Nurse,Licensed,Core Staff,7.5,0.0,7.5,58.82,441.15
2026-01-25_U_INT_S08_DAY,2026-01-25,U_INT,S08_DAY,STF_INT_028,Registered Nurse,Licensed,Core Staff,5.5,2.0,7.5,55.16,413.7
2026-01-25_U_INT_S08_DAY,2026-01-25,U_INT,S08_DAY,STF_INT_009,Certified Nursing Assistant,Unlicensed,Float Pool,7.5,0.0,7.5,33.12,248.4
2026-01-25_U_INT_S08_DAY,2026-01-25,U_INT,S08_DAY,STF_INT_045,Registered Nurse,Licensed,Float Pool,7.5,0.0,7.5,49.3,369.75
2026-01-25_U_INT_S08_EVE,2026-01-25,U_INT,S08_EVE,STF_INT_027,Licensed Practical Nurse,Licensed,Overtime,7.5,0.0,7.5,41.78,313.35
2026-01-25_U_INT_S08_EVE,2026-01-25,U_INT,S08_EVE,STF_INT_053,Certified Nursing Assistant,Unlicensed,Agency/Traveler,7.5,0.0,7.5,31.1,233.25
2026-01-25_U_INT_S08_EVE,2026-01-25,U_INT,S08_EVE,STF_INT_043,Registered Nurse,Licensed,Overtime,7.5,0.0,7.5,54.91,411.82
2026-01-25_U_INT_S08_EVE,2026-01-25,U_INT,S08_EVE,STF_INT_041,Certified Nursing Assistant,Unlicensed,Overtime,7.5,0.0,7.5,30.81,231.08
2026-01-25_U_INT_S08_EVE,2026-01-25,U_INT,S08_EVE,STF_INT_017,Certified Nursing Assistant,Unlicensed,Float Pool,7.5,0.0,7.5,36.29,272.18
2026-01-25_U_INT_S08_EVE,2026-01-25,U_INT,S08_EVE,STF_INT_061,Registered Nurse,Licensed,Core Staff,7.5,0.0,7.5,48.39,362.92
2026-01-25_U_INT_S08_EVE,2026-01-25,U_INT,S08_EVE,STF_INT_030,Licensed Practical Nurse,Licensed,Core Staff,7.5,0.0,7.5,44.14,331.05
2026-01-25_U_INT_S08_EVE,2026-01-25,U_INT,S08_EVE,STF_INT_004,Registered Nurse,Licensed,Overtime,7.5,0.0,7.5,53.88,404.1
2026-01-25_U_INT_S08_EVE,2026-01-25,U_INT,S08_EVE,STF_INT_058,Registered Nurse,Licensed,Float Pool,7.5,0.0,7.5,52.18,391.35
2026-01-25_U_INT_S08_EVE,2026-01-25,U_INT,S08_EVE,STF_INT_047,Certified Nursing Assistant,Unlicensed,Core Staff,7.5,0.0,7.5,33.06,247.95
2026-01-25_U_INT_S08_NIGHT,2026-01-25,U_INT,S08_NIGHT,STF_INT_056,Registered Nurse,Licensed,Core Staff,7.5,0.0,7.5,49.6,372.0
2026-01-25_U_INT_S08_NIGHT,2026-01-25,U_INT,S08_NIGHT,STF_INT_020,Certified Nursing Assistant,Unlicensed,Agency/Traveler,7.5,0.0,7.5,34.94,262.05
2026-01-25_U_INT_S08_NIGHT,2026-01-25,U_INT,S08_NIGHT,STF_INT_044,Certified Nursing Assistant,Unlicensed,Core Staff,7.5,0.0,7.5,33.72,252.9
2026-01-25_U_INT_S08_NIGHT,2026-01-25,U_INT,S08_NIGHT,STF_INT_038,Registered Nurse,Licensed,Core Staff,7.5,0.0,7.5,48.14,361.05
2026-01-25_U_INT_S08_NIGHT,2026-01-25,U_INT,S08_NIGHT,STF_INT_001,Certified Nursing Assistant,Unlicensed,Core Staff,7.5,0.0,7.5,32.01,240.08
2026-01-25_U_INT_S08_NIGHT,2026-01-25,U_INT,S08_NIGHT,STF_INT_003,Registered Nurse,Licensed,Core Staff,7.5,0.0,7.5,51.7,387.75
2026-01-26_U_ICU_S12_DAY,2026-01-26,U_ICU,S12_DAY,STF_ICU_033,Certified Nursing Assistant,Unlicensed,Core Staff,11.5,0.0,11.5,35.48,408.02
2026-01-26_U_ICU_S12_DAY,2026-01-26,U_ICU,S12_DAY,STF_ICU_006,Registered Nurse,Licensed,Core Staff,11.5,0.0,11.5,56.23,646.64
2026-01-26_U_ICU_S12_DAY,2026-01-26,U_ICU,S12_DAY,STF_ICU_034,Certified Nursing Assistant,Unlicensed,Agency/Traveler,11.5,0.0,11.5,33.46,384.79
2026-01-26_U_ICU_S12_DAY,2026-01-26,U_ICU,S12_DAY,STF_ICU_029,Registered Nurse,Licensed,Core Staff,11.5,0.0,11.5,49.21,565.92
2026-01-26_U_ICU_S12_DAY,2026-01-26,U_ICU,S12_DAY,STF_ICU_022,Registered Nurse,Licensed,Core Staff,11.5,0.0,11.5,59.57,685.06
2026-01-26_U_ICU_S12_DAY,2026-01-26,U_ICU,S12_DAY,STF_ICU_005,Registered Nurse,Licensed,Overtime,11.5,0.0,11.5,58.89,677.24
2026-01-26_U_ICU_S12_DAY,2026-01-26,U_ICU,S12_DAY,STF_ICU_030,Registered Nurse,Licensed,Core Staff,11.5,0.0,11.5,54.27,624.1
2026-01-26_U_ICU_S12_NIGHT,2026-01-26,U_ICU,S12_NIGHT,STF_ICU_030,Registered Nurse,Licensed,Core Staff,11.5,0.0,11.5,50.23,577.64
2026-01-26_U_ICU_S12_NIGHT,2026-01-26,U_ICU,S12_NIGHT,STF_ICU_019,Registered Nurse,Licensed,Core Staff,11.5,0.0,11.5,56.26,646.99
2026-01-26_U_ICU_S12_NIGHT,2026-01-26,U_ICU,S12_NIGHT,STF_ICU_018,Registered Nurse,Licensed,Core Staff,11.5,0.0,11.5,59.47,683.9
2026-01-26_U_ICU_S12_NIGHT,2026-01-26,U_ICU,S12_NIGHT,STF_ICU_015,Registered Nurse,Licensed,Core Staff,11.5,0.0,11.5,58.15,668.72
2026-01-26_U_ICU_S12_NIGHT,2026-01-26,U_ICU,S12_NIGHT,STF_ICU_023,Registered Nurse,Licensed,Core Staff,11.5,0.0,11.5,49.88,573.62
2026-01-26_U_ICU_S12_NIGHT,2026-01-26,U_ICU,S12_NIGHT,STF_ICU_016,Registered Nurse,Licensed,Core Staff,11.5,0.0,11.5,48.27,555.1
2026-01-26_U_INT_S08_DAY,2026-01-26,U_INT,S08_DAY,STF_INT_008,Registered Nurse,Licensed,Agency/Traveler,7.5,0.0,7.5,51.75,388.12
2026-01-26_U_INT_S08_DAY,2026-01-26,U_INT,S08_DAY,STF_INT_017,Certified Nursing Assistant,Unlicensed,Core Staff,7.5,0.0,7.5,30.12,225.9
2026-01-26_U_INT_S08_DAY,2026-01-26,U_INT,S08_DAY,STF_INT_026,Registered Nurse,Licensed,Core Staff,7.5,0.0,7.5,57.31,429.83
2026-01-26_U_INT_S08_DAY,2026-01-26,U_INT,S08_DAY,STF_INT_001,Certified Nursing Assistant,Unlicensed,Core Staff,7.5,0.0,7.5,33.5,251.25
2026-01-26_U_INT_S08_DAY,2026-01-26,U_INT,S08_DAY,STF_INT_052,Licensed Practical Nurse,Licensed,Core Staff,7.5,0.0,7.5,39.38,295.35
2026-01-26_U_INT_S08_DAY,2026-01-26,U_INT,S08_DAY,STF_INT_034,Licensed Practical Nurse,Licensed,Core Staff,7.5,0.0,7.5,43.71,327.82
2026-01-26_U_INT_S08_DAY,2026-01-26,U_INT,S08_DAY,STF_INT_058,Registered Nurse,Licensed,Agency/Traveler,7.5,0.0,7.5,54.36,407.7
2026-01-26_U_INT_S08_DAY,2026-01-26,U_INT,S08_DAY,STF_INT_047,Certified Nursing Assistant,Unlicensed,Core Staff,7.5,0.0,7.5,33.38,250.35
2026-01-26_U_INT_S08_DAY,2026-01-26,U_INT,S08_DAY,STF_INT_018,Certified Nursing Assistant,Unlicensed,Core Staff,7.5,0.0,7.5,32.72,245.4
2026-01-26_U_INT_S08_EVE,2026-01-26,U_INT,S08_EVE,STF_INT_049,Registered Nurse,Licensed,Core Staff,7.5,0.0,7.5,48.1,360.75
2026-01-26_U_INT_S08_EVE,2026-01-26,U_INT,S08_EVE,STF_INT_054,Registered Nurse,Licensed,Core Staff,7.5,0.0,7.5,59.53,446.48
2026-01-26_U_INT_S08_EVE,2026-01-26,U_INT,S08_EVE,STF_INT_061,Registered Nurse,Licensed,Core Staff,5.5,2.0,7.5,55.85,418.88
2026-01-26_U_INT_S08_EVE,2026-01-26,U_INT,S08_EVE,STF_INT_006,Licensed Practical Nurse,Licensed,Agency/Traveler,7.5,0.0,7.5,47.0,352.5
2026-01-26_U_INT_S08_EVE,2026-01-26,U_INT,S08_EVE,STF_INT_014,Registered Nurse,Licensed,Overtime,7.5,0.0,7.5,50.57,379.28
2026-01-26_U_INT_S08_EVE,2026-01-26,U_INT,S08_EVE,STF_INT_037,Certified Nursing Assistant,Unlicensed,Agency/Traveler,7.5,0.0,7.5,30.93,231.98
2026-01-26_U_INT_S08_EVE,2026-01-26,U_INT,S08_EVE,STF_INT_031,Registered Nurse,Licensed,Core Staff,7.5,0.0,7.5,49.73,372.98
2026-01-26_U_INT_S08_EVE,2026-01-26,U_INT,S08_EVE,STF_INT_020,Certified Nursing Assistant,Unlicensed,Overtime,7.5,0.0,7.5,36.42,273.15
2026-01-26_U_INT_S08_EVE,2026-01-26,U_INT,S08_EVE,STF_INT_044,Certified Nursing Assistant,Unlicensed,Core Staff,7.5,0.0,7.5,32.57,244.28
2026-01-26_U_INT_S08_NIGHT,2026-01-26,U_INT,S08_NIGHT,STF_INT_031,Registered Nurse,Licensed,Core Staff,7.5,0.0,7.5,55.19,413.92
2026-01-26_U_INT_S08_NIGHT,2026-01-26,U_INT,S08_NIGHT,STF_INT_040,Certified Nursing Assistant,Unlicensed,Core Staff,7.5,0.0,7.5,32.81,246.08
2026-01-26_U_INT_S08_NIGHT,2026-01-26,U_INT,S08_NIGHT,STF_INT_006,Licensed Practical Nurse,Licensed,Agency/Traveler,7.5,0.0,7.5,38.29,287.18
2026-01-26_U_INT_S08_NIGHT,2026-01-26,U_INT,S08_NIGHT,STF_INT_042,Registered Nurse,Licensed,Overtime,7.5,0.0,7.5,53.77,403.28
2026-01-26_U_INT_S08_NIGHT,2026-01-26,U_INT,S08_NIGHT,STF_INT_060,Registered Nurse,Licensed,Agency/Traveler,7.5,0.0,7.5,56.98,427.35
2026-01-26_U_INT_S08_NIGHT,2026-01-26,U_INT,S08_NIGHT,STF_INT_014,Registered Nurse,Licensed,Overtime,7.5,0.0,7.5,57.99,434.92
2026-01-26_U_INT_S08_NIGHT,2026-01-26,U_INT,S08_NIGHT,STF_INT_046,Registered Nurse,Licensed,Overtime,7.5,0.0,7.5,52.62,394.65
2026-01-27_U_ICU_S12_DAY,2026-01-27,U_ICU,S12_DAY,STF_ICU_011,Registered Nurse,Licensed,Core Staff,11.5,0.0,11.5,58.75,675.62
2026-01-27_U_ICU_S12_DAY,2026-01-27,U_ICU,S12_DAY,STF_ICU_034,Certified Nursing Assistant,Unlicensed,Float Pool,11.5,0.0,11.5,34.08,391.92
2026-01-27_U_ICU_S12_DAY,2026-01-27,U_ICU,S12_DAY,STF_ICU_024,Registered Nurse,Licensed,Core Staff,11.5,0.0,11.5,48.28,555.22
2026-01-27_U_ICU_S12_DAY,2026-01-27,U_ICU,S12_DAY,STF_ICU_002,Registered Nurse,Licensed,Agency/Traveler,11.5,0.0,11.5,49.89,573.74
2026-01-27_U_ICU_S12_DAY,2026-01-27,U_ICU,S12_DAY,STF_ICU_026,Registered Nurse,Licensed,Overtime,11.5,0.0,11.5,52.07,598.8
2026-01-27_U_ICU_S12_DAY,2026-01-27,U_ICU,S12_DAY,STF_ICU_003,Registered Nurse,Licensed,Core Staff,11.5,0.0,11.5,57.03,655.84
2026-01-27_U_ICU_S12_NIGHT,2026-01-27,U_ICU,S12_NIGHT,STF_ICU_009,Registered Nurse,Licensed,Agency/Traveler,11.5,0.0,11.5,51.51,592.36
2026-01-27_U_ICU_S12_NIGHT,2026-01-27,U_ICU,S12_NIGHT,STF_ICU_013,Registered Nurse,Licensed,Overtime,11.5,0.0,11.5,52.23,600.64
2026-01-27_U_ICU_S12_NIGHT,2026-01-27,U_ICU,S12_NIGHT,STF_ICU_028,Registered Nurse,Licensed,Core Staff,11.5,0.0,11.5,48.1,553.15
2026-01-27_U_ICU_S12_NIGHT,2026-01-27,U_ICU,S12_NIGHT,STF_ICU_002,Registered Nurse,Licensed,Agency/Traveler,11.5,0.0,11.5,50.22,577.53
2026-01-27_U_ICU_S12_NIGHT,2026-01-27,U_ICU,S12_NIGHT,STF_ICU_018,Registered Nurse,Licensed,Core Staff,11.5,0.0,11.5,55.83,642.04
2026-01-27_U_ICU_S12_NIGHT,2026-01-27,U_ICU,S12_NIGHT,STF_ICU_024,Registered Nurse,Licensed,Core Staff,11.5,0.0,11.5,53.96,620.54
2026-01-27_U_ICU_S12_NIGHT,2026-01-27,U_ICU,S12_NIGHT,STF_ICU_026,Registered Nurse,Licensed,Overtime,11.5,0.0,11.5,53.29,612.84
2026-01-27_U_ICU_S12_NIGHT,2026-01-27,U_ICU,S12_NIGHT,STF_ICU_005,Registered Nurse,Licensed,Core Staff,11.5,0.0,11.5,55.3,635.95
2026-01-27_U_INT_S08_DAY,2026-01-27,U_INT,S08_DAY,STF_INT_003,Registered Nurse,Licensed,Core Staff,7.5,0.0,7.5,55.25,414.38
2026-01-27_U_INT_S08_DAY,2026-01-27,U_INT,S08_DAY,STF_INT_036,Registered Nurse,Licensed,Core Staff,7.5,0.0,7.5,58.35,437.62
2026-01-27_U_INT_S08_DAY,2026-01-27,U_INT,S08_DAY,STF_INT_005,Certified Nursing Assistant,Unlicensed,Core Staff,7.5,0.0,7.5,34.24,256.8
2026-01-27_U_INT_S08_DAY,2026-01-27,U_INT,S08_DAY,STF_INT_028,Registered Nurse,Licensed,Core Staff,7.5,0.0,7.5,48.07,360.52
2026-01-27_U_INT_S08_DAY,2026-01-27,U_INT,S08_DAY,STF_INT_064,Licensed Practical Nurse,Licensed,Core Staff,7.5,0.0,7.5,46.05,345.38
2026-01-27_U_INT_S08_DAY,2026-01-27,U_INT,S08_DAY,STF_INT_024,Licensed Practical Nurse,Licensed,Core Staff,7.5,0.0,7.5,39.03,292.73
2026-01-27_U_INT_S08_DAY,2026-01-27,U_INT,S08_DAY,STF_INT_029,Licensed Practical Nurse,Licensed,Core Staff,7.5,0.0,7.5,44.91,336.82
2026-01-27_U_INT_S08_DAY,2026-01-27,U_INT,S08_DAY,STF_INT_053,Certified Nursing Assistant,Unlicensed,Agency/Traveler,7.5,0.0,7.5,31.34,235.05
2026-01-27_U_INT_S08_DAY,2026-01-27,U_INT,S08_DAY,STF_INT_017,Certified Nursing Assistant,Unlicensed,Core Staff,7.5,0.0,7.5,35.18,263.85
2026-01-27_U_INT_S08_EVE,2026-01-27,U_INT,S08_EVE,STF_INT_054,Registered Nurse,Licensed,Core Staff,7.5,0.0,7.5,54.18,406.35
2026-01-27_U_INT_S08_EVE,2026-01-27,U_INT,S08_EVE,STF_INT_014,Registered Nurse,Licensed,Overtime,7.5,0.0,7.5,49.3,369.75
2026-01-27_U_INT_S08_EVE,2026-01-27,U_INT,S08_EVE,STF_INT_006,Licensed Practical Nurse,Licensed,Core Staff,7.5,0.0,7.5,46.68,350.1
2026-01-27_U_INT_S08_EVE,2026-01-27,U_INT,S08_EVE,STF_INT_050,Registered Nurse,Licensed,Float Pool,7.5,0.0,7.5,53.23,399.22
2026-01-27_U_INT_S08_EVE,2026-01-27,U_INT,S08_EVE,STF_INT_057,Registered Nurse,Licensed,Core Staff,7.5,0.0,7.5,51.61,387.08
2026-01-27_U_INT_S08_EVE,2026-01-27,U_INT,S08_EVE,STF_INT_041,Certified Nursing Assistant,Unlicensed,Overtime,7.5,0.0,7.5,33.24,249.3
2026-01-27_U_INT_S08_EVE,2026-01-27,U_INT,S08_EVE,STF_INT_019,Registered Nurse,Licensed,Core Staff,7.5,0.0,7.5,52.4,393.0
2026-01-27_U_INT_S08_NIGHT,2026-01-27,U_INT,S08_NIGHT,STF_INT_064,Licensed Practical Nurse,Licensed,Overtime,7.5,0.0,7.5,46.15,346.12
2026-01-27_U_INT_S08_NIGHT,2026-01-27,U_INT,S08_NIGHT,STF_INT_058,Registered Nurse,Licensed,Float Pool,7.5,0.0,7.5,49.28,369.6
2026-01-27_U_INT_S08_NIGHT,2026-01-27,U_INT,S08_NIGHT,STF_INT_043,Registered Nurse,Licensed,Overtime,7.5,0.0,7.5,56.62,424.65
2026-01-27_U_INT_S08_NIGHT,2026-01-27,U_INT,S08_NIGHT,STF_INT_035,Registered Nurse,Licensed,Overtime,7.5,0.0,7.5,50.45,378.38
2026-01-27_U_INT_S08_NIGHT,2026-01-27,U_INT,S08_NIGHT,STF_INT_051,Registered Nurse,Licensed,Core Staff,7.5,0.0,7.5,51.97,389.78
2026-01-27_U_INT_S08_NIGHT,2026-01-27,U_INT,S08_NIGHT,STF_INT_029,Licensed Practical Nurse,Licensed,Core Staff,7.5,0.0,7.5,41.13,308.48
2026-01-28_U_ICU_S12_DAY,2026-01-28,U_ICU,S12_DAY,STF_ICU_011,Registered Nurse,Licensed,Core Staff,11.5,0.0,11.5,53.71,617.66
2026-01-28_U_ICU_S12_DAY,2026-01-28,U_ICU,S12_DAY,STF_ICU_012,Registered Nurse,Licensed,Agency/Traveler,11.5,0.0,11.5,59.25,681.38
2026-01-28_U_ICU_S12_DAY,2026-01-28,U_ICU,S12_DAY,STF_ICU_027,Registered Nurse,Licensed,Core Staff,11.5,0.0,11.5,53.61,616.52
2026-01-28_U_ICU_S12_DAY,2026-01-28,U_ICU,S12_DAY,STF_ICU_019,Registered Nurse,Licensed,Core Staff,11.5,0.0,11.5,52.72,606.28
2026-01-28_U_ICU_S12_DAY,2026-01-28,U_ICU,S12_DAY,STF_ICU_014,Registered Nurse,Licensed,Core Staff,11.5,0.0,11.5,55.21,634.92
2026-01-28_U_ICU_S12_DAY,2026-01-28,U_ICU,S12_DAY,STF_ICU_030,Registered Nurse,Licensed,Core Staff,11.5,0.0,11.5,50.94,585.81
2026-01-28_U_ICU_S12_NIGHT,2026-01-28,U_ICU,S12_NIGHT,STF_ICU_028,Registered Nurse,Licensed,Core Staff,11.5,0.0,11.5,52.42,602.83
2026-01-28_U_ICU_S12_NIGHT,2026-01-28,U_ICU,S12_NIGHT,STF_ICU_029,Registered Nurse,Licensed,Core Staff,11.5,0.0,11.5,58.25,669.88
2026-01-28_U_ICU_S12_NIGHT,2026-01-28,U_ICU,S12_NIGHT,STF_ICU_022,Registered Nurse,Licensed,Core Staff,11.5,0.0,11.5,51.43,591.45
2026-01-28_U_ICU_S12_NIGHT,2026-01-28,U_ICU,S12_NIGHT,STF_ICU_032,Certified Nursing Assistant,Unlicensed,Core Staff,11.5,0.0,11.5,35.56,408.94
2026-01-28_U_ICU_S12_NIGHT,2026-01-28,U_ICU,S12_NIGHT,STF_ICU_026,Registered Nurse,Licensed,Overtime,9.5,2.0,11.5,55.22,635.03
2026-01-28_U_ICU_S12_NIGHT,2026-01-28,U_ICU,S12_NIGHT,STF_ICU_014,Registered Nurse,Licensed,Core Staff,11.5,0.0,11.5,59.22,681.03
2026-01-28_U_ICU_S12_NIGHT,2026-01-28,U_ICU,S12_NIGHT,STF_ICU_027,Registered Nurse,Licensed,Overtime,9.5,2.0,11.5,52.89,608.24
2026-01-28_U_INT_S08_DAY,2026-01-28,U_INT,S08_DAY,STF_INT_028,Registered Nurse,Licensed,Core Staff,5.5,2.0,7.5,53.95,404.62
2026-01-28_U_INT_S08_DAY,2026-01-28,U_INT,S08_DAY,STF_INT_059,Registered Nurse,Licensed,Core Staff,7.5,0.0,7.5,56.35,422.62
2026-01-28_U_INT_S08_DAY,2026-01-28,U_INT,S08_DAY,STF_INT_040,Certified Nursing Assistant,Unlicensed,Core Staff,7.5,0.0,7.5,34.58,259.35
2026-01-28_U_INT_S08_DAY,2026-01-28,U_INT,S08_DAY,STF_INT_002,Registered Nurse,Licensed,Core Staff,7.5,0.0,7.5,53.87,404.02
2026-01-28_U_INT_S08_DAY,2026-01-28,U_INT,S08_DAY,STF_INT_029,Licensed Practical Nurse,Licensed,Core Staff,7.5,0.0,7.5,39.89,299.18
2026-01-28_U_INT_S08_DAY,2026-01-28,U_INT,S08_DAY,STF_INT_051,Registered Nurse,Licensed,Agency/Traveler,7.5,0.0,7.5,50.98,382.35
2026-01-28_U_INT_S08_DAY,2026-01-28,U_INT,S08_DAY,STF_INT_020,Certified Nursing Assistant,Unlicensed,Core Staff,7.5,0.0,7.5,35.01,262.58
2026-01-28_U_INT_S08_DAY,2026-01-28,U_INT,S08_DAY,STF_INT_021,Licensed Practical Nurse,Licensed,Core Staff,7.5,0.0,7.5,40.3,302.25
2026-01-28_U_INT_S08_DAY,2026-01-28,U_INT,S08_DAY,STF_INT_038,Registered Nurse,Licensed,Core Staff,7.5,0.0,7.5,49.56,371.7
2026-01-28_U_INT_S08_DAY,2026-01-28,U_INT,S08_DAY,STF_INT_025,Registered Nurse,Licensed,Core Staff,7.5,0.0,7.5,56.25,421.88
2026-01-28_U_INT_S08_EVE,2026-01-28,U_INT,S08_EVE,STF_INT_031,Registered Nurse,Licensed,Core Staff,7.5,0.0,7.5,55.78,418.35
2026-01-28_U_INT_S08_EVE,2026-01-28,U_INT,S08_EVE,STF_INT_053,Certified Nursing Assistant,Unlicensed,Agency/Traveler,7.5,0.0,7.5,31.36,235.2
2026-01-28_U_INT_S08_EVE,2026-01-28,U_INT,S08_EVE,STF_INT_045,Registered Nurse,Licensed,Core Staff,7.5,0.0,7.5,53.14,398.55
2026-01-28_U_INT_S08_EVE,2026-01-28,U_INT,S08_EVE,STF_INT_054,Registered Nurse,Licensed,Core Staff,7.5,0.0,7.5,57.06,427.95
2026-01-28_U_INT_S08_EVE,2026-01-28,U_INT,S08_EVE,STF_INT_009,Certified Nursing Assistant,Unlicensed,Float Pool,7.5,0.0,7.5,32.2,241.5
2026-01-28_U_INT_S08_EVE,2026-01-28,U_INT,S08_EVE,STF_INT_044,Certified Nursing Assistant,Unlicensed,Core Staff,7.5,0.0,7.5,34.52,258.9
2026-01-28_U_INT_S08_EVE,2026-01-28,U_INT,S08_EVE,STF_INT_026,Registered Nurse,Licensed,Core Staff,7.5,0.0,7.5,56.6,424.5
2026-01-28_U_INT_S08_EVE,2026-01-28,U_INT,S08_EVE,STF_INT_019,Registered Nurse,Licensed,Core Staff,7.5,0.0,7.5,55.59,416.92
2026-01-28_U_INT_S08_EVE,2026-01-28,U_INT,S08_EVE,STF_INT_039,Registered Nurse,Licensed,Float Pool,7.5,0.0,7.5,53.53,401.48
2026-01-28_U_INT_S08_NIGHT,2026-01-28,U_INT,S08_NIGHT,STF_INT_041,Certified Nursing Assistant,Unlicensed,Agency/Traveler,7.5,0.0,7.5,33.51,251.32
2026-01-28_U_INT_S08_NIGHT,2026-01-28,U_INT,S08_NIGHT,STF_INT_050,Registered Nurse,Licensed,Float Pool,7.5,0.0,7.5,52.75,395.62
2026-01-28_U_INT_S08_NIGHT,2026-01-28,U_INT,S08_NIGHT,STF_INT_033,Registered Nurse,Licensed,Core Staff,7.5,0.0,7.5,48.13,360.98
2026-01-28_U_INT_S08_NIGHT,2026-01-28,U_INT,S08_NIGHT,STF_INT_034,Licensed Practical Nurse,Licensed,Core Staff,7.5,0.0,7.5,38.12,285.9
2026-01-28_U_INT_S08_NIGHT,2026-01-28,U_INT,S08_NIGHT,STF_INT_035,Registered Nurse,Licensed,Float Pool,7.5,0.0,7.5,48.65,364.88
2026-01-28_U_INT_S08_NIGHT,2026-01-28,U_INT,S08_NIGHT,STF_INT_048,Registered Nurse,Licensed,Core Staff,7.5,0.0,7.5,56.42,423.15
2026-01-28_U_INT_S08_NIGHT,2026-01-28,U_INT,S08_NIGHT,STF_INT_023,Registered Nurse,Licensed,Agency/Traveler,7.5,0.0,7.5,53.61,402.08
2026-01-29_U_ICU_S12_DAY,2026-01-29,U_ICU,S12_DAY,STF_ICU_015,Registered Nurse,Licensed,Core Staff,11.5,0.0,11.5,51.88,596.62
2026-01-29_U_ICU_S12_DAY,2026-01-29,U_ICU,S12_DAY,STF_ICU_009,Registered Nurse,Licensed,Core Staff,11.5,0.0,11.5,55.51,638.36
2026-01-29_U_ICU_S12_DAY,2026-01-29,U_ICU,S12_DAY,STF_ICU_003,Registered Nurse,Licensed,Core Staff,11.5,0.0,11.5,58.31,670.56
2026-01-29_U_ICU_S12_DAY,2026-01-29,U_ICU,S12_DAY,STF_ICU_001,Registered Nurse,Licensed,Core Staff,11.5,0.0,11.5,58.46,672.29
2026-01-29_U_ICU_S12_DAY,2026-01-29,U_ICU,S12_DAY,STF_ICU_014,Registered Nurse,Licensed,Core Staff,11.5,0.0,11.5,56.2,646.3
2026-01-29_U_ICU_S12_DAY,2026-01-29,U_ICU,S12_DAY,STF_ICU_008,Registered Nurse,Licensed,Float Pool,9.5,2.0,11.5,53.84,619.16
2026-01-29_U_ICU_S12_DAY,2026-01-29,U_ICU,S12_DAY,STF_ICU_010,Registered Nurse,Licensed,Core Staff,11.5,0.0,11.5,59.11,679.76
2026-01-29_U_ICU_S12_NIGHT,2026-01-29,U_ICU,S12_NIGHT,STF_ICU_006,Registered Nurse,Licensed,Core Staff,11.5,0.0,11.5,48.89,562.24
2026-01-29_U_ICU_S12_NIGHT,2026-01-29,U_ICU,S12_NIGHT,STF_ICU_030,Registered Nurse,Licensed,Core Staff,11.5,0.0,11.5,49.14,565.11
2026-01-29_U_ICU_S12_NIGHT,2026-01-29,U_ICU,S12_NIGHT,STF_ICU_002,Registered Nurse,Licensed,Agency/Traveler,11.5,0.0,11.5,54.55,627.32
2026-01-29_U_ICU_S12_NIGHT,2026-01-29,U_ICU,S12_NIGHT,STF_ICU_031,Certified Nursing Assistant,Unlicensed,Core Staff,11.5,0.0,11.5,31.17,358.46
2026-01-29_U_ICU_S12_NIGHT,2026-01-29,U_ICU,S12_NIGHT,STF_ICU_023,Registered Nurse,Licensed,Agency/Traveler,9.5,2.0,11.5,49.92,574.08
2026-01-29_U_ICU_S12_NIGHT,2026-01-29,U_ICU,S12_NIGHT,STF_ICU_022,Registered Nurse,Licensed,Core Staff,11.5,0.0,11.5,48.91,562.46
2026-01-29_U_ICU_S12_NIGHT,2026-01-29,U_ICU,S12_NIGHT,STF_ICU_021,Registered Nurse,Licensed,Core Staff,11.5,0.0,11.5,50.27,578.1
2026-01-29_U_INT_S08_DAY,2026-01-29,U_INT,S08_DAY,STF_INT_041,Certified Nursing Assistant,Unlicensed,Overtime,7.5,0.0,7.5,31.03,232.73
2026-01-29_U_INT_S08_DAY,2026-01-29,U_INT,S08_DAY,STF_INT_057,Registered Nurse,Licensed,Core Staff,7.5,0.0,7.5,59.43,445.72
2026-01-29_U_INT_S08_DAY,2026-01-29,U_INT,S08_DAY,STF_INT_006,Licensed Practical Nurse,Licensed,Core Staff,7.5,0.0,7.5,41.2,309.0
2026-01-29_U_INT_S08_DAY,2026-01-29,U_INT,S08_DAY,STF_INT_013,Registered Nurse,Licensed,Core Staff,5.5,2.0,7.5,53.05,397.88
2026-01-29_U_INT_S08_DAY,2026-01-29,U_INT,S08_DAY,STF_INT_056,Registered Nurse,Licensed,Core Staff,7.5,0.0,7.5,53.46,400.95
2026-01-29_U_INT_S08_DAY,2026-01-29,U_INT,S08_DAY,STF_INT_043,Registered Nurse,Licensed,Overtime,7.5,0.0,7.5,53.35,400.12
2026-01-29_U_INT_S08_DAY,2026-01-29,U_INT,S08_DAY,STF_INT_054,Registered Nurse,Licensed,Core Staff,7.5,0.0,7.5,56.49,423.68
2026-01-29_U_INT_S08_DAY,2026-01-29,U_INT,S08_DAY,STF_INT_037,Certified Nursing Assistant,Unlicensed,Core Staff,7.5,0.0,7.5,35.95,269.62
2026-01-29_U_INT_S08_DAY,2026-01-29,U_INT,S08_DAY,STF_INT_025,Registered Nurse,Licensed,Agency/Traveler,7.5,0.0,7.5,52.78,395.85
2026-01-29_U_INT_S08_DAY,2026-01-29,U_INT,S08_DAY,STF_INT_061,Registered Nurse,Licensed,Core Staff,5.5,2.0,7.5,50.05,375.38
2026-01-29_U_INT_S08_EVE,2026-01-29,U_INT,S08_EVE,STF_INT_044,Certified Nursing Assistant,Unlicensed,Core Staff,7.5,0.0,7.5,31.62,237.15
2026-01-29_U_INT_S08_EVE,2026-01-29,U_INT,S08_EVE,STF_INT_041,Certified Nursing Assistant,Unlicensed,Overtime,7.5,0.0,7.5,33.38,250.35
2026-01-29_U_INT_S08_EVE,2026-01-29,U_INT,S08_EVE,STF_INT_025,Registered Nurse,Licensed,Core Staff,7.5,0.0,7.5,50.35,377.62
2026-01-29_U_INT_S08_EVE,2026-01-29,U_INT,S08_EVE,STF_INT_009,Certified Nursing Assistant,Unlicensed,Float Pool,7.5,0.0,7.5,35.31,264.83
2026-01-29_U_INT_S08_EVE,2026-01-29,U_INT,S08_EVE,STF_INT_036,Registered Nurse,Licensed,Core Staff,7.5,0.0,7.5,51.15,383.62
2026-01-29_U_INT_S08_EVE,2026-01-29,U_INT,S08_EVE,STF_INT_063,Licensed Practical Nurse,Licensed,Float Pool,7.5,0.0,7.5,39.12,293.4
2026-01-29_U_INT_S08_EVE,2026-01-29,U_INT,S08_EVE,STF_INT_055,Registered Nurse,Licensed,Core Staff,7.5,0.0,7.5,54.95,412.12
2026-01-29_U_INT_S08_NIGHT,2026-01-29,U_INT,S08_NIGHT,STF_INT_045,Registered Nurse,Licensed,Core Staff,7.5,0.0,7.5,49.66,372.45
2026-01-29_U_INT_S08_NIGHT,2026-01-29,U_INT,S08_NIGHT,STF_INT_037,Certified Nursing Assistant,Unlicensed,Core Staff,7.5,0.0,7.5,33.05,247.87
2026-01-29_U_INT_S08_NIGHT,2026-01-29,U_INT,S08_NIGHT,STF_INT_043,Registered Nurse,Licensed,Overtime,7.5,0.0,7.5,55.26,414.45
2026-01-29_U_INT_S08_NIGHT,2026-01-29,U_INT,S08_NIGHT,STF_INT_028,Registered Nurse,Licensed,Agency/Traveler,7.5,0.0,7.5,52.74,395.55
2026-01-29_U_INT_S08_NIGHT,2026-01-29,U_INT,S08_NIGHT,STF_INT_031,Registered Nurse,Licensed,Core Staff,7.5,0.0,7.5,53.49,401.18
2026-01-29_U_INT_S08_NIGHT,2026-01-29,U_INT,S08_NIGHT,STF_INT_039,Registered Nurse,Licensed,Float Pool,7.5,0.0,7.5,55.91,419.32
2026-01-30_U_ICU_S12_DAY,2026-01-30,U_ICU,S12_DAY,STF_ICU_013,Registered Nurse,Licensed,Overtime,11.5,0.0,11.5,54.17,622.96
2026-01-30_U_ICU_S12_DAY,2026-01-30,U_ICU,S12_DAY,STF_ICU_014,Registered Nurse,Licensed,Agency/Traveler,11.5,0.0,11.5,49.28,566.72
2026-01-30_U_ICU_S12_DAY,2026-01-30,U_ICU,S12_DAY,STF_ICU_022,Registered Nurse,Licensed,Overtime,11.5,0.0,11.5,48.63,559.24
2026-01-30_U_ICU_S12_DAY,2026-01-30,U_ICU,S12_DAY,STF_ICU_032,Certified Nursing Assistant,Unlicensed,Core Staff,11.5,0.0,11.5,34.28,394.22
2026-01-30_U_ICU_S12_DAY,2026-01-30,U_ICU,S12_DAY,STF_ICU_026,Registered Nurse,Licensed,Overtime,11.5,0.0,11.5,48.24,554.76
2026-01-30_U_ICU_S12_NIGHT,2026-01-30,U_ICU,S12_NIGHT,STF_ICU_016,Registered Nurse,Licensed,Core Staff,11.5,0.0,11.5,56.66,651.59
2026-01-30_U_ICU_S12_NIGHT,2026-01-30,U_ICU,S12_NIGHT,STF_ICU_006,Registered Nurse,Licensed,Core Staff,11.5,0.0,11.5,59.93,689.2
2026-01-30_U_ICU_S12_NIGHT,2026-01-30,U_ICU,S12_NIGHT,STF_ICU_019,Registered Nurse,Licensed,Core Staff,11.5,0.0,11.5,54.9,631.35
2026-01-30_U_ICU_S12_NIGHT,2026-01-30,U_ICU,S12_NIGHT,STF_ICU_022,Registered Nurse,Licensed,Core Staff,11.5,0.0,11.5,48.15,553.72
2026-01-30_U_ICU_S12_NIGHT,2026-01-30,U_ICU,S12_NIGHT,STF_ICU_033,Certified Nursing Assistant,Unlicensed,Core Staff,11.5,0.0,11.5,34.67,398.71
2026-01-30_U_ICU_S12_NIGHT,2026-01-30,U_ICU,S12_NIGHT,STF_ICU_015,Registered Nurse,Licensed,Core Staff,11.5,0.0,11.5,48.6,558.9
2026-01-30_U_ICU_S12_NIGHT,2026-01-30,U_ICU,S12_NIGHT,STF_ICU_012,Registered Nurse,Licensed,Agency/Traveler,11.5,0.0,11.5,52.3,601.45
2026-01-30_U_INT_S08_DAY,2026-01-30,U_INT,S08_DAY,STF_INT_043,Registered Nurse,Licensed,Overtime,7.5,0.0,7.5,58.35,437.62
2026-01-30_U_INT_S08_DAY,2026-01-30,U_INT,S08_DAY,STF_INT_035,Registered Nurse,Licensed,Float Pool,7.5,0.0,7.5,53.68,402.6
2026-01-30_U_INT_S08_DAY,2026-01-30,U_INT,S08_DAY,STF_INT_024,Licensed Practical Nurse,Licensed,Core Staff,7.5,0.0,7.5,46.83,351.22
2026-01-30_U_INT_S08_DAY,2026-01-30,U_INT,S08_DAY,STF_INT_034,Licensed Practical Nurse,Licensed,Core Staff,7.5,0.0,7.5,47.15,353.62
2026-01-30_U_INT_S08_DAY,2026-01-30,U_INT,S08_DAY,STF_INT_009,Certified Nursing Assistant,Unlicensed,Float Pool,7.5,0.0,7.5,34.1,255.75
2026-01-30_U_INT_S08_DAY,2026-01-30,U_INT,S08_DAY,STF_INT_062,Certified Nursing Assistant,Unlicensed,Core Staff,7.5,0.0,7.5,32.41,243.08
2026-01-30_U_INT_S08_DAY,2026-01-30,U_INT,S08_DAY,STF_INT_058,Registered Nurse,Licensed,Float Pool,5.5,2.0,7.5,57.05,427.88
2026-01-30_U_INT_S08_DAY,2026-01-30,U_INT,S08_DAY,STF_INT_020,Certified Nursing Assistant,Unlicensed,Core Staff,7.5,0.0,7.5,30.97,232.27
2026-01-30_U_INT_S08_EVE,2026-01-30,U_INT,S08_EVE,STF_INT_001,Certified Nursing Assistant,Unlicensed,Core Staff,7.5,0.0,7.5,36.22,271.65
2026-01-30_U_INT_S08_EVE,2026-01-30,U_INT,S08_EVE,STF_INT_040,Certified Nursing Assistant,Unlicensed,Overtime,7.5,0.0,7.5,35.48,266.1
2026-01-30_U_INT_S08_EVE,2026-01-30,U_INT,S08_EVE,STF_INT_003,Registered Nurse,Licensed,Core Staff,7.5,0.0,7.5,52.71,395.32
2026-01-30_U_INT_S08_EVE,2026-01-30,U_INT,S08_EVE,STF_INT_049,Registered Nurse,Licensed,Core Staff,7.5,0.0,7.5,54.95,412.12
2026-01-30_U_INT_S08_EVE,2026-01-30,U_INT,S08_EVE,STF_INT_055,Registered Nurse,Licensed,Core Staff,7.5,0.0,7.5,59.44,445.8
2026-01-30_U_INT_S08_EVE,2026-01-30,U_INT,S08_EVE,STF_INT_022,Registered Nurse,Licensed,Core Staff,7.5,0.0,7.5,53.75,403.12
2026-01-30_U_INT_S08_EVE,2026-01-30,U_INT,S08_EVE,STF_INT_031,Registered Nurse,Licensed,Core Staff,7.5,0.0,7.5,48.96,367.2
2026-01-30_U_INT_S08_EVE,2026-01-30,U_INT,S08_EVE,STF_INT_053,Certified Nursing Assistant,Unlicensed,Agency/Traveler,7.5,0.0,7.5,36.16,271.2
2026-01-30_U_INT_S08_NIGHT,2026-01-30,U_INT,S08_NIGHT,STF_INT_063,Licensed Practical Nurse,Licensed,Core Staff,7.5,0.0,7.5,44.65,334.88
2026-01-30_U_INT_S08_NIGHT,2026-01-30,U_INT,S08_NIGHT,STF_INT_042,Registered Nurse,Licensed,Overtime,7.5,0.0,7.5,49.64,372.3
2026-01-30_U_INT_S08_NIGHT,2026-01-30,U_INT,S08_NIGHT,STF_INT_035,Registered Nurse,Licensed,Float Pool,7.5,0.0,7.5,57.85,433.88
2026-01-30_U_INT_S08_NIGHT,2026-01-30,U_INT,S08_NIGHT,STF_INT_028,Registered Nurse,Licensed,Core Staff,7.5,0.0,7.5,56.73,425.48
2026-01-30_U_INT_S08_NIGHT,2026-01-30,U_INT,S08_NIGHT,STF_INT_007,Registered Nurse,Licensed,Core Staff,7.5,0.0,7.5,56.43,423.22
2026-01-30_U_INT_S08_NIGHT,2026-01-30,U_INT,S08_NIGHT,STF_INT_054,Registered Nurse,Licensed,Core Staff,7.5,0.0,7.5,58.53,438.98
2026-01-30_U_INT_S08_NIGHT,2026-01-30,U_INT,S08_NIGHT,STF_INT_014,Registered Nurse,Licensed,Overtime,7.5,0.0,7.5,57.82,433.65
2026-01-30_U_INT_S08_NIGHT,2026-01-30,U_INT,S08_NIGHT,STF_INT_045,Registered Nurse,Licensed,Core Staff,7.5,0.0,7.5,49.04,367.8
2026-01-31_U_ICU_S12_DAY,2026-01-31,U_ICU,S12_DAY,STF_ICU_023,Registered Nurse,Licensed,Core Staff,11.5,0.0,11.5,56.44,649.06
2026-01-31_U_ICU_S12_DAY,2026-01-31,U_ICU,S12_DAY,STF_ICU_005,Registered Nurse,Licensed,Core Staff,11.5,0.0,11.5,54.14,622.61
2026-01-31_U_ICU_S12_DAY,2026-01-31,U_ICU,S12_DAY,STF_ICU_028,Registered Nurse,Licensed,Core Staff,11.5,0.0,11.5,51.15,588.22
2026-01-31_U_ICU_S12_DAY,2026-01-31,U_ICU,S12_DAY,STF_ICU_003,Registered Nurse,Licensed,Core Staff,9.5,2.0,11.5,53.91,619.96
2026-01-31_U_ICU_S12_DAY,2026-01-31,U_ICU,S12_DAY,STF_ICU_034,Certified Nursing Assistant,Unlicensed,Agency/Traveler,11.5,0.0,11.5,31.12,357.88
2026-01-31_U_ICU_S12_NIGHT,2026-01-31,U_ICU,S12_NIGHT,STF_ICU_010,Registered Nurse,Licensed,Core Staff,11.5,0.0,11.5,58.66,674.59
2026-01-31_U_ICU_S12_NIGHT,2026-01-31,U_ICU,S12_NIGHT,STF_ICU_003,Registered Nurse,Licensed,Core Staff,11.5,0.0,11.5,53.76,618.24
2026-01-31_U_ICU_S12_NIGHT,2026-01-31,U_ICU,S12_NIGHT,STF_ICU_001,Registered Nurse,Licensed,Core Staff,11.5,0.0,11.5,53.94,620.31
2026-01-31_U_ICU_S12_NIGHT,2026-01-31,U_ICU,S12_NIGHT,STF_ICU_034,Certified Nursing Assistant,Unlicensed,Agency/Traveler,11.5,0.0,11.5,33.5,385.25
2026-01-31_U_ICU_S12_NIGHT,2026-01-31,U_ICU,S12_NIGHT,STF_ICU_026,Registered Nurse,Licensed,Overtime,11.5,0.0,11.5,53.21,611.92
2026-01-31_U_ICU_S12_NIGHT,2026-01-31,U_ICU,S12_NIGHT,STF_ICU_025,Registered Nurse,Licensed,Core Staff,11.5,0.0,11.5,57.73,663.9
2026-01-31_U_INT_S08_DAY,2026-01-31,U_INT,S08_DAY,STF_INT_045,Registered Nurse,Licensed,Core Staff,7.5,0.0,7.5,51.78,388.35
2026-01-31_U_INT_S08_DAY,2026-01-31,U_INT,S08_DAY,STF_INT_052,Licensed Practical Nurse,Licensed,Core Staff,7.5,0.0,7.5,38.87,291.52
2026-01-31_U_INT_S08_DAY,2026-01-31,U_INT,S08_DAY,STF_INT_006,Licensed Practical Nurse,Licensed,Core Staff,7.5,0.0,7.5,44.89,336.68
2026-01-31_U_INT_S08_DAY,2026-01-31,U_INT,S08_DAY,STF_INT_014,Registered Nurse,Licensed,Overtime,7.5,0.0,7.5,48.22,361.65
2026-01-31_U_INT_S08_DAY,2026-01-31,U_INT,S08_DAY,STF_INT_061,Registered Nurse,Licensed,Core Staff,7.5,0.0,7.5,57.48,431.1
2026-01-31_U_INT_S08_DAY,2026-01-31,U_INT,S08_DAY,STF_INT_042,Registered Nurse,Licensed,Overtime,7.5,0.0,7.5,54.15,406.12
2026-01-31_U_INT_S08_DAY,2026-01-31,U_INT,S08_DAY,STF_INT_012,Registered Nurse,Licensed,Core Staff,7.5,0.0,7.5,53.69,402.67
2026-01-31_U_INT_S08_DAY,2026-01-31,U_INT,S08_DAY,STF_INT_060,Registered Nurse,Licensed,Agency/Traveler,7.5,0.0,7.5,57.28,429.6
2026-01-31_U_INT_S08_EVE,2026-01-31,U_INT,S08_EVE,STF_INT_023,Registered Nurse,Licensed,Overtime,7.5,0.0,7.5,57.39,430.42
2026-01-31_U_INT_S08_EVE,2026-01-31,U_INT,S08_EVE,STF_INT_058,Registered Nurse,Licensed,Float Pool,7.5,0.0,7.5,51.01,382.58
2026-01-31_U_INT_S08_EVE,2026-01-31,U_INT,S08_EVE,STF_INT_018,Certified Nursing Assistant,Unlicensed,Core Staff,7.5,0.0,7.5,35.24,264.3
2026-01-31_U_INT_S08_EVE,2026-01-31,U_INT,S08_EVE,STF_INT_025,Registered Nurse,Licensed,Core Staff,7.5,0.0,7.5,48.93,366.98
2026-01-31_U_INT_S08_EVE,2026-01-31,U_INT,S08_EVE,STF_INT_014,Registered Nurse,Licensed,Agency/Traveler,7.5,0.0,7.5,50.83,381.22
2026-01-31_U_INT_S08_EVE,2026-01-31,U_INT,S08_EVE,STF_INT_055,Registered Nurse,Licensed,Core Staff,7.5,0.0,7.5,59.72,447.9
2026-01-31_U_INT_S08_EVE,2026-01-31,U_INT,S08_EVE,STF_INT_003,Registered Nurse,Licensed,Core Staff,7.5,0.0,7.5,48.64,364.8
2026-01-31_U_INT_S08_EVE,2026-01-31,U_INT,S08_EVE,STF_INT_040,Certified Nursing Assistant,Unlicensed,Core Staff,7.5,0.0,7.5,33.46,250.95
2026-01-31_U_INT_S08_EVE,2026-01-31,U_INT,S08_EVE,STF_INT_037,Certified Nursing Assistant,Unlicensed,Core Staff,7.5,0.0,7.5,31.45,235.88
2026-01-31_U_INT_S08_EVE,2026-01-31,U_INT,S08_EVE,STF_INT_004,Registered Nurse,Licensed,Core Staff,7.5,0.0,7.5,54.63,409.72
2026-01-31_U_INT_S08_NIGHT,2026-01-31,U_INT,S08_NIGHT,STF_INT_017,Certified Nursing Assistant,Unlicensed,Core Staff,7.5,0.0,7.5,32.82,246.15
2026-01-31_U_INT_S08_NIGHT,2026-01-31,U_INT,S08_NIGHT,STF_INT_064,Licensed Practical Nurse,Licensed,Core Staff,7.5,0.0,7.5,38.18,286.35
2026-01-31_U_INT_S08_NIGHT,2026-01-31,U_INT,S08_NIGHT,STF_INT_033,Registered Nurse,Licensed,Core Staff,7.5,0.0,7.5,51.71,387.82
2026-01-31_U_INT_S08_NIGHT,2026-01-31,U_INT,S08_NIGHT,STF_INT_018,Certified Nursing Assistant,Unlicensed,Core Staff,7.5,0.0,7.5,31.6,237.0
2026-01-31_U_INT_S08_NIGHT,2026-01-31,U_INT,S08_NIGHT,STF_INT_028,Registered Nurse,Licensed,Core Staff,7.5,0.0,7.5,53.65,402.38
2026-01-31_U_INT_S08_NIGHT,2026-01-31,U_INT,S08_NIGHT,STF_INT_048,Registered Nurse,Licensed,Core Staff,7.5,0.0,7.5,52.0,390.0
2026-02-01_U_ICU_S12_DAY,2026-02-01,U_ICU,S12_DAY,STF_ICU_027,Registered Nurse,Licensed,Core Staff,11.5,0.0,11.5,52.15,599.72
2026-02-01_U_ICU_S12_DAY,2026-02-01,U_ICU,S12_DAY,STF_ICU_005,Registered Nurse,Licensed,Core Staff,11.5,0.0,11.5,52.52,603.98
2026-02-01_U_ICU_S12_DAY,2026-02-01,U_ICU,S12_DAY,STF_ICU_012,Registered Nurse,Licensed,Agency/Traveler,11.5,0.0,11.5,59.99,689.88
2026-02-01_U_ICU_S12_DAY,2026-02-01,U_ICU,S12_DAY,STF_ICU_024,Registered Nurse,Licensed,Core Staff,11.5,0.0,11.5,55.92,643.08
2026-02-01_U_ICU_S12_DAY,2026-02-01,U_ICU,S12_DAY,STF_ICU_030,Registered Nurse,Licensed,Core Staff,11.5,0.0,11.5,53.2,611.8
2026-02-01_U_ICU_S12_DAY,2026-02-01,U_ICU,S12_DAY,STF_ICU_016,Registered Nurse,Licensed,Core Staff,11.5,0.0,11.5,59.17,680.46
2026-02-01_U_ICU_S12_NIGHT,2026-02-01,U_ICU,S12_NIGHT,STF_ICU_031,Certified Nursing Assistant,Unlicensed,Core Staff,11.5,0.0,11.5,35.46,407.79
2026-02-01_U_ICU_S12_NIGHT,2026-02-01,U_ICU,S12_NIGHT,STF_ICU_016,Registered Nurse,Licensed,Core Staff,11.5,0.0,11.5,53.54,615.71
2026-02-01_U_ICU_S12_NIGHT,2026-02-01,U_ICU,S12_NIGHT,STF_ICU_004,Registered Nurse,Licensed,Core Staff,11.5,0.0,11.5,53.98,620.77
2026-02-01_U_ICU_S12_NIGHT,2026-02-01,U_ICU,S12_NIGHT,STF_ICU_030,Registered Nurse,Licensed,Core Staff,11.5,0.0,11.5,56.97,655.16
2026-02-01_U_ICU_S12_NIGHT,2026-02-01,U_ICU,S12_NIGHT,STF_ICU_024,Registered Nurse,Licensed,Core Staff,11.5,0.0,11.5,48.99,563.38
2026-02-01_U_INT_S08_DAY,2026-02-01,U_INT,S08_DAY,STF_INT_020,Certified Nursing Assistant,Unlicensed,Core Staff,7.5,0.0,7.5,34.8,261.0
2026-02-01_U_INT_S08_DAY,2026-02-01,U_INT,S08_DAY,STF_INT_017,Certified Nursing Assistant,Unlicensed,Core Staff,7.5,0.0,7.5,35.88,269.1
2026-02-01_U_INT_S08_DAY,2026-02-01,U_INT,S08_DAY,STF_INT_007,Registered Nurse,Licensed,Core Staff,7.5,0.0,7.5,58.39,437.92
2026-02-01_U_INT_S08_DAY,2026-02-01,U_INT,S08_DAY,STF_INT_014,Registered Nurse,Licensed,Overtime,7.5,0.0,7.5,53.22,399.15
2026-02-01_U_INT_S08_DAY,2026-02-01,U_INT,S08_DAY,STF_INT_044,Certified Nursing Assistant,Unlicensed,Core Staff,7.5,0.0,7.5,33.74,253.05
2026-02-01_U_INT_S08_DAY,2026-02-01,U_INT,S08_DAY,STF_INT_010,Certified Nursing Assistant,Unlicensed,Core Staff,7.5,0.0,7.5,34.87,261.52
2026-02-01_U_INT_S08_DAY,2026-02-01,U_INT,S08_DAY,STF_INT_060,Registered Nurse,Licensed,Agency/Traveler,7.5,0.0,7.5,58.3,437.25
2026-02-01_U_INT_S08_DAY,2026-02-01,U_INT,S08_DAY,STF_INT_056,Registered Nurse,Licensed,Core Staff,7.5,0.0,7.5,49.41,370.58
2026-02-01_U_INT_S08_DAY,2026-02-01,U_INT,S08_DAY,STF_INT_036,Registered Nurse,Licensed,Core Staff,7.5,0.0,7.5,50.77,380.78
2026-02-01_U_INT_S08_DAY,2026-02-01,U_INT,S08_DAY,STF_INT_038,Registered Nurse,Licensed,Core Staff,5.5,2.0,7.5,58.2,436.5
2026-02-01_U_INT_S08_EVE,2026-02-01,U_INT,S08_EVE,STF_INT_021,Licensed Practical Nurse,Licensed,Core Staff,7.5,0.0,7.5,47.11,353.32
2026-02-01_U_INT_S08_EVE,2026-02-01,U_INT,S08_EVE,STF_INT_057,Registered Nurse,Licensed,Core Staff,7.5,0.0,7.5,57.01,427.58
2026-02-01_U_INT_S08_EVE,2026-02-01,U_INT,S08_EVE,STF_INT_012,Registered Nurse,Licensed,Core Staff,7.5,0.0,7.5,58.73,440.48
2026-02-01_U_INT_S08_EVE,2026-02-01,U_INT,S08_EVE,STF_INT_033,Registered Nurse,Licensed,Core Staff,7.5,0.0,7.5,50.57,379.28
2026-02-01_U_INT_S08_EVE,2026-02-01,U_INT,S08_EVE,STF_INT_038,Registered Nurse,Licensed,Core Staff,7.5,0.0,7.5,58.17,436.28
2026-02-01_U_INT_S08_EVE,2026-02-01,U_INT,S08_EVE,STF_INT_048,Registered Nurse,Licensed,Core Staff,7.5,0.0,7.5,59.24,444.3
2026-02-01_U_INT_S08_EVE,2026-02-01,U_INT,S08_EVE,STF_INT_040,Certified Nursing Assistant,Unlicensed,Core Staff,7.5,0.0,7.5,35.49,266.18
2026-02-01_U_INT_S08_EVE,2026-02-01,U_INT,S08_EVE,STF_INT_016,Registered Nurse,Licensed,Core Staff,7.5,0.0,7.5,59.21,444.08
2026-02-01_U_INT_S08_NIGHT,2026-02-01,U_INT,S08_NIGHT,STF_INT_035,Registered Nurse,Licensed,Float Pool,7.5,0.0,7.5,49.64,372.3
2026-02-01_U_INT_S08_NIGHT,2026-02-01,U_INT,S08_NIGHT,STF_INT_011,Certified Nursing Assistant,Unlicensed,Core Staff,7.5,0.0,7.5,31.58,236.85
2026-02-01_U_INT_S08_NIGHT,2026-02-01,U_INT,S08_NIGHT,STF_INT_061,Registered Nurse,Licensed,Core Staff,7.5,0.0,7.5,54.94,412.05
2026-02-01_U_INT_S08_NIGHT,2026-02-01,U_INT,S08_NIGHT,STF_INT_038,Registered Nurse,Licensed,Core Staff,7.5,0.0,7.5,51.95,389.62
2026-02-01_U_INT_S08_NIGHT,2026-02-01,U_INT,S08_NIGHT,STF_INT_042,Registered Nurse,Licensed,Overtime,7.5,0.0,7.5,51.21,384.08
2026-02-01_U_INT_S08_NIGHT,2026-02-01,U_INT,S08_NIGHT,STF_INT_058,Registered Nurse,Licensed,Float Pool,7.5,0.0,7.5,56.78,425.85
2026-02-02_U_ICU_S12_DAY,2026-02-02,U_ICU,S12_DAY,STF_ICU_003,Registered Nurse,Licensed,Float Pool,11.5,0.0,11.5,48.57,558.55
2026-02-02_U_ICU_S12_DAY,2026-02-02,U_ICU,S12_DAY,STF_ICU_022,Registered Nurse,Licensed,Core Staff,11.5,0.0,11.5,50.72,583.28
2026-02-02_U_ICU_S12_DAY,2026-02-02,U_ICU,S12_DAY,STF_ICU_014,Registered Nurse,Licensed,Core Staff,11.5,0.0,11.5,55.05,633.07
2026-02-02_U_ICU_S12_DAY,2026-02-02,U_ICU,S12_DAY,STF_ICU_028,Registered Nurse,Licensed,Core Staff,11.5,0.0,11.5,55.17,634.46
2026-02-02_U_ICU_S12_DAY,2026-02-02,U_ICU,S12_DAY,STF_ICU_002,Registered Nurse,Licensed,Agency/Traveler,11.5,0.0,11.5,53.2,611.8
2026-02-02_U_ICU_S12_DAY,2026-02-02,U_ICU,S12_DAY,STF_ICU_018,Registered Nurse,Licensed,Core Staff,11.5,0.0,11.5,48.07,552.8
2026-02-02_U_ICU_S12_DAY,2026-02-02,U_ICU,S12_DAY,STF_ICU_025,Registered Nurse,Licensed,Core Staff,11.5,0.0,11.5,57.53,661.6
2026-02-02_U_ICU_S12_NIGHT,2026-02-02,U_ICU,S12_NIGHT,STF_ICU_030,Registered Nurse,Licensed,Core Staff,11.5,0.0,11.5,56.47,649.4
2026-02-02_U_ICU_S12_NIGHT,2026-02-02,U_ICU,S12_NIGHT,STF_ICU_032,Certified Nursing Assistant,Unlicensed,Core Staff,11.5,0.0,11.5,35.78,411.47
2026-02-02_U_ICU_S12_NIGHT,2026-02-02,U_ICU,S12_NIGHT,STF_ICU_012,Registered Nurse,Licensed,Agency/Traveler,11.5,0.0,11.5,53.16,611.34
2026-02-02_U_ICU_S12_NIGHT,2026-02-02,U_ICU,S12_NIGHT,STF_ICU_027,Registered Nurse,Licensed,Float Pool,11.5,0.0,11.5,57.8,664.7
2026-02-02_U_ICU_S12_NIGHT,2026-02-02,U_ICU,S12_NIGHT,STF_ICU_019,Registered Nurse,Licensed,Core Staff,11.5,0.0,11.5,52.12,599.38
2026-02-02_U_ICU_S12_NIGHT,2026-02-02,U_ICU,S12_NIGHT,STF_ICU_004,Registered Nurse,Licensed,Core Staff,11.5,0.0,11.5,59.63,685.74
2026-02-02_U_ICU_S12_NIGHT,2026-02-02,U_ICU,S12_NIGHT,STF_ICU_015,Registered Nurse,Licensed,Overtime,11.5,0.0,11.5,51.07,587.3
2026-02-02_U_INT_S08_DAY,2026-02-02,U_INT,S08_DAY,STF_INT_059,Registered Nurse,Licensed,Core Staff,7.5,0.0,7.5,53.78,403.35
2026-02-02_U_INT_S08_DAY,2026-02-02,U_INT,S08_DAY,STF_INT_020,Certified Nursing Assistant,Unlicensed,Core Staff,7.5,0.0,7.5,31.97,239.77
2026-02-02_U_INT_S08_DAY,2026-02-02,U_INT,S08_DAY,STF_INT_009,Certified Nursing Assistant,Unlicensed,Float Pool,7.5,0.0,7.5,30.86,231.45
2026-02-02_U_INT_S08_DAY,2026-02-02,U_INT,S08_DAY,STF_INT_033,Registered Nurse,Licensed,Core Staff,7.5,0.0,7.5,56.02,420.15
2026-02-02_U_INT_S08_DAY,2026-02-02,U_INT,S08_DAY,STF_INT_035,Registered Nurse,Licensed,Float Pool,7.5,0.0,7.5,53.94,404.55
2026-02-02_U_INT_S08_DAY,2026-02-02,U_INT,S08_DAY,STF_INT_041,Certified Nursing Assistant,Unlicensed,Overtime,7.5,0.0,7.5,31.04,232.8
2026-02-02_U_INT_S08_DAY,2026-02-02,U_INT,S08_DAY,STF_INT_002,Registered Nurse,Licensed,Core Staff,7.5,0.0,7.5,49.84,373.8
2026-02-02_U_INT_S08_DAY,2026-02-02,U_INT,S08_DAY,STF_INT_001,Certified Nursing Assistant,Unlicensed,Core Staff,7.5,0.0,7.5,32.82,246.15
2026-02-02_U_INT_S08_DAY,2026-02-02,U_INT,S08_DAY,STF_INT_056,Registered Nurse,Licensed,Core Staff,7.5,0.0,7.5,51.05,382.88
2026-02-02_U_INT_S08_EVE,2026-02-02,U_INT,S08_EVE,STF_INT_049,Registered Nurse,Licensed,Core Staff,7.5,0.0,7.5,56.02,420.15
2026-02-02_U_INT_S08_EVE,2026-02-02,U_INT,S08_EVE,STF_INT_039,Registered Nurse,Licensed,Float Pool,7.5,0.0,7.5,59.25,444.38
2026-02-02_U_INT_S08_EVE,2026-02-02,U_INT,S08_EVE,STF_INT_024,Licensed Practical Nurse,Licensed,Core Staff,7.5,0.0,7.5,42.35,317.62
2026-02-02_U_INT_S08_EVE,2026-02-02,U_INT,S08_EVE,STF_INT_012,Registered Nurse,Licensed,Core Staff,7.5,0.0,7.5,55.11,413.32
2026-02-02_U_INT_S08_EVE,2026-02-02,U_INT,S08_EVE,STF_INT_041,Certified Nursing Assistant,Unlicensed,Overtime,7.5,0.0,7.5,32.32,242.4
2026-02-02_U_INT_S08_EVE,2026-02-02,U_INT,S08_EVE,STF_INT_026,Registered Nurse,Licensed,Core Staff,7.5,0.0,7.5,48.45,363.38
2026-02-02_U_INT_S08_EVE,2026-02-02,U_INT,S08_EVE,STF_INT_053,Certified Nursing Assistant,Unlicensed,Overtime,7.5,0.0,7.5,31.65,237.38
2026-02-02_U_INT_S08_EVE,2026-02-02,U_INT,S08_EVE,STF_INT_046,Registered Nurse,Licensed,Overtime,7.5,0.0,7.5,50.1,375.75
2026-02-02_U_INT_S08_NIGHT,2026-02-02,U_INT,S08_NIGHT,STF_INT_044,Certified Nursing Assistant,Unlicensed,Core Staff,7.5,0.0,7.5,32.42,243.15
2026-02-02_U_INT_S08_NIGHT,2026-02-02,U_INT,S08_NIGHT,STF_INT_053,Certified Nursing Assistant,Unlicensed,Agency/Traveler,7.5,0.0,7.5,31.64,237.3
2026-02-02_U_INT_S08_NIGHT,2026-02-02,U_INT,S08_NIGHT,STF_INT_011,Certified Nursing Assistant,Unlicensed,Core Staff,7.5,0.0,7.5,34.68,260.1
2026-02-02_U_INT_S08_NIGHT,2026-02-02,U_INT,S08_NIGHT,STF_INT_024,Licensed Practical Nurse,Licensed,Agency/Traveler,7.5,0.0,7.5,38.87,291.52
2026-02-02_U_INT_S08_NIGHT,2026-02-02,U_INT,S08_NIGHT,STF_INT_042,Registered Nurse,Licensed,Overtime,5.5,2.0,7.5,54.11,405.82
2026-02-02_U_INT_S08_NIGHT,2026-02-02,U_INT,S08_NIGHT,STF_INT_036,Registered Nurse,Licensed,Core Staff,7.5,0.0,7.5,58.94,442.05
2026-02-02_U_INT_S08_NIGHT,2026-02-02,U_INT,S08_NIGHT,STF_INT_051,Registered Nurse,Licensed,Float Pool,7.5,0.0,7.5,57.54,431.55
2026-02-03_U_ICU_S12_DAY,2026-02-03,U_ICU,S12_DAY,STF_ICU_020,Registered Nurse,Licensed,Core Staff,11.5,0.0,11.5,49.25,566.38
2026-02-03_U_ICU_S12_DAY,2026-02-03,U_ICU,S12_DAY,STF_ICU_001,Registered Nurse,Licensed,Core Staff,11.5,0.0,11.5,51.51,592.36
2026-02-03_U_ICU_S12_DAY,2026-02-03,U_ICU,S12_DAY,STF_ICU_027,Registered Nurse,Licensed,Core Staff,11.5,0.0,11.5,50.51,580.86
2026-02-03_U_ICU_S12_DAY,2026-02-03,U_ICU,S12_DAY,STF_ICU_010,Registered Nurse,Licensed,Core Staff,9.5,2.0,11.5,54.83,630.54
2026-02-03_U_ICU_S12_DAY,2026-02-03,U_ICU,S12_DAY,STF_ICU_011,Registered Nurse,Licensed,Core Staff,11.5,0.0,11.5,54.35,625.02
2026-02-03_U_ICU_S12_DAY,2026-02-03,U_ICU,S12_DAY,STF_ICU_006,Registered Nurse,Licensed,Core Staff,11.5,0.0,11.5,56.95,654.93
2026-02-03_U_ICU_S12_NIGHT,2026-02-03,U_ICU,S12_NIGHT,STF_ICU_013,Registered Nurse,Licensed,Overtime,11.5,0.0,11.5,55.95,643.43
2026-02-03_U_ICU_S12_NIGHT,2026-02-03,U_ICU,S12_NIGHT,STF_ICU_001,Registered Nurse,Licensed,Core Staff,11.5,0.0,11.5,51.9,596.85
2026-02-03_U_ICU_S12_NIGHT,2026-02-03,U_ICU,S12_NIGHT,STF_ICU_023,Registered Nurse,Licensed,Core Staff,11.5,0.0,11.5,51.95,597.43
2026-02-03_U_ICU_S12_NIGHT,2026-02-03,U_ICU,S12_NIGHT,STF_ICU_015,Registered Nurse,Licensed,Overtime,11.5,0.0,11.5,48.78,560.97
2026-02-03_U_ICU_S12_NIGHT,2026-02-03,U_ICU,S12_NIGHT,STF_ICU_008,Registered Nurse,Licensed,Float Pool,11.5,0.0,11.5,55.47,637.9
2026-02-03_U_ICU_S12_NIGHT,2026-02-03,U_ICU,S12_NIGHT,STF_ICU_018,Registered Nurse,Licensed,Core Staff,11.5,0.0,11.5,54.74,629.51
2026-02-03_U_INT_S08_DAY,2026-02-03,U_INT,S08_DAY,STF_INT_054,Registered Nurse,Licensed,Core Staff,7.5,0.0,7.5,57.55,431.62
2026-02-03_U_INT_S08_DAY,2026-02-03,U_INT,S08_DAY,STF_INT_015,Registered Nurse,Licensed,Core Staff,7.5,0.0,7.5,55.53,416.48
2026-02-03_U_INT_S08_DAY,2026-02-03,U_INT,S08_DAY,STF_INT_023,Registered Nurse,Licensed,Overtime,7.5,0.0,7.5,54.35,407.62
2026-02-03_U_INT_S08_DAY,2026-02-03,U_INT,S08_DAY,STF_INT_053,Certified Nursing Assistant,Unlicensed,Agency/Traveler,7.5,0.0,7.5,33.01,247.58
2026-02-03_U_INT_S08_DAY,2026-02-03,U_INT,S08_DAY,STF_INT_010,Certified Nursing Assistant,Unlicensed,Core Staff,7.5,0.0,7.5,31.5,236.25
2026-02-03_U_INT_S08_DAY,2026-02-03,U_INT,S08_DAY,STF_INT_060,Registered Nurse,Licensed,Agency/Traveler,7.5,0.0,7.5,53.11,398.32
2026-02-03_U_INT_S08_DAY,2026-02-03,U_INT,S08_DAY,STF_INT_051,Registered Nurse,Licensed,Core Staff,7.5,0.0,7.5,53.69,402.67
2026-02-03_U_INT_S08_DAY,2026-02-03,U_INT,S08_DAY,STF_INT_045,Registered Nurse,Licensed,Core Staff,7.5,0.0,7.5,58.23,436.72
2026-02-03_U_INT_S08_EVE,2026-02-03,U_INT,S08_EVE,STF_INT_029,Licensed Practical Nurse,Licensed,Core Staff,7.5,0.0,7.5,44.73,335.48
2026-02-03_U_INT_S08_EVE,2026-02-03,U_INT,S08_EVE,STF_INT_005,Certified Nursing Assistant,Unlicensed,Agency/Traveler,7.5,0.0,7.5,31.93,239.48
2026-02-03_U_INT_S08_EVE,2026-02-03,U_INT,S08_EVE,STF_INT_050,Registered Nurse,Licensed,Float Pool,7.5,0.0,7.5,58.06,435.45
2026-02-03_U_INT_S08_EVE,2026-02-03,U_INT,S08_EVE,STF_INT_058,Registered Nurse,Licensed,Float Pool,7.5,0.0,7.5,49.57,371.78
2026-02-03_U_INT_S08_EVE,2026-02-03,U_INT,S08_EVE,STF_INT_023,Registered Nurse,Licensed,Overtime,7.5,0.0,7.5,58.33,437.48
2026-02-03_U_INT_S08_EVE,2026-02-03,U_INT,S08_EVE,STF_INT_033,Registered Nurse,Licensed,Core Staff,5.5,2.0,7.5,48.23,361.72
2026-02-03_U_INT_S08_EVE,2026-02-03,U_INT,S08_EVE,STF_INT_003,Registered Nurse,Licensed,Core Staff,7.5,0.0,7.5,49.78,373.35
2026-02-03_U_INT_S08_EVE,2026-02-03,U_INT,S08_EVE,STF_INT_010,Certified Nursing Assistant,Unlicensed,Core Staff,7.5,0.0,7.5,30.44,228.3
2026-02-03_U_INT_S08_EVE,2026-02-03,U_INT,S08_EVE,STF_INT_025,Registered Nurse,Licensed,Core Staff,7.5,0.0,7.5,56.27,422.02
2026-02-03_U_INT_S08_NIGHT,2026-02-03,U_INT,S08_NIGHT,STF_INT_009,Certified Nursing Assistant,Unlicensed,Float Pool,7.5,0.0,7.5,36.38,272.85
2026-02-03_U_INT_S08_NIGHT,2026-02-03,U_INT,S08_NIGHT,STF_INT_062,Certified Nursing Assistant,Unlicensed,Core Staff,7.5,0.0,7.5,33.99,254.92
2026-02-03_U_INT_S08_NIGHT,2026-02-03,U_INT,S08_NIGHT,STF_INT_053,Certified Nursing Assistant,Unlicensed,Agency/Traveler,7.5,0.0,7.5,36.44,273.3
2026-02-03_U_INT_S08_NIGHT,2026-02-03,U_INT,S08_NIGHT,STF_INT_043,Registered Nurse,Licensed,Overtime,7.5,0.0,7.5,49.52,371.4
2026-02-03_U_INT_S08_NIGHT,2026-02-03,U_INT,S08_NIGHT,STF_INT_007,Registered Nurse,Licensed,Core Staff,7.5,0.0,7.5,53.38,400.35
2026-02-03_U_INT_S08_NIGHT,2026-02-03,U_INT,S08_NIGHT,STF_INT_013,Registered Nurse,Licensed,Core Staff,7.5,0.0,7.5,53.09,398.18
2026-02-03_U_INT_S08_NIGHT,2026-02-03,U_INT,S08_NIGHT,STF_INT_056,Registered Nurse,Licensed,Agency/Traveler,7.5,0.0,7.5,55.08,413.1
2026-02-04_U_ICU_S12_DAY,2026-02-04,U_ICU,S12_DAY,STF_ICU_034,Certified Nursing Assistant,Unlicensed,Agency/Traveler,11.5,0.0,11.5,35.31,406.07
2026-02-04_U_ICU_S12_DAY,2026-02-04,U_ICU,S12_DAY,STF_ICU_030,Registered Nurse,Licensed,Core Staff,11.5,0.0,11.5,59.17,680.46
2026-02-04_U_ICU_S12_DAY,2026-02-04,U_ICU,S12_DAY,STF_ICU_033,Certified Nursing Assistant,Unlicensed,Core Staff,11.5,0.0,11.5,35.11,403.76
2026-02-04_U_ICU_S12_DAY,2026-02-04,U_ICU,S12_DAY,STF_ICU_016,Registered Nurse,Licensed,Core Staff,11.5,0.0,11.5,50.69,582.93
2026-02-04_U_ICU_S12_DAY,2026-02-04,U_ICU,S12_DAY,STF_ICU_019,Registered Nurse,Licensed,Core Staff,11.5,0.0,11.5,57.98,666.77
2026-02-04_U_ICU_S12_DAY,2026-02-04,U_ICU,S12_DAY,STF_ICU_023,Registered Nurse,Licensed,Core Staff,11.5,0.0,11.5,48.21,554.42
2026-02-04_U_ICU_S12_NIGHT,2026-02-04,U_ICU,S12_NIGHT,STF_ICU_022,Registered Nurse,Licensed,Core Staff,11.5,0.0,11.5,51.16,588.34
2026-02-04_U_ICU_S12_NIGHT,2026-02-04,U_ICU,S12_NIGHT,STF_ICU_026,Registered Nurse,Licensed,Overtime,11.5,0.0,11.5,58.67,674.7
2026-02-04_U_ICU_S12_NIGHT,2026-02-04,U_ICU,S12_NIGHT,STF_ICU_018,Registered Nurse,Licensed,Core Staff,11.5,0.0,11.5,54.88,631.12
2026-02-04_U_ICU_S12_NIGHT,2026-02-04,U_ICU,S12_NIGHT,STF_ICU_030,Registered Nurse,Licensed,Core Staff,11.5,0.0,11.5,56.27,647.1
2026-02-04_U_ICU_S12_NIGHT,2026-02-04,U_ICU,S12_NIGHT,STF_ICU_023,Registered Nurse,Licensed,Core Staff,11.5,0.0,11.5,49.64,570.86
2026-02-04_U_ICU_S12_NIGHT,2026-02-04,U_ICU,S12_NIGHT,STF_ICU_033,Certified Nursing Assistant,Unlicensed,Core Staff,11.5,0.0,11.5,36.27,417.1
2026-02-04_U_INT_S08_DAY,2026-02-04,U_INT,S08_DAY,STF_INT_047,Certified Nursing Assistant,Unlicensed,Core Staff,7.5,0.0,7.5,33.19,248.92
2026-02-04_U_INT_S08_DAY,2026-02-04,U_INT,S08_DAY,STF_INT_002,Registered Nurse,Licensed,Core Staff,7.5,0.0,7.5,52.05,390.38
2026-02-04_U_INT_S08_DAY,2026-02-04,U_INT,S08_DAY,STF_INT_030,Licensed Practical Nurse,Licensed,Core Staff,7.5,0.0,7.5,38.8,291.0
2026-02-04_U_INT_S08_DAY,2026-02-04,U_INT,S08_DAY,STF_INT_059,Registered Nurse,Licensed,Core Staff,5.5,2.0,7.5,52.12,390.9
2026-02-04_U_INT_S08_DAY,2026-02-04,U_INT,S08_DAY,STF_INT_014,Registered Nurse,Licensed,Overtime,7.5,0.0,7.5,58.66,439.95
2026-02-04_U_INT_S08_DAY,2026-02-04,U_INT,S08_DAY,STF_INT_019,Registered Nurse,Licensed,Core Staff,7.5,0.0,7.5,56.69,425.17
2026-02-04_U_INT_S08_DAY,2026-02-04,U_INT,S08_DAY,STF_INT_041,Certified Nursing Assistant,Unlicensed,Overtime,7.5,0.0,7.5,30.24,226.8
2026-02-04_U_INT_S08_DAY,2026-02-04,U_INT,S08_DAY,STF_INT_021,Licensed Practical Nurse,Licensed,Core Staff,7.5,0.0,7.5,39.21,294.08
2026-02-04_U_INT_S08_DAY,2026-02-04,U_INT,S08_DAY,STF_INT_009,Certified Nursing Assistant,Unlicensed,Float Pool,7.5,0.0,7.5,33.72,252.9
2026-02-04_U_INT_S08_EVE,2026-02-04,U_INT,S08_EVE,STF_INT_046,Registered Nurse,Licensed,Overtime,7.5,0.0,7.5,53.78,403.35
2026-02-04_U_INT_S08_EVE,2026-02-04,U_INT,S08_EVE,STF_INT_063,Licensed Practical Nurse,Licensed,Core Staff,7.5,0.0,7.5,47.37,355.28
2026-02-04_U_INT_S08_EVE,2026-02-04,U_INT,S08_EVE,STF_INT_026,Registered Nurse,Licensed,Core Staff,7.5,0.0,7.5,56.73,425.48
2026-02-04_U_INT_S08_EVE,2026-02-04,U_INT,S08_EVE,STF_INT_048,Registered Nurse,Licensed,Core Staff,7.5,0.0,7.5,52.23,391.72
2026-02-04_U_INT_S08_EVE,2026-02-04,U_INT,S08_EVE,STF_INT_062,Certified Nursing Assistant,Unlicensed,Core Staff,7.5,0.0,7.5,30.11,225.82
2026-02-04_U_INT_S08_EVE,2026-02-04,U_INT,S08_EVE,STF_INT_024,Licensed Practical Nurse,Licensed,Core Staff,7.5,0.0,7.5,41.41,310.58
2026-02-04_U_INT_S08_EVE,2026-02-04,U_INT,S08_EVE,STF_INT_037,Certified Nursing Assistant,Unlicensed,Core Staff,7.5,0.0,7.5,30.48,228.6
2026-02-04_U_INT_S08_EVE,2026-02-04,U_INT,S08_EVE,STF_INT_020,Certified Nursing Assistant,Unlicensed,Core Staff,7.5,0.0,7.5,35.78,268.35
2026-02-04_U_INT_S08_NIGHT,2026-02-04,U_INT,S08_NIGHT,STF_INT_005,Certified Nursing Assistant,Unlicensed,Core Staff,7.5,0.0,7.5,31.34,235.05
2026-02-04_U_INT_S08_NIGHT,2026-02-04,U_INT,S08_NIGHT,STF_INT_006,Licensed Practical Nurse,Licensed,Core Staff,7.5,0.0,7.5,38.72,290.4
2026-02-04_U_INT_S08_NIGHT,2026-02-04,U_INT,S08_NIGHT,STF_INT_018,Certified Nursing Assistant,Unlicensed,Core Staff,7.5,0.0,7.5,31.64,237.3
2026-02-04_U_INT_S08_NIGHT,2026-02-04,U_INT,S08_NIGHT,STF_INT_039,Registered Nurse,Licensed,Float Pool,7.5,0.0,7.5,58.38,437.85
2026-02-04_U_INT_S08_NIGHT,2026-02-04,U_INT,S08_NIGHT,STF_INT_028,Registered Nurse,Licensed,Core Staff,7.5,0.0,7.5,54.83,411.22
2026-02-04_U_INT_S08_NIGHT,2026-02-04,U_INT,S08_NIGHT,STF_INT_022,Registered Nurse,Licensed,Core Staff,7.5,0.0,7.5,56.94,427.05
2026-02-05_U_ICU_S12_DAY,2026-02-05,U_ICU,S12_DAY,STF_ICU_026,Registered Nurse,Licensed,Overtime,11.5,0.0,11.5,51.99,597.88
2026-02-05_U_ICU_S12_DAY,2026-02-05,U_ICU,S12_DAY,STF_ICU_003,Registered Nurse,Licensed,Core Staff,11.5,0.0,11.5,54.21,623.42
2026-02-05_U_ICU_S12_DAY,2026-02-05,U_ICU,S12_DAY,STF_ICU_014,Registered Nurse,Licensed,Core Staff,11.5,0.0,11.5,58.42,671.83
2026-02-05_U_ICU_S12_DAY,2026-02-05,U_ICU,S12_DAY,STF_ICU_010,Registered Nurse,Licensed,Core Staff,11.5,0.0,11.5,55.95,643.43
2026-02-05_U_ICU_S12_DAY,2026-02-05,U_ICU,S12_DAY,STF_ICU_011,Registered Nurse,Licensed,Core Staff,11.5,0.0,11.5,59.47,683.9
2026-02-05_U_ICU_S12_DAY,2026-02-05,U_ICU,S12_DAY,STF_ICU_022,Registered Nurse,Licensed,Core Staff,11.5,0.0,11.5,59.57,685.06
2026-02-05_U_ICU_S12_DAY,2026-02-05,U_ICU,S12_DAY,STF_ICU_015,Registered Nurse,Licensed,Agency/Traveler,11.5,0.0,11.5,51.67,594.21
2026-02-05_U_ICU_S12_NIGHT,2026-02-05,U_ICU,S12_NIGHT,STF_ICU_028,Registered Nurse,Licensed,Core Staff,11.5,0.0,11.5,59.6,685.4
2026-02-05_U_ICU_S12_NIGHT,2026-02-05,U_ICU,S12_NIGHT,STF_ICU_021,Registered Nurse,Licensed,Core Staff,11.5,0.0,11.5,53.21,611.92
2026-02-05_U_ICU_S12_NIGHT,2026-02-05,U_ICU,S12_NIGHT,STF_ICU_016,Registered Nurse,Licensed,Core Staff,11.5,0.0,11.5,50.66,582.59
2026-02-05_U_ICU_S12_NIGHT,2026-02-05,U_ICU,S12_NIGHT,STF_ICU_023,Registered Nurse,Licensed,Core Staff,11.5,0.0,11.5,54.85,630.78
2026-02-05_U_ICU_S12_NIGHT,2026-02-05,U_ICU,S12_NIGHT,STF_ICU_031,Certified Nursing Assistant,Unlicensed,Core Staff,11.5,0.0,11.5,32.8,377.2
2026-02-05_U_ICU_S12_NIGHT,2026-02-05,U_ICU,S12_NIGHT,STF_ICU_006,Registered Nurse,Licensed,Core Staff,11.5,0.0,11.5,50.26,577.99
2026-02-05_U_ICU_S12_NIGHT,2026-02-05,U_ICU,S12_NIGHT,STF_ICU_026,Registered Nurse,Licensed,Overtime,11.5,0.0,11.5,50.91,585.46
2026-02-05_U_INT_S08_DAY,2026-02-05,U_INT,S08_DAY,STF_INT_029,Licensed Practical Nurse,Licensed,Agency/Traveler,7.5,0.0,7.5,46.07,345.52
2026-02-05_U_INT_S08_DAY,2026-02-05,U_INT,S08_DAY,STF_INT_039,Registered Nurse,Licensed,Float Pool,7.5,0.0,7.5,53.3,399.75
2026-02-05_U_INT_S08_DAY,2026-02-05,U_INT,S08_DAY,STF_INT_019,Registered Nurse,Licensed,Core Staff,7.5,0.0,7.5,52.2,391.5
2026-02-05_U_INT_S08_DAY,2026-02-05,U_INT,S08_DAY,STF_INT_050,Registered Nurse,Licensed,Overtime,7.5,0.0,7.5,52.04,390.3
2026-02-05_U_INT_S08_DAY,2026-02-05,U_INT,S08_DAY,STF_INT_046,Registered Nurse,Licensed,Agency/Traveler,7.5,0.0,7.5,56.3,422.25
2026-02-05_U_INT_S08_DAY,2026-02-05,U_INT,S08_DAY,STF_INT_022,Registered Nurse,Licensed,Float Pool,7.5,0.0,7.5,54.32,407.4
2026-02-05_U_INT_S08_DAY,2026-02-05,U_INT,S08_DAY,STF_INT_041,Certified Nursing Assistant,Unlicensed,Overtime,7.5,0.0,7.5,32.61,244.58
2026-02-05_U_INT_S08_DAY,2026-02-05,U_INT,S08_DAY,STF_INT_010,Certified Nursing Assistant,Unlicensed,Core Staff,7.5,0.0,7.5,36.47,273.52
2026-02-05_U_INT_S08_EVE,2026-02-05,U_INT,S08_EVE,STF_INT_043,Registered Nurse,Licensed,Overtime,7.5,0.0,7.5,58.17,436.28
2026-02-05_U_INT_S08_EVE,2026-02-05,U_INT,S08_EVE,STF_INT_059,Registered Nurse,Licensed,Core Staff,7.5,0.0,7.5,54.58,409.35
2026-02-05_U_INT_S08_EVE,2026-02-05,U_INT,S08_EVE,STF_INT_028,Registered Nurse,Licensed,Core Staff,7.5,0.0,7.5,49.2,369.0
2026-02-05_U_INT_S08_EVE,2026-02-05,U_INT,S08_EVE,STF_INT_054,Registered Nurse,Licensed,Core Staff,7.5,0.0,7.5,49.14,368.55
2026-02-05_U_INT_S08_EVE,2026-02-05,U_INT,S08_EVE,STF_INT_033,Registered Nurse,Licensed,Core Staff,7.5,0.0,7.5,55.47,416.02
2026-02-05_U_INT_S08_EVE,2026-02-05,U_INT,S08_EVE,STF_INT_015,Registered Nurse,Licensed,Core Staff,7.5,0.0,7.5,53.37,400.28
2026-02-05_U_INT_S08_EVE,2026-02-05,U_INT,S08_EVE,STF_INT_056,Registered Nurse,Licensed,Core Staff,7.5,0.0,7.5,51.3,384.75
2026-02-05_U_INT_S08_NIGHT,2026-02-05,U_INT,S08_NIGHT,STF_INT_024,Licensed Practical Nurse,Licensed,Core Staff,7.5,0.0,7.5,41.22,309.15
2026-02-05_U_INT_S08_NIGHT,2026-02-05,U_INT,S08_NIGHT,STF_INT_052,Licensed Practical Nurse,Licensed,Core Staff,7.5,0.0,7.5,43.17,323.78
2026-02-05_U_INT_S08_NIGHT,2026-02-05,U_INT,S08_NIGHT,STF_INT_044,Certified Nursing Assistant,Unlicensed,Core Staff,7.5,0.0,7.5,33.53,251.48
2026-02-05_U_INT_S08_NIGHT,2026-02-05,U_INT,S08_NIGHT,STF_INT_045,Registered Nurse,Licensed,Core Staff,7.5,0.0,7.5,54.69,410.17
2026-02-05_U_INT_S08_NIGHT,2026-02-05,U_INT,S08_NIGHT,STF_INT_053,Certified Nursing Assistant,Unlicensed,Agency/Traveler,7.5,0.0,7.5,34.05,255.37
2026-02-05_U_INT_S08_NIGHT,2026-02-05,U_INT,S08_NIGHT,STF_INT_027,Licensed Practical Nurse,Licensed,Overtime,7.5,0.0,7.5,46.02,345.15
2026-02-05_U_INT_S08_NIGHT,2026-02-05,U_INT,S08_NIGHT,STF_INT_061,Registered Nurse,Licensed,Core Staff,7.5,0.0,7.5,49.15,368.62
2026-02-06_U_ICU_S12_DAY,2026-02-06,U_ICU,S12_DAY,STF_ICU_013,Registered Nurse,Licensed,Overtime,11.5,0.0,11.5,50.27,578.1
2026-02-06_U_ICU_S12_DAY,2026-02-06,U_ICU,S12_DAY,STF_ICU_035,Certified Nursing Assistant,Unlicensed,Agency/Traveler,11.5,0.0,11.5,30.16,346.84
2026-02-06_U_ICU_S12_DAY,2026-02-06,U_ICU,S12_DAY,STF_ICU_030,Registered Nurse,Licensed,Core Staff,11.5,0.0,11.5,55.51,638.36
2026-02-06_U_ICU_S12_DAY,2026-02-06,U_ICU,S12_DAY,STF_ICU_018,Registered Nurse,Licensed,Core Staff,11.5,0.0,11.5,48.89,562.24
2026-02-06_U_ICU_S12_DAY,2026-02-06,U_ICU,S12_DAY,STF_ICU_015,Registered Nurse,Licensed,Core Staff,11.5,0.0,11.5,54.79,630.08
2026-02-06_U_ICU_S12_DAY,2026-02-06,U_ICU,S12_DAY,STF_ICU_020,Registered Nurse,Licensed,Core Staff,11.5,0.0,11.5,51.28,589.72
2026-02-06_U_ICU_S12_DAY,2026-02-06,U_ICU,S12_DAY,STF_ICU_024,Registered Nurse,Licensed,Core Staff,11.5,0.0,11.5,58.19,669.18
2026-02-06_U_ICU_S12_NIGHT,2026-02-06,U_ICU,S12_NIGHT,STF_ICU_005,Registered Nurse,Licensed,Core Staff,11.5,0.0,11.5,59.69,686.44
2026-02-06_U_ICU_S12_NIGHT,2026-02-06,U_ICU,S12_NIGHT,STF_ICU_030,Registered Nurse,Licensed,Core Staff,11.5,0.0,11.5,51.23,589.14
2026-02-06_U_ICU_S12_NIGHT,2026-02-06,U_ICU,S12_NIGHT,STF_ICU_012,Registered Nurse,Licensed,Agency/Traveler,11.5,0.0,11.5,53.56,615.94
2026-02-06_U_ICU_S12_NIGHT,2026-02-06,U_ICU,S12_NIGHT,STF_ICU_016,Registered Nurse,Licensed,Core Staff,11.5,0.0,11.5,51.29,589.84
2026-02-06_U_ICU_S12_NIGHT,2026-02-06,U_ICU,S12_NIGHT,STF_ICU_013,Registered Nurse,Licensed,Overtime,11.5,0.0,11.5,52.17,599.96
2026-02-06_U_ICU_S12_NIGHT,2026-02-06,U_ICU,S12_NIGHT,STF_ICU_020,Registered Nurse,Licensed,Core Staff,11.5,0.0,11.5,49.23,566.14
2026-02-06_U_INT_S08_DAY,2026-02-06,U_INT,S08_DAY,STF_INT_011,Certified Nursing Assistant,Unlicensed,Core Staff,7.5,0.0,7.5,31.05,232.88
2026-02-06_U_INT_S08_DAY,2026-02-06,U_INT,S08_DAY,STF_INT_020,Certified Nursing Assistant,Unlicensed,Core Staff,7.5,0.0,7.5,34.42,258.15
2026-02-06_U_INT_S08_DAY,2026-02-06,U_INT,S08_DAY,STF_INT_051,Registered Nurse,Licensed,Core Staff,7.5,0.0,7.5,49.57,371.78
2026-02-06_U_INT_S08_DAY,2026-02-06,U_INT,S08_DAY,STF_INT_052,Licensed Practical Nurse,Licensed,Core Staff,7.5,0.0,7.5,38.65,289.88
2026-02-06_U_INT_S08_DAY,2026-02-06,U_INT,S08_DAY,STF_INT_012,Registered Nurse,Licensed,Core Staff,5.5,2.0,7.5,54.98,412.35
2026-02-06_U_INT_S08_DAY,2026-02-06,U_INT,S08_DAY,STF_INT_053,Certified Nursing Assistant,Unlicensed,Agency/Traveler,7.5,0.0,7.5,31.51,236.32
2026-02-06_U_INT_S08_DAY,2026-02-06,U_INT,S08_DAY,STF_INT_046,Registered Nurse,Licensed,Overtime,7.5,0.0,7.5,59.9,449.25
2026-02-06_U_INT_S08_DAY,2026-02-06,U_INT,S08_DAY,STF_INT_030,Licensed Practical Nurse,Licensed,Core Staff,7.5,0.0,7.5,44.03,330.22
2026-02-06_U_INT_S08_DAY,2026-02-06,U_INT,S08_DAY,STF_INT_006,Licensed Practical Nurse,Licensed,Core Staff,7.5,0.0,7.5,42.67,320.03
2026-02-06_U_INT_S08_EVE,2026-02-06,U_INT,S08_EVE,STF_INT_034,Licensed Practical Nurse,Licensed,Float Pool,7.5,0.0,7.5,41.45,310.88
2026-02-06_U_INT_S08_EVE,2026-02-06,U_INT,S08_EVE,STF_INT_015,Registered Nurse,Licensed,Core Staff,7.5,0.0,7.5,59.09,443.18
2026-02-06_U_INT_S08_EVE,2026-02-06,U_INT,S08_EVE,STF_INT_059,Registered Nurse,Licensed,Core Staff,7.5,0.0,7.5,56.49,423.68
2026-02-06_U_INT_S08_EVE,2026-02-06,U_INT,S08_EVE,STF_INT_030,Licensed Practical Nurse,Licensed,Core Staff,7.5,0.0,7.5,41.71,312.82
2026-02-06_U_INT_S08_EVE,2026-02-06,U_INT,S08_EVE,STF_INT_023,Registered Nurse,Licensed,Overtime,7.5,0.0,7.5,56.06,420.45
2026-02-06_U_INT_S08_EVE,2026-02-06,U_INT,S08_EVE,STF_INT_043,Registered Nurse,Licensed,Overtime,7.5,0.0,7.5,59.88,449.1
2026-02-06_U_INT_S08_EVE,2026-02-06,U_INT,S08_EVE,STF_INT_064,Licensed Practical Nurse,Licensed,Core Staff,7.5,0.0,7.5,41.97,314.77
2026-02-06_U_INT_S08_EVE,2026-02-06,U_INT,S08_EVE,STF_INT_005,Certified Nursing Assistant,Unlicensed,Core Staff,7.5,0.0,7.5,34.97,262.27
2026-02-06_U_INT_S08_EVE,2026-02-06,U_INT,S08_EVE,STF_INT_018,Certified Nursing Assistant,Unlicensed,Core Staff,7.5,0.0,7.5,31.9,239.25
2026-02-06_U_INT_S08_NIGHT,2026-02-06,U_INT,S08_NIGHT,STF_INT_047,Certified Nursing Assistant,Unlicensed,Core Staff,7.5,0.0,7.5,30.04,225.3
2026-02-06_U_INT_S08_NIGHT,2026-02-06,U_INT,S08_NIGHT,STF_INT_034,Licensed Practical Nurse,Licensed,Float Pool,7.5,0.0,7.5,44.23,331.72
2026-02-06_U_INT_S08_NIGHT,2026-02-06,U_INT,S08_NIGHT,STF_INT_006,Licensed Practical Nurse,Licensed,Core Staff,7.5,0.0,7.5,40.4,303.0
2026-02-06_U_INT_S08_NIGHT,2026-02-06,U_INT,S08_NIGHT,STF_INT_052,Licensed Practical Nurse,Licensed,Core Staff,7.5,0.0,7.5,43.1,323.25
2026-02-06_U_INT_S08_NIGHT,2026-02-06,U_INT,S08_NIGHT,STF_INT_011,Certified Nursing Assistant,Unlicensed,Core Staff,7.5,0.0,7.5,35.27,264.53
2026-02-06_U_INT_S08_NIGHT,2026-02-06,U_INT,S08_NIGHT,STF_INT_027,Licensed Practical Nurse,Licensed,Overtime,7.5,0.0,7.5,39.38,295.35
2026-02-07_U_ICU_S12_DAY,2026-02-07,U_ICU,S12_DAY,STF_ICU_022,Registered Nurse,Licensed,Core Staff,11.5,0.0,11.5,56.85,653.78
2026-02-07_U_ICU_S12_DAY,2026-02-07,U_ICU,S12_DAY,STF_ICU_011,Registered Nurse,Licensed,Core Staff,11.5,0.0,11.5,55.03,632.84
2026-02-07_U_ICU_S12_DAY,2026-02-07,U_ICU,S12_DAY,STF_ICU_031,Certified Nursing Assistant,Unlicensed,Core Staff,11.5,0.0,11.5,30.02,345.23
2026-02-07_U_ICU_S12_DAY,2026-02-07,U_ICU,S12_DAY,STF_ICU_026,Registered Nurse,Licensed,Overtime,11.5,0.0,11.5,54.39,625.48
2026-02-07_U_ICU_S12_NIGHT,2026-02-07,U_ICU,S12_NIGHT,STF_ICU_007,Registered Nurse,Licensed,Core Staff,11.5,0.0,11.5,48.19,554.18
2026-02-07_U_ICU_S12_NIGHT,2026-02-07,U_ICU,S12_NIGHT,STF_ICU_029,Registered Nurse,Licensed,Core Staff,11.5,0.0,11.5,52.51,603.86
2026-02-07_U_ICU_S12_NIGHT,2026-02-07,U_ICU,S12_NIGHT,STF_ICU_022,Registered Nurse,Licensed,Core Staff,11.5,0.0,11.5,51.18,588.57
2026-02-07_U_ICU_S12_NIGHT,2026-02-07,U_ICU,S12_NIGHT,STF_ICU_032,Certified Nursing Assistant,Unlicensed,Core Staff,11.5,0.0,11.5,33.32,383.18
2026-02-07_U_ICU_S12_NIGHT,2026-02-07,U_ICU,S12_NIGHT,STF_ICU_003,Registered Nurse,Licensed,Core Staff,11.5,0.0,11.5,49.86,573.39
2026-02-07_U_ICU_S12_NIGHT,2026-02-07,U_ICU,S12_NIGHT,STF_ICU_023,Registered Nurse,Licensed,Core Staff,11.5,0.0,11.5,48.51,557.86
2026-02-07_U_INT_S08_DAY,2026-02-07,U_INT,S08_DAY,STF_INT_010,Certified Nursing Assistant,Unlicensed,Core Staff,7.5,0.0,7.5,32.62,244.65
2026-02-07_U_INT_S08_DAY,2026-02-07,U_INT,S08_DAY,STF_INT_046,Registered Nurse,Licensed,Overtime,7.5,0.0,7.5,51.56,386.7
2026-02-07_U_INT_S08_DAY,2026-02-07,U_INT,S08_DAY,STF_INT_009,Certified Nursing Assistant,Unlicensed,Float Pool,7.5,0.0,7.5,36.43,273.23
2026-02-07_U_INT_S08_DAY,2026-02-07,U_INT,S08_DAY,STF_INT_039,Registered Nurse,Licensed,Overtime,7.5,0.0,7.5,53.1,398.25
2026-02-07_U_INT_S08_DAY,2026-02-07,U_INT,S08_DAY,STF_INT_047,Certified Nursing Assistant,Unlicensed,Core Staff,7.5,0.0,7.5,30.35,227.62
2026-02-07_U_INT_S08_DAY,2026-02-07,U_INT,S08_DAY,STF_INT_037,Certified Nursing Assistant,Unlicensed,Core Staff,7.5,0.0,7.5,34.21,256.58
2026-02-07_U_INT_S08_DAY,2026-02-07,U_INT,S08_DAY,STF_INT_017,Certified Nursing Assistant,Unlicensed,Core Staff,7.5,0.0,7.5,30.11,225.82
2026-02-07_U_INT_S08_DAY,2026-02-07,U_INT,S08_DAY,STF_INT_057,Registered Nurse,Licensed,Float Pool,7.5,0.0,7.5,51.89,389.18
2026-02-07_U_INT_S08_DAY,2026-02-07,U_INT,S08_DAY,STF_INT_033,Registered Nurse,Licensed,Core Staff,7.5,0.0,7.5,59.46,445.95
2026-02-07_U_INT_S08_DAY,2026-02-07,U_INT,S08_DAY,STF_INT_034,Licensed Practical Nurse,Licensed,Core Staff,7.5,0.0,7.5,43.37,325.27
2026-02-07_U_INT_S08_DAY,2026-02-07,U_INT,S08_DAY,STF_INT_052,Licensed Practical Nurse,Licensed,Core Staff,7.5,0.0,7.5,41.76,313.2
2026-02-07_U_INT_S08_EVE,2026-02-07,U_INT,S08_EVE,STF_INT_043,Registered Nurse,Licensed,Overtime,5.5,2.0,7.5,53.26,399.45
2026-02-07_U_INT_S08_EVE,2026-02-07,U_INT,S08_EVE,STF_INT_018,Certified Nursing Assistant,Unlicensed,Core Staff,7.5,0.0,7.5,33.62,252.15
2026-02-07_U_INT_S08_EVE,2026-02-07,U_INT,S08_EVE,STF_INT_004,Registered Nurse,Licensed,Core Staff,7.5,0.0,7.5,53.65,402.38
2026-02-07_U_INT_S08_EVE,2026-02-07,U_INT,S08_EVE,STF_INT_006,Licensed Practical Nurse,Licensed,Core Staff,7.5,0.0,7.5,45.8,343.5
2026-02-07_U_INT_S08_EVE,2026-02-07,U_INT,S08_EVE,STF_INT_010,Certified Nursing Assistant,Unlicensed,Core Staff,7.5,0.0,7.5,33.92,254.4
2026-02-07_U_INT_S08_EVE,2026-02-07,U_INT,S08_EVE,STF_INT_036,Registered Nurse,Licensed,Core Staff,7.5,0.0,7.5,58.69,440.17
2026-02-07_U_INT_S08_EVE,2026-02-07,U_INT,S08_EVE,STF_INT_007,Registered Nurse,Licensed,Float Pool,7.5,0.0,7.5,51.34,385.05
2026-02-07_U_INT_S08_NIGHT,2026-02-07,U_INT,S08_NIGHT,STF_INT_034,Licensed Practical Nurse,Licensed,Core Staff,7.5,0.0,7.5,46.19,346.42
2026-02-07_U_INT_S08_NIGHT,2026-02-07,U_INT,S08_NIGHT,STF_INT_049,Registered Nurse,Licensed,Core Staff,7.5,0.0,7.5,50.62,379.65
2026-02-07_U_INT_S08_NIGHT,2026-02-07,U_INT,S08_NIGHT,STF_INT_011,Certified Nursing Assistant,Unlicensed,Core Staff,7.5,0.0,7.5,33.63,252.23
2026-02-07_U_INT_S08_NIGHT,2026-02-07,U_INT,S08_NIGHT,STF_INT_063,Licensed Practical Nurse,Licensed,Core Staff,7.5,0.0,7.5,46.2,346.5
2026-02-07_U_INT_S08_NIGHT,2026-02-07,U_INT,S08_NIGHT,STF_INT_015,Registered Nurse,Licensed,Core Staff,7.5,0.0,7.5,49.81,373.58
2026-02-07_U_INT_S08_NIGHT,2026-02-07,U_INT,S08_NIGHT,STF_INT_061,Registered Nurse,Licensed,Core Staff,7.5,0.0,7.5,50.67,380.02
2026-02-08_U_ICU_S12_DAY,2026-02-08,U_ICU,S12_DAY,STF_ICU_004,Registered Nurse,Licensed,Core Staff,11.5,0.0,11.5,56.54,650.21
2026-02-08_U_ICU_S12_DAY,2026-02-08,U_ICU,S12_DAY,STF_ICU_031,Certified Nursing Assistant,Unlicensed,Overtime,11.5,0.0,11.5,33.98,390.77
2026-02-08_U_ICU_S12_DAY,2026-02-08,U_ICU,S12_DAY,STF_ICU_029,Registered Nurse,Licensed,Overtime,11.5,0.0,11.5,56.38,648.37
2026-02-08_U_ICU_S12_DAY,2026-02-08,U_ICU,S12_DAY,STF_ICU_025,Registered Nurse,Licensed,Core Staff,11.5,0.0,11.5,57.94,666.31
2026-02-08_U_ICU_S12_DAY,2026-02-08,U_ICU,S12_DAY,STF_ICU_012,Registered Nurse,Licensed,Agency/Traveler,11.5,0.0,11.5,50.61,582.02
2026-02-08_U_ICU_S12_DAY,2026-02-08,U_ICU,S12_DAY,STF_ICU_005,Registered Nurse,Licensed,Core Staff,11.5,0.0,11.5,50.07,575.8
2026-02-08_U_ICU_S12_NIGHT,2026-02-08,U_ICU,S12_NIGHT,STF_ICU_019,Registered Nurse,Licensed,Core Staff,11.5,0.0,11.5,52.36,602.14
2026-02-08_U_ICU_S12_NIGHT,2026-02-08,U_ICU,S12_NIGHT,STF_ICU_011,Registered Nurse,Licensed,Core Staff,11.5,0.0,11.5,54.51,626.86
2026-02-08_U_ICU_S12_NIGHT,2026-02-08,U_ICU,S12_NIGHT,STF_ICU_002,Registered Nurse,Licensed,Agency/Traveler,11.5,0.0,11.5,59.7,686.55
2026-02-08_U_ICU_S12_NIGHT,2026-02-08,U_ICU,S12_NIGHT,STF_ICU_034,Certified Nursing Assistant,Unlicensed,Agency/Traveler,11.5,0.0,11.5,32.01,368.11
2026-02-08_U_ICU_S12_NIGHT,2026-02-08,U_ICU,S12_NIGHT,STF_ICU_022,Registered Nurse,Licensed,Core Staff,11.5,0.0,11.5,55.04,632.96
2026-02-08_U_ICU_S12_NIGHT,2026-02-08,U_ICU,S12_NIGHT,STF_ICU_013,Registered Nurse,Licensed,Overtime,11.5,0.0,11.5,52.12,599.38
2026-02-08_U_INT_S08_DAY,2026-02-08,U_INT,S08_DAY,STF_INT_031,Registered Nurse,Licensed,Overtime,7.5,0.0,7.5,53.01,397.58
2026-02-08_U_INT_S08_DAY,2026-02-08,U_INT,S08_DAY,STF_INT_012,Registered Nurse,Licensed,Core Staff,7.5,0.0,7.5,59.03,442.72
2026-02-08_U_INT_S08_DAY,2026-02-08,U_INT,S08_DAY,STF_INT_030,Licensed Practical Nurse,Licensed,Core Staff,7.5,0.0,7.5,39.83,298.72
2026-02-08_U_INT_S08_DAY,2026-02-08,U_INT,S08_DAY,STF_INT_041,Certified Nursing Assistant,Unlicensed,Overtime,7.5,0.0,7.5,35.55,266.62
2026-02-08_U_INT_S08_DAY,2026-02-08,U_INT,S08_DAY,STF_INT_058,Registered Nurse,Licensed,Float Pool,7.5,0.0,7.5,49.8,373.5
2026-02-08_U_INT_S08_DAY,2026-02-08,U_INT,S08_DAY,STF_INT_060,Registered Nurse,Licensed,Agency/Traveler,7.5,0.0,7.5,59.32,444.9
2026-02-08_U_INT_S08_DAY,2026-02-08,U_INT,S08_DAY,STF_INT_016,Registered Nurse,Licensed,Core Staff,7.5,0.0,7.5,54.2,406.5
2026-02-08_U_INT_S08_DAY,2026-02-08,U_INT,S08_DAY,STF_INT_002,Registered Nurse,Licensed,Core Staff,7.5,0.0,7.5,58.52,438.9
2026-02-08_U_INT_S08_EVE,2026-02-08,U_INT,S08_EVE,STF_INT_035,Registered Nurse,Licensed,Float Pool,7.5,0.0,7.5,51.91,389.32
2026-02-08_U_INT_S08_EVE,2026-02-08,U_INT,S08_EVE,STF_INT_036,Registered Nurse,Licensed,Core Staff,7.5,0.0,7.5,52.83,396.22
2026-02-08_U_INT_S08_EVE,2026-02-08,U_INT,S08_EVE,STF_INT_058,Registered Nurse,Licensed,Float Pool,7.5,0.0,7.5,58.07,435.52
2026-02-08_U_INT_S08_EVE,2026-02-08,U_INT,S08_EVE,STF_INT_013,Registered Nurse,Licensed,Core Staff,7.5,0.0,7.5,59.3,444.75
2026-02-08_U_INT_S08_EVE,2026-02-08,U_INT,S08_EVE,STF_INT_037,Certified Nursing Assistant,Unlicensed,Core Staff,7.5,0.0,7.5,34.2,256.5
2026-02-08_U_INT_S08_EVE,2026-02-08,U_INT,S08_EVE,STF_INT_023,Registered Nurse,Licensed,Overtime,7.5,0.0,7.5,50.98,382.35
2026-02-08_U_INT_S08_EVE,2026-02-08,U_INT,S08_EVE,STF_INT_014,Registered Nurse,Licensed,Overtime,7.5,0.0,7.5,48.14,361.05
2026-02-08_U_INT_S08_NIGHT,2026-02-08,U_INT,S08_NIGHT,STF_INT_060,Registered Nurse,Licensed,Agency/Traveler,7.5,0.0,7.5,51.73,387.98
2026-02-08_U_INT_S08_NIGHT,2026-02-08,U_INT,S08_NIGHT,STF_INT_033,Registered Nurse,Licensed,Core Staff,7.5,0.0,7.5,57.99,434.92
2026-02-08_U_INT_S08_NIGHT,2026-02-08,U_INT,S08_NIGHT,STF_INT_011,Certified Nursing Assistant,Unlicensed,Core Staff,7.5,0.0,7.5,35.98,269.85
2026-02-08_U_INT_S08_NIGHT,2026-02-08,U_INT,S08_NIGHT,STF_INT_049,Registered Nurse,Licensed,Core Staff,7.5,0.0,7.5,48.41,363.08
2026-02-08_U_INT_S08_NIGHT,2026-02-08,U_INT,S08_NIGHT,STF_INT_062,Certified Nursing Assistant,Unlicensed,Core Staff,7.5,0.0,7.5,33.13,248.48
2026-02-08_U_INT_S08_NIGHT,2026-02-08,U_INT,S08_NIGHT,STF_INT_010,Certified Nursing Assistant,Unlicensed,Core Staff,7.5,0.0,7.5,34.0,255.0
2026-02-08_U_INT_S08_NIGHT,2026-02-08,U_INT,S08_NIGHT,STF_INT_052,Licensed Practical Nurse,Licensed,Core Staff,7.5,0.0,7.5,45.71,342.82
2026-02-09_U_ICU_S12_DAY,2026-02-09,U_ICU,S12_DAY,STF_ICU_030,Registered Nurse,Licensed,Overtime,11.5,0.0,11.5,57.03,655.84
2026-02-09_U_ICU_S12_DAY,2026-02-09,U_ICU,S12_DAY,STF_ICU_032,Certified Nursing Assistant,Unlicensed,Core Staff,11.5,0.0,11.5,34.72,399.28
2026-02-09_U_ICU_S12_DAY,2026-02-09,U_ICU,S12_DAY,STF_ICU_027,Registered Nurse,Licensed,Core Staff,11.5,0.0,11.5,54.52,626.98
2026-02-09_U_ICU_S12_DAY,2026-02-09,U_ICU,S12_DAY,STF_ICU_034,Certified Nursing Assistant,Unlicensed,Agency/Traveler,11.5,0.0,11.5,32.39,372.48
2026-02-09_U_ICU_S12_DAY,2026-02-09,U_ICU,S12_DAY,STF_ICU_023,Registered Nurse,Licensed,Core Staff,11.5,0.0,11.5,50.1,576.15
2026-02-09_U_ICU_S12_DAY,2026-02-09,U_ICU,S12_DAY,STF_ICU_035,Certified Nursing Assistant,Unlicensed,Agency/Traveler,11.5,0.0,11.5,30.98,356.27
2026-02-09_U_ICU_S12_NIGHT,2026-02-09,U_ICU,S12_NIGHT,STF_ICU_005,Registered Nurse,Licensed,Core Staff,11.5,0.0,11.5,52.3,601.45
2026-02-09_U_ICU_S12_NIGHT,2026-02-09,U_ICU,S12_NIGHT,STF_ICU_001,Registered Nurse,Licensed,Core Staff,11.5,0.0,11.5,55.16,634.34
2026-02-09_U_ICU_S12_NIGHT,2026-02-09,U_ICU,S12_NIGHT,STF_ICU_012,Registered Nurse,Licensed,Agency/Traveler,11.5,0.0,11.5,59.71,686.66
2026-02-09_U_ICU_S12_NIGHT,2026-02-09,U_ICU,S12_NIGHT,STF_ICU_031,Certified Nursing Assistant,Unlicensed,Core Staff,11.5,0.0,11.5,35.26,405.49
2026-02-09_U_ICU_S12_NIGHT,2026-02-09,U_ICU,S12_NIGHT,STF_ICU_023,Registered Nurse,Licensed,Core Staff,11.5,0.0,11.5,50.57,581.55
2026-02-09_U_ICU_S12_NIGHT,2026-02-09,U_ICU,S12_NIGHT,STF_ICU_016,Registered Nurse,Licensed,Overtime,11.5,0.0,11.5,50.46,580.29
2026-02-09_U_INT_S08_DAY,2026-02-09,U_INT,S08_DAY,STF_INT_045,Registered Nurse,Licensed,Core Staff,7.5,0.0,7.5,48.75,365.62
2026-02-09_U_INT_S08_DAY,2026-02-09,U_INT,S08_DAY,STF_INT_046,Registered Nurse,Licensed,Overtime,7.5,0.0,7.5,58.98,442.35
2026-02-09_U_INT_S08_DAY,2026-02-09,U_INT,S08_DAY,STF_INT_043,Registered Nurse,Licensed,Overtime,7.5,0.0,7.5,55.12,413.4
2026-02-09_U_INT_S08_DAY,2026-02-09,U_INT,S08_DAY,STF_INT_032,Registered Nurse,Licensed,Core Staff,7.5,0.0,7.5,51.83,388.72
2026-02-09_U_INT_S08_DAY,2026-02-09,U_INT,S08_DAY,STF_INT_041,Certified Nursing Assistant,Unlicensed,Float Pool,7.5,0.0,7.5,35.9,269.25
2026-02-09_U_INT_S08_DAY,2026-02-09,U_INT,S08_DAY,STF_INT_003,Registered Nurse,Licensed,Core Staff,7.5,0.0,7.5,54.74,410.55
2026-02-09_U_INT_S08_DAY,2026-02-09,U_INT,S08_DAY,STF_INT_052,Licensed Practical Nurse,Licensed,Core Staff,7.5,0.0,7.5,45.92,344.4
2026-02-09_U_INT_S08_DAY,2026-02-09,U_INT,S08_DAY,STF_INT_037,Certified Nursing Assistant,Unlicensed,Core Staff,7.5,0.0,7.5,35.14,263.55
2026-02-09_U_INT_S08_DAY,2026-02-09,U_INT,S08_DAY,STF_INT_016,Registered Nurse,Licensed,Core Staff,7.5,0.0,7.5,55.52,416.4
2026-02-09_U_INT_S08_EVE,2026-02-09,U_INT,S08_EVE,STF_INT_022,Registered Nurse,Licensed,Core Staff,5.5,2.0,7.5,57.93,434.48
2026-02-09_U_INT_S08_EVE,2026-02-09,U_INT,S08_EVE,STF_INT_005,Certified Nursing Assistant,Unlicensed,Float Pool,7.5,0.0,7.5,32.81,246.08
2026-02-09_U_INT_S08_EVE,2026-02-09,U_INT,S08_EVE,STF_INT_045,Registered Nurse,Licensed,Core Staff,7.5,0.0,7.5,52.61,394.58
2026-02-09_U_INT_S08_EVE,2026-02-09,U_INT,S08_EVE,STF_INT_024,Licensed Practical Nurse,Licensed,Core Staff,7.5,0.0,7.5,46.91,351.82
2026-02-09_U_INT_S08_EVE,2026-02-09,U_INT,S08_EVE,STF_INT_040,Certified Nursing Assistant,Unlicensed,Core Staff,7.5,0.0,7.5,30.06,225.45
2026-02-09_U_INT_S08_EVE,2026-02-09,U_INT,S08_EVE,STF_INT_028,Registered Nurse,Licensed,Core Staff,7.5,0.0,7.5,52.07,390.52
2026-02-09_U_INT_S08_EVE,2026-02-09,U_INT,S08_EVE,STF_INT_064,Licensed Practical Nurse,Licensed,Core Staff,7.5,0.0,7.5,44.01,330.08
2026-02-09_U_INT_S08_EVE,2026-02-09,U_INT,S08_EVE,STF_INT_043,Registered Nurse,Licensed,Overtime,7.5,0.0,7.5,54.09,405.68
2026-02-09_U_INT_S08_NIGHT,2026-02-09,U_INT,S08_NIGHT,STF_INT_017,Certified Nursing Assistant,Unlicensed,Core Staff,7.5,0.0,7.5,35.74,268.05
2026-02-09_U_INT_S08_NIGHT,2026-02-09,U_INT,S08_NIGHT,STF_INT_006,Licensed Practical Nurse,Licensed,Core Staff,7.5,0.0,7.5,40.49,303.68
2026-02-09_U_INT_S08_NIGHT,2026-02-09,U_INT,S08_NIGHT,STF_INT_062,Certified Nursing Assistant,Unlicensed,Core Staff,7.5,0.0,7.5,31.15,233.62
2026-02-09_U_INT_S08_NIGHT,2026-02-09,U_INT,S08_NIGHT,STF_INT_058,Registered Nurse,Licensed,Overtime,7.5,0.0,7.5,51.67,387.52
2026-02-09_U_INT_S08_NIGHT,2026-02-09,U_INT,S08_NIGHT,STF_INT_041,Certified Nursing Assistant,Unlicensed,Overtime,7.5,0.0,7.5,31.21,234.08
2026-02-09_U_INT_S08_NIGHT,2026-02-09,U_INT,S08_NIGHT,STF_INT_033,Registered Nurse,Licensed,Core Staff,7.5,0.0,7.5,49.24,369.3
2026-02-10_U_ICU_S12_DAY,2026-02-10,U_ICU,S12_DAY,STF_ICU_014,Registered Nurse,Licensed,Core Staff,11.5,0.0,11.5,53.36,613.64
2026-02-10_U_ICU_S12_DAY,2026-02-10,U_ICU,S12_DAY,STF_ICU_030,Registered Nurse,Licensed,Core Staff,11.5,0.0,11.5,49.23,566.14
2026-02-10_U_ICU_S12_DAY,2026-02-10,U_ICU,S12_DAY,STF_ICU_025,Registered Nurse,Licensed,Core Staff,11.5,0.0,11.5,50.77,583.86
2026-02-10_U_ICU_S12_DAY,2026-02-10,U_ICU,S12_DAY,STF_ICU_004,Registered Nurse,Licensed,Core Staff,11.5,0.0,11.5,50.76,583.74
2026-02-10_U_ICU_S12_DAY,2026-02-10,U_ICU,S12_DAY,STF_ICU_026,Registered Nurse,Licensed,Overtime,11.5,0.0,11.5,58.48,672.52
2026-02-10_U_ICU_S12_DAY,2026-02-10,U_ICU,S12_DAY,STF_ICU_034,Certified Nursing Assistant,Unlicensed,Overtime,11.5,0.0,11.5,34.24,393.76
2026-02-10_U_ICU_S12_NIGHT,2026-02-10,U_ICU,S12_NIGHT,STF_ICU_020,Registered Nurse,Licensed,Core Staff,11.5,0.0,11.5,48.55,558.32
2026-02-10_U_ICU_S12_NIGHT,2026-02-10,U_ICU,S12_NIGHT,STF_ICU_019,Registered Nurse,Licensed,Core Staff,9.5,2.0,11.5,55.91,642.96
2026-02-10_U_ICU_S12_NIGHT,2026-02-10,U_ICU,S12_NIGHT,STF_ICU_003,Registered Nurse,Licensed,Core Staff,11.5,0.0,11.5,51.2,588.8
2026-02-10_U_ICU_S12_NIGHT,2026-02-10,U_ICU,S12_NIGHT,STF_ICU_009,Registered Nurse,Licensed,Core Staff,11.5,0.0,11.5,58.59,673.79
2026-02-10_U_ICU_S12_NIGHT,2026-02-10,U_ICU,S12_NIGHT,STF_ICU_014,Registered Nurse,Licensed,Core Staff,11.5,0.0,11.5,49.46,568.79
2026-02-10_U_ICU_S12_NIGHT,2026-02-10,U_ICU,S12_NIGHT,STF_ICU_004,Registered Nurse,Licensed,Overtime,11.5,0.0,11.5,50.47,580.4
2026-02-10_U_INT_S08_DAY,2026-02-10,U_INT,S08_DAY,STF_INT_020,Certified Nursing Assistant,Unlicensed,Core Staff,7.5,0.0,7.5,33.03,247.73
2026-02-10_U_INT_S08_DAY,2026-02-10,U_INT,S08_DAY,STF_INT_031,Registered Nurse,Licensed,Core Staff,7.5,0.0,7.5,52.64,394.8
2026-02-10_U_INT_S08_DAY,2026-02-10,U_INT,S08_DAY,STF_INT_049,Registered Nurse,Licensed,Core Staff,7.5,0.0,7.5,58.52,438.9
2026-02-10_U_INT_S08_DAY,2026-02-10,U_INT,S08_DAY,STF_INT_047,Certified Nursing Assistant,Unlicensed,Core Staff,7.5,0.0,7.5,31.25,234.38
2026-02-10_U_INT_S08_DAY,2026-02-10,U_INT,S08_DAY,STF_INT_039,Registered Nurse,Licensed,Agency/Traveler,7.5,0.0,7.5,55.4,415.5
2026-02-10_U_INT_S08_DAY,2026-02-10,U_INT,S08_DAY,STF_INT_004,Registered Nurse,Licensed,Core Staff,7.5,0.0,7.5,59.9,449.25
2026-02-10_U_INT_S08_DAY,2026-02-10,U_INT,S08_DAY,STF_INT_064,Licensed Practical Nurse,Licensed,Core Staff,7.5,0.0,7.5,44.49,333.68
2026-02-10_U_INT_S08_DAY,2026-02-10,U_INT,S08_DAY,STF_INT_002,Registered Nurse,Licensed,Core Staff,7.5,0.0,7.5,58.27,437.02
2026-02-10_U_INT_S08_DAY,2026-02-10,U_INT,S08_DAY,STF_INT_023,Registered Nurse,Licensed,Overtime,7.5,0.0,7.5,53.35,400.12
2026-02-10_U_INT_S08_EVE,2026-02-10,U_INT,S08_EVE,STF_INT_048,Registered Nurse,Licensed,Core Staff,7.5,0.0,7.5,54.64,409.8
2026-02-10_U_INT_S08_EVE,2026-02-10,U_INT,S08_EVE,STF_INT_055,Registered Nurse,Licensed,Core Staff,7.5,0.0,7.5,52.16,391.2
2026-02-10_U_INT_S08_EVE,2026-02-10,U_INT,S08_EVE,STF_INT_024,Licensed Practical Nurse,Licensed,Core Staff,7.5,0.0,7.5,45.71,342.82
2026-02-10_U_INT_S08_EVE,2026-02-10,U_INT,S08_EVE,STF_INT_059,Registered Nurse,Licensed,Core Staff,7.5,0.0,7.5,52.8,396.0
2026-02-10_U_INT_S08_EVE,2026-02-10,U_INT,S08_EVE,STF_INT_001,Certified Nursing Assistant,Unlicensed,Core Staff,7.5,0.0,7.5,34.93,261.98
2026-02-10_U_INT_S08_EVE,2026-02-10,U_INT,S08_EVE,STF_INT_003,Registered Nurse,Licensed,Core Staff,7.5,0.0,7.5,48.77,365.78
2026-02-10_U_INT_S08_EVE,2026-02-10,U_INT,S08_EVE,STF_INT_042,Registered Nurse,Licensed,Overtime,7.5,0.0,7.5,54.67,410.02
2026-02-10_U_INT_S08_NIGHT,2026-02-10,U_INT,S08_NIGHT,STF_INT_025,Registered Nurse,Licensed,Core Staff,7.5,0.0,7.5,57.92,434.4
2026-02-10_U_INT_S08_NIGHT,2026-02-10,U_INT,S08_NIGHT,STF_INT_033,Registered Nurse,Licensed,Core Staff,7.5,0.0,7.5,51.03,382.72
2026-02-10_U_INT_S08_NIGHT,2026-02-10,U_INT,S08_NIGHT,STF_INT_056,Registered Nurse,Licensed,Core Staff,7.5,0.0,7.5,58.24,436.8
2026-02-10_U_INT_S08_NIGHT,2026-02-10,U_INT,S08_NIGHT,STF_INT_058,Registered Nurse,Licensed,Float Pool,7.5,0.0,7.5,57.47,431.02
2026-02-10_U_INT_S08_NIGHT,2026-02-10,U_INT,S08_NIGHT,STF_INT_007,Registered Nurse,Licensed,Core Staff,7.5,0.0,7.5,48.58,364.35
2026-02-10_U_INT_S08_NIGHT,2026-02-10,U_INT,S08_NIGHT,STF_INT_036,Registered Nurse,Licensed,Core Staff,7.5,0.0,7.5,54.72,410.4
2026-02-11_U_ICU_S12_DAY,2026-02-11,U_ICU,S12_DAY,STF_ICU_032,Certified Nursing Assistant,Unlicensed,Core Staff,11.5,0.0,11.5,31.43,361.44
2026-02-11_U_ICU_S12_DAY,2026-02-11,U_ICU,S12_DAY,STF_ICU_027,Registered Nurse,Licensed,Float Pool,11.5,0.0,11.5,53.65,616.98
2026-02-11_U_ICU_S12_DAY,2026-02-11,U_ICU,S12_DAY,STF_ICU_003,Registered Nurse,Licensed,Core Staff,11.5,0.0,11.5,51.42,591.33
2026-02-11_U_ICU_S12_DAY,2026-02-11,U_ICU,S12_DAY,STF_ICU_025,Registered Nurse,Licensed,Core Staff,11.5,0.0,11.5,49.97,574.66
2026-02-11_U_ICU_S12_DAY,2026-02-11,U_ICU,S12_DAY,STF_ICU_007,Registered Nurse,Licensed,Core Staff,9.5,2.0,11.5,51.44,591.56
2026-02-11_U_ICU_S12_NIGHT,2026-02-11,U_ICU,S12_NIGHT,STF_ICU_007,Registered Nurse,Licensed,Core Staff,11.5,0.0,11.5,50.96,586.04
2026-02-11_U_ICU_S12_NIGHT,2026-02-11,U_ICU,S12_NIGHT,STF_ICU_025,Registered Nurse,Licensed,Core Staff,11.5,0.0,11.5,52.96,609.04
2026-02-11_U_ICU_S12_NIGHT,2026-02-11,U_ICU,S12_NIGHT,STF_ICU_009,Registered Nurse,Licensed,Core Staff,11.5,0.0,11.5,49.46,568.79
2026-02-11_U_ICU_S12_NIGHT,2026-02-11,U_ICU,S12_NIGHT,STF_ICU_022,Registered Nurse,Licensed,Core Staff,11.5,0.0,11.5,54.68,628.82
2026-02-11_U_ICU_S12_NIGHT,2026-02-11,U_ICU,S12_NIGHT,STF_ICU_019,Registered Nurse,Licensed,Core Staff,11.5,0.0,11.5,49.02,563.73
2026-02-11_U_ICU_S12_NIGHT,2026-02-11,U_ICU,S12_NIGHT,STF_ICU_003,Registered Nurse,Licensed,Core Staff,11.5,0.0,11.5,50.66,582.59
2026-02-11_U_ICU_S12_NIGHT,2026-02-11,U_ICU,S12_NIGHT,STF_ICU_034,Certified Nursing Assistant,Unlicensed,Agency/Traveler,11.5,0.0,11.5,36.16,415.84
2026-02-11_U_INT_S08_DAY,2026-02-11,U_INT,S08_DAY,STF_INT_049,Registered Nurse,Licensed,Core Staff,7.5,0.0,7.5,57.22,429.15
2026-02-11_U_INT_S08_DAY,2026-02-11,U_INT,S08_DAY,STF_INT_009,Certified Nursing Assistant,Unlicensed,Float Pool,7.5,0.0,7.5,35.33,264.97
2026-02-11_U_INT_S08_DAY,2026-02-11,U_INT,S08_DAY,STF_INT_030,Licensed Practical Nurse,Licensed,Core Staff,7.5,0.0,7.5,46.83,351.22
2026-02-11_U_INT_S08_DAY,2026-02-11,U_INT,S08_DAY,STF_INT_026,Registered Nurse,Licensed,Agency/Traveler,7.5,0.0,7.5,51.03,382.72
2026-02-11_U_INT_S08_DAY,2026-02-11,U_INT,S08_DAY,STF_INT_019,Registered Nurse,Licensed,Core Staff,7.5,0.0,7.5,58.52,438.9
2026-02-11_U_INT_S08_DAY,2026-02-11,U_INT,S08_DAY,STF_INT_039,Registered Nurse,Licensed,Float Pool,7.5,0.0,7.5,54.98,412.35
2026-02-11_U_INT_S08_DAY,2026-02-11,U_INT,S08_DAY,STF_INT_022,Registered Nurse,Licensed,Core Staff,7.5,0.0,7.5,58.74,440.55
2026-02-11_U_INT_S08_DAY,2026-02-11,U_INT,S08_DAY,STF_INT_021,Licensed Practical Nurse,Licensed,Float Pool,7.5,0.0,7.5,38.35,287.62
2026-02-11_U_INT_S08_DAY,2026-02-11,U_INT,S08_DAY,STF_INT_020,Certified Nursing Assistant,Unlicensed,Core Staff,7.5,0.0,7.5,32.53,243.98
2026-02-11_U_INT_S08_EVE,2026-02-11,U_INT,S08_EVE,STF_INT_006,Licensed Practical Nurse,Licensed,Core Staff,7.5,0.0,7.5,46.68,350.1
2026-02-11_U_INT_S08_EVE,2026-02-11,U_INT,S08_EVE,STF_INT_051,Registered Nurse,Licensed,Core Staff,7.5,0.0,7.5,51.98,389.85
2026-02-11_U_INT_S08_EVE,2026-02-11,U_INT,S08_EVE,STF_INT_057,Registered Nurse,Licensed,Agency/Traveler,7.5,0.0,7.5,55.42,415.65
2026-02-11_U_INT_S08_EVE,2026-02-11,U_INT,S08_EVE,STF_INT_014,Registered Nurse,Licensed,Overtime,7.5,0.0,7.5,51.71,387.82
2026-02-11_U_INT_S08_EVE,2026-02-11,U_INT,S08_EVE,STF_INT_049,Registered Nurse,Licensed,Core Staff,7.5,0.0,7.5,52.83,396.22
2026-02-11_U_INT_S08_EVE,2026-02-11,U_INT,S08_EVE,STF_INT_055,Registered Nurse,Licensed,Core Staff,7.5,0.0,7.5,52.15,391.12
2026-02-11_U_INT_S08_EVE,2026-02-11,U_INT,S08_EVE,STF_INT_037,Certified Nursing Assistant,Unlicensed,Core Staff,7.5,0.0,7.5,36.18,271.35
2026-02-11_U_INT_S08_EVE,2026-02-11,U_INT,S08_EVE,STF_INT_044,Certified Nursing Assistant,Unlicensed,Core Staff,7.5,0.0,7.5,33.03,247.73
2026-02-11_U_INT_S08_NIGHT,2026-02-11,U_INT,S08_NIGHT,STF_INT_062,Certified Nursing Assistant,Unlicensed,Core Staff,7.5,0.0,7.5,32.01,240.08
2026-02-11_U_INT_S08_NIGHT,2026-02-11,U_INT,S08_NIGHT,STF_INT_007,Registered Nurse,Licensed,Core Staff,7.5,0.0,7.5,55.44,415.8
2026-02-11_U_INT_S08_NIGHT,2026-02-11,U_INT,S08_NIGHT,STF_INT_015,Registered Nurse,Licensed,Core Staff,7.5,0.0,7.5,57.37,430.28
2026-02-11_U_INT_S08_NIGHT,2026-02-11,U_INT,S08_NIGHT,STF_INT_037,Certified Nursing Assistant,Unlicensed,Core Staff,7.5,0.0,7.5,36.17,271.28
2026-02-11_U_INT_S08_NIGHT,2026-02-11,U_INT,S08_NIGHT,STF_INT_014,Registered Nurse,Licensed,Overtime,7.5,0.0,7.5,56.91,426.82
2026-02-11_U_INT_S08_NIGHT,2026-02-11,U_INT,S08_NIGHT,STF_INT_031,Registered Nurse,Licensed,Core Staff,5.5,2.0,7.5,52.13,390.98
2026-02-11_U_INT_S08_NIGHT,2026-02-11,U_INT,S08_NIGHT,STF_INT_008,Registered Nurse,Licensed,Agency/Traveler,7.5,0.0,7.5,56.43,423.22
2026-02-12_U_ICU_S12_DAY,2026-02-12,U_ICU,S12_DAY,STF_ICU_016,Registered Nurse,Licensed,Core Staff,11.5,0.0,11.5,49.23,566.14
2026-02-12_U_ICU_S12_DAY,2026-02-12,U_ICU,S12_DAY,STF_ICU_029,Registered Nurse,Licensed,Core Staff,11.5,0.0,11.5,50.27,578.1
2026-02-12_U_ICU_S12_DAY,2026-02-12,U_ICU,S12_DAY,STF_ICU_020,Registered Nurse,Licensed,Core Staff,11.5,0.0,11.5,53.09,610.54
2026-02-12_U_ICU_S12_DAY,2026-02-12,U_ICU,S12_DAY,STF_ICU_035,Certified Nursing Assistant,Unlicensed,Agency/Traveler,11.5,0.0,11.5,33.24,382.26
2026-02-12_U_ICU_S12_DAY,2026-02-12,U_ICU,S12_DAY,STF_ICU_014,Registered Nurse,Licensed,Core Staff,11.5,0.0,11.5,48.88,562.12
2026-02-12_U_ICU_S12_DAY,2026-02-12,U_ICU,S12_DAY,STF_ICU_021,Registered Nurse,Licensed,Core Staff,11.5,0.0,11.5,53.84,619.16
2026-02-12_U_ICU_S12_DAY,2026-02-12,U_ICU,S12_DAY,STF_ICU_007,Registered Nurse,Licensed,Core Staff,11.5,0.0,11.5,52.66,605.59
2026-02-12_U_ICU_S12_DAY,2026-02-12,U_ICU,S12_DAY,STF_ICU_025,Registered Nurse,Licensed,Core Staff,11.5,0.0,11.5,59.78,687.47
2026-02-12_U_ICU_S12_NIGHT,2026-02-12,U_ICU,S12_NIGHT,STF_ICU_035,Certified Nursing Assistant,Unlicensed,Overtime,11.5,0.0,11.5,30.17,346.96
2026-02-12_U_ICU_S12_NIGHT,2026-02-12,U_ICU,S12_NIGHT,STF_ICU_008,Registered Nurse,Licensed,Float Pool,11.5,0.0,11.5,48.88,562.12
2026-02-12_U_ICU_S12_NIGHT,2026-02-12,U_ICU,S12_NIGHT,STF_ICU_034,Certified Nursing Assistant,Unlicensed,Agency/Traveler,11.5,0.0,11.5,32.2,370.3
2026-02-12_U_ICU_S12_NIGHT,2026-02-12,U_ICU,S12_NIGHT,STF_ICU_013,Registered Nurse,Licensed,Overtime,11.5,0.0,11.5,58.94,677.81
2026-02-12_U_ICU_S12_NIGHT,2026-02-12,U_ICU,S12_NIGHT,STF_ICU_015,Registered Nurse,Licensed,Core Staff,9.5,2.0,11.5,52.61,605.02
2026-02-12_U_ICU_S12_NIGHT,2026-02-12,U_ICU,S12_NIGHT,STF_ICU_004,Registered Nurse,Licensed,Core Staff,11.5,0.0,11.5,50.68,582.82
2026-02-12_U_ICU_S12_NIGHT,2026-02-12,U_ICU,S12_NIGHT,STF_ICU_011,Registered Nurse,Licensed,Core Staff,11.5,0.0,11.5,57.87,665.5
2026-02-12_U_ICU_S12_NIGHT,2026-02-12,U_ICU,S12_NIGHT,STF_ICU_023,Registered Nurse,Licensed,Core Staff,11.5,0.0,11.5,57.25,658.38
2026-02-12_U_INT_S08_DAY,2026-02-12,U_INT,S08_DAY,STF_INT_043,Registered Nurse,Licensed,Overtime,7.5,0.0,7.5,50.1,375.75
2026-02-12_U_INT_S08_DAY,2026-02-12,U_INT,S08_DAY,STF_INT_058,Registered Nurse,Licensed,Float Pool,7.5,0.0,7.5,53.43,400.72
2026-02-12_U_INT_S08_DAY,2026-02-12,U_INT,S08_DAY,STF_INT_052,Licensed Practical Nurse,Licensed,Core Staff,7.5,0.0,7.5,39.27,294.53
2026-02-12_U_INT_S08_DAY,2026-02-12,U_INT,S08_DAY,STF_INT_027,Licensed Practical Nurse,Licensed,Overtime,7.5,0.0,7.5,40.45,303.38
2026-02-12_U_INT_S08_DAY,2026-02-12,U_INT,S08_DAY,STF_INT_034,Licensed Practical Nurse,Licensed,Core Staff,7.5,0.0,7.5,40.05,300.38
2026-02-12_U_INT_S08_DAY,2026-02-12,U_INT,S08_DAY,STF_INT_007,Registered Nurse,Licensed,Core Staff,7.5,0.0,7.5,54.25,406.88
2026-02-12_U_INT_S08_DAY,2026-02-12,U_INT,S08_DAY,STF_INT_060,Registered Nurse,Licensed,Agency/Traveler,7.5,0.0,7.5,57.11,428.32
2026-02-12_U_INT_S08_DAY,2026-02-12,U_INT,S08_DAY,STF_INT_064,Licensed Practical Nurse,Licensed,Core Staff,7.5,0.0,7.5,41.51,311.32
2026-02-12_U_INT_S08_DAY,2026-02-12,U_INT,S08_DAY,STF_INT_021,Licensed Practical Nurse,Licensed,Core Staff,7.5,0.0,7.5,40.45,303.38
2026-02-12_U_INT_S08_EVE,2026-02-12,U_INT,S08_EVE,STF_INT_048,Registered Nurse,Licensed,Overtime,7.5,0.0,7.5,55.4,415.5
2026-02-12_U_INT_S08_EVE,2026-02-12,U_INT,S08_EVE,STF_INT_044,Certified Nursing Assistant,Unlicensed,Core Staff,7.5,0.0,7.5,33.53,251.48
2026-02-12_U_INT_S08_EVE,2026-02-12,U_INT,S08_EVE,STF_INT_039,Registered Nurse,Licensed,Float Pool,7.5,0.0,7.5,54.88,411.6
2026-02-12_U_INT_S08_EVE,2026-02-12,U_INT,S08_EVE,STF_INT_038,Registered Nurse,Licensed,Core Staff,7.5,0.0,7.5,52.26,391.95
2026-02-12_U_INT_S08_EVE,2026-02-12,U_INT,S08_EVE,STF_INT_049,Registered Nurse,Licensed,Core Staff,7.5,0.0,7.5,52.85,396.38
2026-02-12_U_INT_S08_EVE,2026-02-12,U_INT,S08_EVE,STF_INT_046,Registered Nurse,Licensed,Float Pool,7.5,0.0,7.5,59.5,446.25
2026-02-12_U_INT_S08_EVE,2026-02-12,U_INT,S08_EVE,STF_INT_014,Registered Nurse,Licensed,Overtime,7.5,0.0,7.5,52.67,395.02
2026-02-12_U_INT_S08_EVE,2026-02-12,U_INT,S08_EVE,STF_INT_030,Licensed Practical Nurse,Licensed,Core Staff,7.5,0.0,7.5,38.76,290.7
2026-02-12_U_INT_S08_NIGHT,2026-02-12,U_INT,S08_NIGHT,STF_INT_018,Certified Nursing Assistant,Unlicensed,Core Staff,7.5,0.0,7.5,31.98,239.85
2026-02-12_U_INT_S08_NIGHT,2026-02-12,U_INT,S08_NIGHT,STF_INT_016,Registered Nurse,Licensed,Core Staff,7.5,0.0,7.5,50.06,375.45
2026-02-12_U_INT_S08_NIGHT,2026-02-12,U_INT,S08_NIGHT,STF_INT_022,Registered Nurse,Licensed,Core Staff,7.5,0.0,7.5,50.45,378.38
2026-02-12_U_INT_S08_NIGHT,2026-02-12,U_INT,S08_NIGHT,STF_INT_005,Certified Nursing Assistant,Unlicensed,Core Staff,7.5,0.0,7.5,33.18,248.85
2026-02-12_U_INT_S08_NIGHT,2026-02-12,U_INT,S08_NIGHT,STF_INT_063,Licensed Practical Nurse,Licensed,Core Staff,7.5,0.0,7.5,43.41,325.58
2026-02-13_U_ICU_S12_DAY,2026-02-13,U_ICU,S12_DAY,STF_ICU_024,Registered Nurse,Licensed,Core Staff,11.5,0.0,11.5,48.24,554.76
2026-02-13_U_ICU_S12_DAY,2026-02-13,U_ICU,S12_DAY,STF_ICU_033,Certified Nursing Assistant,Unlicensed,Core Staff,11.5,0.0,11.5,36.07,414.8
2026-02-13_U_ICU_S12_DAY,2026-02-13,U_ICU,S12_DAY,STF_ICU_027,Registered Nurse,Licensed,Overtime,11.5,0.0,11.5,49.78,572.47
2026-02-13_U_ICU_S12_DAY,2026-02-13,U_ICU,S12_DAY,STF_ICU_025,Registered Nurse,Licensed,Core Staff,9.5,2.0,11.5,54.99,632.38
2026-02-13_U_ICU_S12_DAY,2026-02-13,U_ICU,S12_DAY,STF_ICU_012,Registered Nurse,Licensed,Agency/Traveler,11.5,0.0,11.5,52.93,608.7
2026-02-13_U_ICU_S12_DAY,2026-02-13,U_ICU,S12_DAY,STF_ICU_004,Registered Nurse,Licensed,Core Staff,11.5,0.0,11.5,49.83,573.04
2026-02-13_U_ICU_S12_NIGHT,2026-02-13,U_ICU,S12_NIGHT,STF_ICU_031,Certified Nursing Assistant,Unlicensed,Core Staff,11.5,0.0,11.5,31.68,364.32
2026-02-13_U_ICU_S12_NIGHT,2026-02-13,U_ICU,S12_NIGHT,STF_ICU_006,Registered Nurse,Licensed,Core Staff,11.5,0.0,11.5,52.86,607.89
2026-02-13_U_ICU_S12_NIGHT,2026-02-13,U_ICU,S12_NIGHT,STF_ICU_014,Registered Nurse,Licensed,Core Staff,11.5,0.0,11.5,48.15,553.72
2026-02-13_U_ICU_S12_NIGHT,2026-02-13,U_ICU,S12_NIGHT,STF_ICU_026,Registered Nurse,Licensed,Overtime,11.5,0.0,11.5,52.02,598.23
2026-02-13_U_ICU_S12_NIGHT,2026-02-13,U_ICU,S12_NIGHT,STF_ICU_023,Registered Nurse,Licensed,Core Staff,11.5,0.0,11.5,53.46,614.79
2026-02-13_U_ICU_S12_NIGHT,2026-02-13,U_ICU,S12_NIGHT,STF_ICU_009,Registered Nurse,Licensed,Core Staff,11.5,0.0,11.5,55.93,643.2
2026-02-13_U_INT_S08_DAY,2026-02-13,U_INT,S08_DAY,STF_INT_057,Registered Nurse,Licensed,Core Staff,7.5,0.0,7.5,49.75,373.12
2026-02-13_U_INT_S08_DAY,2026-02-13,U_INT,S08_DAY,STF_INT_005,Certified Nursing Assistant,Unlicensed,Core Staff,7.5,0.0,7.5,32.27,242.03
2026-02-13_U_INT_S08_DAY,2026-02-13,U_INT,S08_DAY,STF_INT_054,Registered Nurse,Licensed,Core Staff,7.5,0.0,7.5,53.96,404.7
2026-02-13_U_INT_S08_DAY,2026-02-13,U_INT,S08_DAY,STF_INT_046,Registered Nurse,Licensed,Overtime,7.5,0.0,7.5,58.64,439.8
2026-02-13_U_INT_S08_DAY,2026-02-13,U_INT,S08_DAY,STF_INT_027,Licensed Practical Nurse,Licensed,Overtime,7.5,0.0,7.5,42.5,318.75
2026-02-13_U_INT_S08_DAY,2026-02-13,U_INT,S08_DAY,STF_INT_035,Registered Nurse,Licensed,Float Pool,7.5,0.0,7.5,52.46,393.45
2026-02-13_U_INT_S08_DAY,2026-02-13,U_INT,S08_DAY,STF_INT_047,Certified Nursing Assistant,Unlicensed,Core Staff,7.5,0.0,7.5,30.74,230.55
2026-02-13_U_INT_S08_EVE,2026-02-13,U_INT,S08_EVE,STF_INT_024,Licensed Practical Nurse,Licensed,Core Staff,7.5,0.0,7.5,42.7,320.25
2026-02-13_U_INT_S08_EVE,2026-02-13,U_INT,S08_EVE,STF_INT_013,Registered Nurse,Licensed,Core Staff,7.5,0.0,7.5,53.2,399.0
2026-02-13_U_INT_S08_EVE,2026-02-13,U_INT,S08_EVE,STF_INT_031,Registered Nurse,Licensed,Core Staff,7.5,0.0,7.5,58.52,438.9
2026-02-13_U_INT_S08_EVE,2026-02-13,U_INT,S08_EVE,STF_INT_036,Registered Nurse,Licensed,Core Staff,7.5,0.0,7.5,52.17,391.28
2026-02-13_U_INT_S08_EVE,2026-02-13,U_INT,S08_EVE,STF_INT_055,Registered Nurse,Licensed,Core Staff,7.5,0.0,7.5,57.92,434.4
2026-02-13_U_INT_S08_EVE,2026-02-13,U_INT,S08_EVE,STF_INT_010,Certified Nursing Assistant,Unlicensed,Core Staff,7.5,0.0,7.5,33.4,250.5
2026-02-13_U_INT_S08_EVE,2026-02-13,U_INT,S08_EVE,STF_INT_062,Certified Nursing Assistant,Unlicensed,Core Staff,7.5,0.0,7.5,30.39,227.92
2026-02-13_U_INT_S08_EVE,2026-02-13,U_INT,S08_EVE,STF_INT_012,Registered Nurse,Licensed,Core Staff,7.5,0.0,7.5,49.81,373.58
2026-02-13_U_INT_S08_EVE,2026-02-13,U_INT,S08_EVE,STF_INT_011,Certified Nursing Assistant,Unlicensed,Core Staff,7.5,0.0,7.5,31.56,236.7
2026-02-13_U_INT_S08_EVE,2026-02-13,U_INT,S08_EVE,STF_INT_040,Certified Nursing Assistant,Unlicensed,Core Staff,7.5,0.0,7.5,32.13,240.98
2026-02-13_U_INT_S08_NIGHT,2026-02-13,U_INT,S08_NIGHT,STF_INT_043,Registered Nurse,Licensed,Overtime,7.5,0.0,7.5,59.87,449.02
2026-02-13_U_INT_S08_NIGHT,2026-02-13,U_INT,S08_NIGHT,STF_INT_064,Licensed Practical Nurse,Licensed,Core Staff,7.5,0.0,7.5,47.41,355.58
2026-02-13_U_INT_S08_NIGHT,2026-02-13,U_INT,S08_NIGHT,STF_INT_020,Certified Nursing Assistant,Unlicensed,Core Staff,7.5,0.0,7.5,31.65,237.38
2026-02-13_U_INT_S08_NIGHT,2026-02-13,U_INT,S08_NIGHT,STF_INT_046,Registered Nurse,Licensed,Overtime,7.5,0.0,7.5,57.22,429.15
2026-02-13_U_INT_S08_NIGHT,2026-02-13,U_INT,S08_NIGHT,STF_INT_015,Registered Nurse,Licensed,Core Staff,7.5,0.0,7.5,55.57,416.78
2026-02-13_U_INT_S08_NIGHT,2026-02-13,U_INT,S08_NIGHT,STF_INT_051,Registered Nurse,Licensed,Core Staff,7.5,0.0,7.5,52.69,395.17
2026-02-14_U_ICU_S12_DAY,2026-02-14,U_ICU,S12_DAY,STF_ICU_010,Registered Nurse,Licensed,Core Staff,11.5,0.0,11.5,53.91,619.96
2026-02-14_U_ICU_S12_DAY,2026-02-14,U_ICU,S12_DAY,STF_ICU_023,Registered Nurse,Licensed,Core Staff,11.5,0.0,11.5,51.59,593.29
2026-02-14_U_ICU_S12_DAY,2026-02-14,U_ICU,S12_DAY,STF_ICU_020,Registered Nurse,Licensed,Core Staff,11.5,0.0,11.5,52.16,599.84
2026-02-14_U_ICU_S12_DAY,2026-02-14,U_ICU,S12_DAY,STF_ICU_004,Registered Nurse,Licensed,Core Staff,11.5,0.0,11.5,48.35,556.02
2026-02-14_U_ICU_S12_DAY,2026-02-14,U_ICU,S12_DAY,STF_ICU_003,Registered Nurse,Licensed,Core Staff,9.5,2.0,11.5,53.81,618.82
2026-02-14_U_ICU_S12_DAY,2026-02-14,U_ICU,S12_DAY,STF_ICU_034,Certified Nursing Assistant,Unlicensed,Agency/Traveler,11.5,0.0,11.5,31.97,367.66
2026-02-14_U_ICU_S12_DAY,2026-02-14,U_ICU,S12_DAY,STF_ICU_022,Registered Nurse,Licensed,Core Staff,11.5,0.0,11.5,53.88,619.62
2026-02-14_U_ICU_S12_NIGHT,2026-02-14,U_ICU,S12_NIGHT,STF_ICU_005,Registered Nurse,Licensed,Core Staff,11.5,0.0,11.5,57.69,663.44
2026-02-14_U_ICU_S12_NIGHT,2026-02-14,U_ICU,S12_NIGHT,STF_ICU_014,Registered Nurse,Licensed,Core Staff,11.5,0.0,11.5,51.63,593.74
2026-02-14_U_ICU_S12_NIGHT,2026-02-14,U_ICU,S12_NIGHT,STF_ICU_022,Registered Nurse,Licensed,Core Staff,11.5,0.0,11.5,50.44,580.06
2026-02-14_U_ICU_S12_NIGHT,2026-02-14,U_ICU,S12_NIGHT,STF_ICU_012,Registered Nurse,Licensed,Agency/Traveler,11.5,0.0,11.5,48.14,553.61
2026-02-14_U_ICU_S12_NIGHT,2026-02-14,U_ICU,S12_NIGHT,STF_ICU_009,Registered Nurse,Licensed,Core Staff,11.5,0.0,11.5,58.97,678.16
2026-02-14_U_ICU_S12_NIGHT,2026-02-14,U_ICU,S12_NIGHT,STF_ICU_021,Registered Nurse,Licensed,Core Staff,11.5,0.0,11.5,53.66,617.09
2026-02-14_U_ICU_S12_NIGHT,2026-02-14,U_ICU,S12_NIGHT,STF_ICU_006,Registered Nurse,Licensed,Float Pool,11.5,0.0,11.5,55.63,639.74
2026-02-14_U_ICU_S12_NIGHT,2026-02-14,U_ICU,S12_NIGHT,STF_ICU_003,Registered Nurse,Licensed,Core Staff,11.5,0.0,11.5,55.5,638.25
2026-02-14_U_INT_S08_DAY,2026-02-14,U_INT,S08_DAY,STF_INT_022,Registered Nurse,Licensed,Core Staff,7.5,0.0,7.5,59.24,444.3
2026-02-14_U_INT_S08_DAY,2026-02-14,U_INT,S08_DAY,STF_INT_033,Registered Nurse,Licensed,Core Staff,7.5,0.0,7.5,55.51,416.32
2026-02-14_U_INT_S08_DAY,2026-02-14,U_INT,S08_DAY,STF_INT_042,Registered Nurse,Licensed,Overtime,7.5,0.0,7.5,52.63,394.72
2026-02-14_U_INT_S08_DAY,2026-02-14,U_INT,S08_DAY,STF_INT_040,Certified Nursing Assistant,Unlicensed,Core Staff,7.5,0.0,7.5,35.78,268.35
2026-02-14_U_INT_S08_DAY,2026-02-14,U_INT,S08_DAY,STF_INT_001,Certified Nursing Assistant,Unlicensed,Core Staff,7.5,0.0,7.5,33.49,251.18
2026-02-14_U_INT_S08_DAY,2026-02-14,U_INT,S08_DAY,STF_INT_012,Registered Nurse,Licensed,Core Staff,7.5,0.0,7.5,56.57,424.28
2026-02-14_U_INT_S08_DAY,2026-02-14,U_INT,S08_DAY,STF_INT_011,Certified Nursing Assistant,Unlicensed,Core Staff,7.5,0.0,7.5,31.22,234.15
2026-02-14_U_INT_S08_DAY,2026-02-14,U_INT,S08_DAY,STF_INT_027,Licensed Practical Nurse,Licensed,Overtime,7.5,0.0,7.5,40.14,301.05
2026-02-14_U_INT_S08_DAY,2026-02-14,U_INT,S08_DAY,STF_INT_049,Registered Nurse,Licensed,Core Staff,7.5,0.0,7.5,58.92,441.9
2026-02-14_U_INT_S08_EVE,2026-02-14,U_INT,S08_EVE,STF_INT_010,Certified Nursing Assistant,Unlicensed,Core Staff,7.5,0.0,7.5,33.28,249.6
2026-02-14_U_INT_S08_EVE,2026-02-14,U_INT,S08_EVE,STF_INT_045,Registered Nurse,Licensed,Core Staff,7.5,0.0,7.5,58.11,435.82
2026-02-14_U_INT_S08_EVE,2026-02-14,U_INT,S08_EVE,STF_INT_018,Certified Nursing Assistant,Unlicensed,Core Staff,7.5,0.0,7.5,33.74,253.05
2026-02-14_U_INT_S08_EVE,2026-02-14,U_INT,S08_EVE,STF_INT_029,Licensed Practical Nurse,Licensed,Core Staff,7.5,0.0,7.5,44.56,334.2
2026-02-14_U_INT_S08_EVE,2026-02-14,U_INT,S08_EVE,STF_INT_059,Registered Nurse,Licensed,Float Pool,7.5,0.0,7.5,56.89,426.68
2026-02-14_U_INT_S08_EVE,2026-02-14,U_INT,S08_EVE,STF_INT_051,Registered Nurse,Licensed,Core Staff,7.5,0.0,7.5,48.27,362.02
2026-02-14_U_INT_S08_EVE,2026-02-14,U_INT,S08_EVE,STF_INT_032,Registered Nurse,Licensed,Core Staff,7.5,0.0,7.5,49.37,370.28
2026-02-14_U_INT_S08_NIGHT,2026-02-14,U_INT,S08_NIGHT,STF_INT_003,Registered Nurse,Licensed,Core Staff,7.5,0.0,7.5,51.0,382.5
2026-02-14_U_INT_S08_NIGHT,2026-02-14,U_INT,S08_NIGHT,STF_INT_040,Certified Nursing Assistant,Unlicensed,Core Staff,7.5,0.0,7.5,33.78,253.35
2026-02-14_U_INT_S08_NIGHT,2026-02-14,U_INT,S08_NIGHT,STF_INT_027,Licensed Practical Nurse,Licensed,Overtime,7.5,0.0,7.5,41.67,312.53
2026-02-14_U_INT_S08_NIGHT,2026-02-14,U_INT,S08_NIGHT,STF_INT_037,Certified Nursing Assistant,Unlicensed,Core Staff,7.5,0.0,7.5,34.24,256.8
2026-02-14_U_INT_S08_NIGHT,2026-02-14,U_INT,S08_NIGHT,STF_INT_050,Registered Nurse,Licensed,Float Pool,7.5,0.0,7.5,56.25,421.88
2026-02-14_U_INT_S08_NIGHT,2026-02-14,U_INT,S08_NIGHT,STF_INT_046,Registered Nurse,Licensed,Overtime,7.5,0.0,7.5,50.67,380.02
2026-02-15_U_ICU_S12_DAY,2026-02-15,U_ICU,S12_DAY,STF_ICU_017,Registered Nurse,Licensed,Core Staff,11.5,0.0,11.5,58.22,669.53
2026-02-15_U_ICU_S12_DAY,2026-02-15,U_ICU,S12_DAY,STF_ICU_023,Registered Nurse,Licensed,Core Staff,11.5,0.0,11.5,51.99,597.88
2026-02-15_U_ICU_S12_DAY,2026-02-15,U_ICU,S12_DAY,STF_ICU_002,Registered Nurse,Licensed,Agency/Traveler,11.5,0.0,11.5,54.13,622.5
2026-02-15_U_ICU_S12_DAY,2026-02-15,U_ICU,S12_DAY,STF_ICU_020,Registered Nurse,Licensed,Core Staff,11.5,0.0,11.5,50.04,575.46
2026-02-15_U_ICU_S12_DAY,2026-02-15,U_ICU,S12_DAY,STF_ICU_032,Certified Nursing Assistant,Unlicensed,Core Staff,11.5,0.0,11.5,35.78,411.47
2026-02-15_U_ICU_S12_DAY,2026-02-15,U_ICU,S12_DAY,STF_ICU_030,Registered Nurse,Licensed,Core Staff,11.5,0.0,11.5,53.74,618.01
2026-02-15_U_ICU_S12_DAY,2026-02-15,U_ICU,S12_DAY,STF_ICU_016,Registered Nurse,Licensed,Core Staff,11.5,0.0,11.5,54.56,627.44
2026-02-15_U_ICU_S12_NIGHT,2026-02-15,U_ICU,S12_NIGHT,STF_ICU_003,Registered Nurse,Licensed,Core Staff,11.5,0.0,11.5,56.13,645.5
2026-02-15_U_ICU_S12_NIGHT,2026-02-15,U_ICU,S12_NIGHT,STF_ICU_007,Registered Nurse,Licensed,Core Staff,11.5,0.0,11.5,58.84,676.66
2026-02-15_U_ICU_S12_NIGHT,2026-02-15,U_ICU,S12_NIGHT,STF_ICU_010,Registered Nurse,Licensed,Core Staff,11.5,0.0,11.5,48.67,559.71
2026-02-15_U_ICU_S12_NIGHT,2026-02-15,U_ICU,S12_NIGHT,STF_ICU_034,Certified Nursing Assistant,Unlicensed,Agency/Traveler,11.5,0.0,11.5,36.33,417.79
2026-02-15_U_ICU_S12_NIGHT,2026-02-15,U_ICU,S12_NIGHT,STF_ICU_029,Registered Nurse,Licensed,Core Staff,11.5,0.0,11.5,48.11,553.26
2026-02-15_U_ICU_S12_NIGHT,2026-02-15,U_ICU,S12_NIGHT,STF_ICU_022,Registered Nurse,Licensed,Core Staff,11.5,0.0,11.5,48.79,561.08
2026-02-15_U_INT_S08_DAY,2026-02-15,U_INT,S08_DAY,STF_INT_011,Certified Nursing Assistant,Unlicensed,Core Staff,7.5,0.0,7.5,33.63,252.23
2026-02-15_U_INT_S08_DAY,2026-02-15,U_INT,S08_DAY,STF_INT_019,Registered Nurse,Licensed,Agency/Traveler,7.5,0.0,7.5,59.92,449.4
2026-02-15_U_INT_S08_DAY,2026-02-15,U_INT,S08_DAY,STF_INT_060,Registered Nurse,Licensed,Agency/Traveler,7.5,0.0,7.5,57.75,433.12
2026-02-15_U_INT_S08_DAY,2026-02-15,U_INT,S08_DAY,STF_INT_061,Registered Nurse,Licensed,Core Staff,7.5,0.0,7.5,49.54,371.55
2026-02-15_U_INT_S08_DAY,2026-02-15,U_INT,S08_DAY,STF_INT_030,Licensed Practical Nurse,Licensed,Core Staff,7.5,0.0,7.5,43.3,324.75
2026-02-15_U_INT_S08_DAY,2026-02-15,U_INT,S08_DAY,STF_INT_012,Registered Nurse,Licensed,Overtime,7.5,0.0,7.5,58.84,441.3
2026-02-15_U_INT_S08_DAY,2026-02-15,U_INT,S08_DAY,STF_INT_013,Registered Nurse,Licensed,Core Staff,5.5,2.0,7.5,57.93,434.48
2026-02-15_U_INT_S08_DAY,2026-02-15,U_INT,S08_DAY,STF_INT_029,Licensed Practical Nurse,Licensed,Core Staff,7.5,0.0,7.5,46.5,348.75
2026-02-15_U_INT_S08_EVE,2026-02-15,U_INT,S08_EVE,STF_INT_016,Registered Nurse,Licensed,Core Staff,7.5,0.0,7.5,53.79,403.42
2026-02-15_U_INT_S08_EVE,2026-02-15,U_INT,S08_EVE,STF_INT_061,Registered Nurse,Licensed,Core Staff,7.5,0.0,7.5,59.12,443.4
2026-02-15_U_INT_S08_EVE,2026-02-15,U_INT,S08_EVE,STF_INT_035,Registered Nurse,Licensed,Float Pool,7.5,0.0,7.5,57.21,429.08
2026-02-15_U_INT_S08_EVE,2026-02-15,U_INT,S08_EVE,STF_INT_059,Registered Nurse,Licensed,Core Staff,7.5,0.0,7.5,49.99,374.92
2026-02-15_U_INT_S08_EVE,2026-02-15,U_INT,S08_EVE,STF_INT_053,Certified Nursing Assistant,Unlicensed,Agency/Traveler,7.5,0.0,7.5,33.39,250.42
2026-02-15_U_INT_S08_EVE,2026-02-15,U_INT,S08_EVE,STF_INT_004,Registered Nurse,Licensed,Core Staff,7.5,0.0,7.5,49.05,367.88
2026-02-15_U_INT_S08_EVE,2026-02-15,U_INT,S08_EVE,STF_INT_023,Registered Nurse,Licensed,Overtime,7.5,0.0,7.5,56.63,424.72
2026-02-15_U_INT_S08_EVE,2026-02-15,U_INT,S08_EVE,STF_INT_049,Registered Nurse,Licensed,Core Staff,5.5,2.0,7.5,54.73,410.48
2026-02-15_U_INT_S08_NIGHT,2026-02-15,U_INT,S08_NIGHT,STF_INT_027,Licensed Practical Nurse,Licensed,Overtime,7.5,0.0,7.5,39.8,298.5
2026-02-15_U_INT_S08_NIGHT,2026-02-15,U_INT,S08_NIGHT,STF_INT_004,Registered Nurse,Licensed,Core Staff,7.5,0.0,7.5,57.59,431.92
2026-02-15_U_INT_S08_NIGHT,2026-02-15,U_INT,S08_NIGHT,STF_INT_017,Certified Nursing Assistant,Unlicensed,Core Staff,7.5,0.0,7.5,30.22,226.65
2026-02-15_U_INT_S08_NIGHT,2026-02-15,U_INT,S08_NIGHT,STF_INT_001,Certified Nursing Assistant,Unlicensed,Core Staff,7.5,0.0,7.5,31.28,234.6
2026-02-15_U_INT_S08_NIGHT,2026-02-15,U_INT,S08_NIGHT,STF_INT_035,Registered Nurse,Licensed,Float Pool,7.5,0.0,7.5,59.08,443.1
2026-02-15_U_INT_S08_NIGHT,2026-02-15,U_INT,S08_NIGHT,STF_INT_002,Registered Nurse,Licensed,Core Staff,7.5,0.0,7.5,57.6,432.0
2026-02-16_U_ICU_S12_DAY,2026-02-16,U_ICU,S12_DAY,STF_ICU_025,Registered Nurse,Licensed,Core Staff,11.5,0.0,11.5,56.3,647.45
2026-02-16_U_ICU_S12_DAY,2026-02-16,U_ICU,S12_DAY,STF_ICU_029,Registered Nurse,Licensed,Core Staff,11.5,0.0,11.5,58.8,676.2
2026-02-16_U_ICU_S12_DAY,2026-02-16,U_ICU,S12_DAY,STF_ICU_008,Registered Nurse,Licensed,Float Pool,11.5,0.0,11.5,52.71,606.16
2026-02-16_U_ICU_S12_DAY,2026-02-16,U_ICU,S12_DAY,STF_ICU_034,Certified Nursing Assistant,Unlicensed,Agency/Traveler,11.5,0.0,11.5,33.11,380.76
2026-02-16_U_ICU_S12_DAY,2026-02-16,U_ICU,S12_DAY,STF_ICU_007,Registered Nurse,Licensed,Core Staff,11.5,0.0,11.5,55.85,642.28
2026-02-16_U_ICU_S12_DAY,2026-02-16,U_ICU,S12_DAY,STF_ICU_033,Certified Nursing Assistant,Unlicensed,Overtime,11.5,0.0,11.5,32.27,371.1
2026-02-16_U_ICU_S12_DAY,2026-02-16,U_ICU,S12_DAY,STF_ICU_023,Registered Nurse,Licensed,Core Staff,11.5,0.0,11.5,52.03,598.34
2026-02-16_U_ICU_S12_DAY,2026-02-16,U_ICU,S12_DAY,STF_ICU_005,Registered Nurse,Licensed,Core Staff,11.5,0.0,11.5,54.45,626.18
2026-02-16_U_ICU_S12_NIGHT,2026-02-16,U_ICU,S12_NIGHT,STF_ICU_030,Registered Nurse,Licensed,Core Staff,11.5,0.0,11.5,52.74,606.51
2026-02-16_U_ICU_S12_NIGHT,2026-02-16,U_ICU,S12_NIGHT,STF_ICU_011,Registered Nurse,Licensed,Core Staff,11.5,0.0,11.5,55.47,637.9
2026-02-16_U_ICU_S12_NIGHT,2026-02-16,U_ICU,S12_NIGHT,STF_ICU_031,Certified Nursing Assistant,Unlicensed,Float Pool,11.5,0.0,11.5,34.35,395.02
2026-02-16_U_ICU_S12_NIGHT,2026-02-16,U_ICU,S12_NIGHT,STF_ICU_005,Registered Nurse,Licensed,Core Staff,11.5,0.0,11.5,59.75,687.12
2026-02-16_U_ICU_S12_NIGHT,2026-02-16,U_ICU,S12_NIGHT,STF_ICU_024,Registered Nurse,Licensed,Core Staff,11.5,0.0,11.5,55.5,638.25
2026-02-16_U_ICU_S12_NIGHT,2026-02-16,U_ICU,S12_NIGHT,STF_ICU_016,Registered Nurse,Licensed,Core Staff,11.5,0.0,11.5,53.74,618.01
2026-02-16_U_ICU_S12_NIGHT,2026-02-16,U_ICU,S12_NIGHT,STF_ICU_015,Registered Nurse,Licensed,Core Staff,11.5,0.0,11.5,59.84,688.16
2026-02-16_U_ICU_S12_NIGHT,2026-02-16,U_ICU,S12_NIGHT,STF_ICU_033,Certified Nursing Assistant,Unlicensed,Core Staff,11.5,0.0,11.5,31.72,364.78
2026-02-16_U_INT_S08_DAY,2026-02-16,U_INT,S08_DAY,STF_INT_056,Registered Nurse,Licensed,Core Staff,7.5,0.0,7.5,54.78,410.85
2026-02-16_U_INT_S08_DAY,2026-02-16,U_INT,S08_DAY,STF_INT_005,Certified Nursing Assistant,Unlicensed,Core Staff,7.5,0.0,7.5,30.45,228.38
2026-02-16_U_INT_S08_DAY,2026-02-16,U_INT,S08_DAY,STF_INT_044,Certified Nursing Assistant,Unlicensed,Core Staff,7.5,0.0,7.5,31.86,238.95
2026-02-16_U_INT_S08_DAY,2026-02-16,U_INT,S08_DAY,STF_INT_020,Certified Nursing Assistant,Unlicensed,Core Staff,7.5,0.0,7.5,36.36,272.7
2026-02-16_U_INT_S08_DAY,2026-02-16,U_INT,S08_DAY,STF_INT_014,Registered Nurse,Licensed,Overtime,7.5,0.0,7.5,53.34,400.05
2026-02-16_U_INT_S08_DAY,2026-02-16,U_INT,S08_DAY,STF_INT_025,Registered Nurse,Licensed,Core Staff,7.5,0.0,7.5,48.42,363.15
2026-02-16_U_INT_S08_DAY,2026-02-16,U_INT,S08_DAY,STF_INT_019,Registered Nurse,Licensed,Float Pool,7.5,0.0,7.5,49.89,374.18
2026-02-16_U_INT_S08_DAY,2026-02-16,U_INT,S08_DAY,STF_INT_062,Certified Nursing Assistant,Unlicensed,Core Staff,7.5,0.0,7.5,33.88,254.1
2026-02-16_U_INT_S08_EVE,2026-02-16,U_INT,S08_EVE,STF_INT_007,Registered Nurse,Licensed,Core Staff,7.5,0.0,7.5,53.74,403.05
2026-02-16_U_INT_S08_EVE,2026-02-16,U_INT,S08_EVE,STF_INT_064,Licensed Practical Nurse,Licensed,Core Staff,7.5,0.0,7.5,40.77,305.78
2026-02-16_U_INT_S08_EVE,2026-02-16,U_INT,S08_EVE,STF_INT_060,Registered Nurse,Licensed,Agency/Traveler,7.5,0.0,7.5,56.69,425.17
2026-02-16_U_INT_S08_EVE,2026-02-16,U_INT,S08_EVE,STF_INT_011,Certified Nursing Assistant,Unlicensed,Core Staff,7.5,0.0,7.5,30.56,229.2
2026-02-16_U_INT_S08_EVE,2026-02-16,U_INT,S08_EVE,STF_INT_033,Registered Nurse,Licensed,Core Staff,7.5,0.0,7.5,53.57,401.78
2026-02-16_U_INT_S08_EVE,2026-02-16,U_INT,S08_EVE,STF_INT_041,Certified Nursing Assistant,Unlicensed,Overtime,7.5,0.0,7.5,30.04,225.3
2026-02-16_U_INT_S08_EVE,2026-02-16,U_INT,S08_EVE,STF_INT_046,Registered Nurse,Licensed,Overtime,7.5,0.0,7.5,58.18,436.35
2026-02-16_U_INT_S08_EVE,2026-02-16,U_INT,S08_EVE,STF_INT_029,Licensed Practical Nurse,Licensed,Core Staff,7.5,0.0,7.5,39.24,294.3
2026-02-16_U_INT_S08_NIGHT,2026-02-16,U_INT,S08_NIGHT,STF_INT_045,Registered Nurse,Licensed,Core Staff,7.5,0.0,7.5,52.78,395.85
2026-02-16_U_INT_S08_NIGHT,2026-02-16,U_INT,S08_NIGHT,STF_INT_032,Registered Nurse,Licensed,Core Staff,7.5,0.0,7.5,49.33,369.98
2026-02-16_U_INT_S08_NIGHT,2026-02-16,U_INT,S08_NIGHT,STF_INT_049,Registered Nurse,Licensed,Core Staff,7.5,0.0,7.5,52.76,395.7
2026-02-16_U_INT_S08_NIGHT,2026-02-16,U_INT,S08_NIGHT,STF_INT_034,Licensed Practical Nurse,Licensed,Core Staff,7.5,0.0,7.5,38.3,287.25
2026-02-16_U_INT_S08_NIGHT,2026-02-16,U_INT,S08_NIGHT,STF_INT_063,Licensed Practical Nurse,Licensed,Core Staff,7.5,0.0,7.5,43.8,328.5
2026-02-16_U_INT_S08_NIGHT,2026-02-16,U_INT,S08_NIGHT,STF_INT_041,Certified Nursing Assistant,Unlicensed,Overtime,7.5,0.0,7.5,34.29,257.18
2026-02-16_U_INT_S08_NIGHT,2026-02-16,U_INT,S08_NIGHT,STF_INT_037,Certified Nursing Assistant,Unlicensed,Core Staff,7.5,0.0,7.5,31.89,239.18
2026-02-17_U_ICU_S12_DAY,2026-02-17,U_ICU,S12_DAY,STF_ICU_020,Registered Nurse,Licensed,Core Staff,11.5,0.0,11.5,56.62,651.13
2026-02-17_U_ICU_S12_DAY,2026-02-17,U_ICU,S12_DAY,STF_ICU_001,Registered Nurse,Licensed,Core Staff,11.5,0.0,11.5,53.98,620.77
2026-02-17_U_ICU_S12_DAY,2026-02-17,U_ICU,S12_DAY,STF_ICU_015,Registered Nurse,Licensed,Core Staff,11.5,0.0,11.5,49.35,567.52
2026-02-17_U_ICU_S12_DAY,2026-02-17,U_ICU,S12_DAY,STF_ICU_014,Registered Nurse,Licensed,Core Staff,11.5,0.0,11.5,58.33,670.8
2026-02-17_U_ICU_S12_DAY,2026-02-17,U_ICU,S12_DAY,STF_ICU_033,Certified Nursing Assistant,Unlicensed,Core Staff,11.5,0.0,11.5,34.12,392.38
2026-02-17_U_ICU_S12_DAY,2026-02-17,U_ICU,S12_DAY,STF_ICU_030,Registered Nurse,Licensed,Core Staff,11.5,0.0,11.5,58.79,676.08
2026-02-17_U_ICU_S12_DAY,2026-02-17,U_ICU,S12_DAY,STF_ICU_004,Registered Nurse,Licensed,Core Staff,11.5,0.0,11.5,50.45,580.18
2026-02-17_U_ICU_S12_DAY,2026-02-17,U_ICU,S12_DAY,STF_ICU_002,Registered Nurse,Licensed,Agency/Traveler,11.5,0.0,11.5,54.93,631.7
2026-02-17_U_ICU_S12_NIGHT,2026-02-17,U_ICU,S12_NIGHT,STF_ICU_021,Registered Nurse,Licensed,Core Staff,11.5,0.0,11.5,58.37,671.26
2026-02-17_U_ICU_S12_NIGHT,2026-02-17,U_ICU,S12_NIGHT,STF_ICU_014,Registered Nurse,Licensed,Core Staff,9.5,2.0,11.5,55.09,633.54
2026-02-17_U_ICU_S12_NIGHT,2026-02-17,U_ICU,S12_NIGHT,STF_ICU_030,Registered Nurse,Licensed,Core Staff,11.5,0.0,11.5,53.57,616.05
2026-02-17_U_ICU_S12_NIGHT,2026-02-17,U_ICU,S12_NIGHT,STF_ICU_033,Certified Nursing Assistant,Unlicensed,Core Staff,11.5,0.0,11.5,31.04,356.96
2026-02-17_U_ICU_S12_NIGHT,2026-02-17,U_ICU,S12_NIGHT,STF_ICU_032,Certified Nursing Assistant,Unlicensed,Core Staff,11.5,0.0,11.5,34.0,391.0
2026-02-17_U_ICU_S12_NIGHT,2026-02-17,U_ICU,S12_NIGHT,STF_ICU_015,Registered Nurse,Licensed,Core Staff,11.5,0.0,11.5,51.23,589.14
2026-02-17_U_ICU_S12_NIGHT,2026-02-17,U_ICU,S12_NIGHT,STF_ICU_025,Registered Nurse,Licensed,Core Staff,11.5,0.0,11.5,55.04,632.96
2026-02-17_U_ICU_S12_NIGHT,2026-02-17,U_ICU,S12_NIGHT,STF_ICU_026,Registered Nurse,Licensed,Overtime,11.5,0.0,11.5,54.58,627.67
2026-02-17_U_INT_S08_DAY,2026-02-17,U_INT,S08_DAY,STF_INT_037,Certified Nursing Assistant,Unlicensed,Core Staff,7.5,0.0,7.5,36.26,271.95
2026-02-17_U_INT_S08_DAY,2026-02-17,U_INT,S08_DAY,STF_INT_012,Registered Nurse,Licensed,Core Staff,7.5,0.0,7.5,55.86,418.95
2026-02-17_U_INT_S08_DAY,2026-02-17,U_INT,S08_DAY,STF_INT_036,Registered Nurse,Licensed,Core Staff,7.5,0.0,7.5,56.33,422.48
2026-02-17_U_INT_S08_DAY,2026-02-17,U_INT,S08_DAY,STF_INT_044,Certified Nursing Assistant,Unlicensed,Core Staff,7.5,0.0,7.5,35.75,268.12
2026-02-17_U_INT_S08_DAY,2026-02-17,U_INT,S08_DAY,STF_INT_064,Licensed Practical Nurse,Licensed,Core Staff,7.5,0.0,7.5,44.64,334.8
2026-02-17_U_INT_S08_DAY,2026-02-17,U_INT,S08_DAY,STF_INT_001,Certified Nursing Assistant,Unlicensed,Core Staff,7.5,0.0,7.5,32.91,246.82
2026-02-17_U_INT_S08_DAY,2026-02-17,U_INT,S08_DAY,STF_INT_063,Licensed Practical Nurse,Licensed,Core Staff,7.5,0.0,7.5,45.07,338.02
2026-02-17_U_INT_S08_DAY,2026-02-17,U_INT,S08_DAY,STF_INT_042,Registered Nurse,Licensed,Overtime,7.5,0.0,7.5,57.26,429.45
2026-02-17_U_INT_S08_DAY,2026-02-17,U_INT,S08_DAY,STF_INT_056,Registered Nurse,Licensed,Core Staff,5.5,2.0,7.5,58.93,441.98
2026-02-17_U_INT_S08_EVE,2026-02-17,U_INT,S08_EVE,STF_INT_028,Registered Nurse,Licensed,Core Staff,7.5,0.0,7.5,51.59,386.92
2026-02-17_U_INT_S08_EVE,2026-02-17,U_INT,S08_EVE,STF_INT_033,Registered Nurse,Licensed,Core Staff,7.5,0.0,7.5,57.63,432.22
2026-02-17_U_INT_S08_EVE,2026-02-17,U_INT,S08_EVE,STF_INT_040,Certified Nursing Assistant,Unlicensed,Core Staff,7.5,0.0,7.5,35.86,268.95
2026-02-17_U_INT_S08_EVE,2026-02-17,U_INT,S08_EVE,STF_INT_019,Registered Nurse,Licensed,Core Staff,7.5,0.0,7.5,58.7,440.25
2026-02-17_U_INT_S08_EVE,2026-02-17,U_INT,S08_EVE,STF_INT_011,Certified Nursing Assistant,Unlicensed,Core Staff,7.5,0.0,7.5,36.07,270.52
2026-02-17_U_INT_S08_EVE,2026-02-17,U_INT,S08_EVE,STF_INT_047,Certified Nursing Assistant,Unlicensed,Core Staff,7.5,0.0,7.5,32.38,242.85
2026-02-17_U_INT_S08_EVE,2026-02-17,U_INT,S08_EVE,STF_INT_055,Registered Nurse,Licensed,Core Staff,5.5,2.0,7.5,56.66,424.95
2026-02-17_U_INT_S08_NIGHT,2026-02-17,U_INT,S08_NIGHT,STF_INT_033,Registered Nurse,Licensed,Core Staff,7.5,0.0,7.5,54.36,407.7
2026-02-17_U_INT_S08_NIGHT,2026-02-17,U_INT,S08_NIGHT,STF_INT_015,Registered Nurse,Licensed,Core Staff,7.5,0.0,7.5,59.78,448.35
2026-02-17_U_INT_S08_NIGHT,2026-02-17,U_INT,S08_NIGHT,STF_INT_057,Registered Nurse,Licensed,Core Staff,7.5,0.0,7.5,53.88,404.1
2026-02-17_U_INT_S08_NIGHT,2026-02-17,U_INT,S08_NIGHT,STF_INT_043,Registered Nurse,Licensed,Float Pool,7.5,0.0,7.5,50.96,382.2
2026-02-17_U_INT_S08_NIGHT,2026-02-17,U_INT,S08_NIGHT,STF_INT_028,Registered Nurse,Licensed,Core Staff,7.5,0.0,7.5,53.54,401.55
2026-02-17_U_INT_S08_NIGHT,2026-02-17,U_INT,S08_NIGHT,STF_INT_035,Registered Nurse,Licensed,Float Pool,5.5,2.0,7.5,55.01,412.58
2026-02-18_U_ICU_S12_DAY,2026-02-18,U_ICU,S12_DAY,STF_ICU_020,Registered Nurse,Licensed,Core Staff,11.5,0.0,11.5,59.38,682.87
2026-02-18_U_ICU_S12_DAY,2026-02-18,U_ICU,S12_DAY,STF_ICU_011,Registered Nurse,Licensed,Core Staff,11.5,0.0,11.5,51.83,596.04
2026-02-18_U_ICU_S12_DAY,2026-02-18,U_ICU,S12_DAY,STF_ICU_035,Certified Nursing Assistant,Unlicensed,Agency/Traveler,11.5,0.0,11.5,35.27,405.6
2026-02-18_U_ICU_S12_DAY,2026-02-18,U_ICU,S12_DAY,STF_ICU_014,Registered Nurse,Licensed,Core Staff,11.5,0.0,11.5,54.45,626.18
2026-02-18_U_ICU_S12_DAY,2026-02-18,U_ICU,S12_DAY,STF_ICU_007,Registered Nurse,Licensed,Core Staff,11.5,0.0,11.5,57.5,661.25
2026-02-18_U_ICU_S12_DAY,2026-02-18,U_ICU,S12_DAY,STF_ICU_022,Registered Nurse,Licensed,Core Staff,11.5,0.0,11.5,56.01,644.12
2026-02-18_U_ICU_S12_NIGHT,2026-02-18,U_ICU,S12_NIGHT,STF_ICU_002,Registered Nurse,Licensed,Agency/Traveler,11.5,0.0,11.5,59.25,681.38
2026-02-18_U_ICU_S12_NIGHT,2026-02-18,U_ICU,S12_NIGHT,STF_ICU_004,Registered Nurse,Licensed,Core Staff,9.5,2.0,11.5,56.61,651.02
2026-02-18_U_ICU_S12_NIGHT,2026-02-18,U_ICU,S12_NIGHT,STF_ICU_011,Registered Nurse,Licensed,Core Staff,11.5,0.0,11.5,48.05,552.57
2026-02-18_U_ICU_S12_NIGHT,2026-02-18,U_ICU,S12_NIGHT,STF_ICU_014,Registered Nurse,Licensed,Core Staff,9.5,2.0,11.5,48.35,556.02
2026-02-18_U_ICU_S12_NIGHT,2026-02-18,U_ICU,S12_NIGHT,STF_ICU_003,Registered Nurse,Licensed,Core Staff,11.5,0.0,11.5,53.67,617.21
2026-02-18_U_ICU_S12_NIGHT,2026-02-18,U_ICU,S12_NIGHT,STF_ICU_034,Certified Nursing Assistant,Unlicensed,Float Pool,11.5,0.0,11.5,32.11,369.26
2026-02-18_U_INT_S08_DAY,2026-02-18,U_INT,S08_DAY,STF_INT_012,Registered Nurse,Licensed,Overtime,7.5,0.0,7.5,55.54,416.55
2026-02-18_U_INT_S08_DAY,2026-02-18,U_INT,S08_DAY,STF_INT_013,Registered Nurse,Licensed,Core Staff,7.5,0.0,7.5,55.33,414.98
2026-02-18_U_INT_S08_DAY,2026-02-18,U_INT,S08_DAY,STF_INT_030,Licensed Practical Nurse,Licensed,Core Staff,7.5,0.0,7.5,40.06,300.45
2026-02-18_U_INT_S08_DAY,2026-02-18,U_INT,S08_DAY,STF_INT_035,Registered Nurse,Licensed,Float Pool,7.5,0.0,7.5,58.59,439.42
2026-02-18_U_INT_S08_DAY,2026-02-18,U_INT,S08_DAY,STF_INT_026,Registered Nurse,Licensed,Core Staff,7.5,0.0,7.5,55.71,417.82
2026-02-18_U_INT_S08_DAY,2026-02-18,U_INT,S08_DAY,STF_INT_045,Registered Nurse,Licensed,Core Staff,7.5,0.0,7.5,52.35,392.62
2026-02-18_U_INT_S08_DAY,2026-02-18,U_INT,S08_DAY,STF_INT_021,Licensed Practical Nurse,Licensed,Core Staff,7.5,0.0,7.5,39.37,295.27
2026-02-18_U_INT_S08_DAY,2026-02-18,U_INT,S08_DAY,STF_INT_022,Registered Nurse,Licensed,Core Staff,7.5,0.0,7.5,51.47,386.02
2026-02-18_U_INT_S08_EVE,2026-02-18,U_INT,S08_EVE,STF_INT_044,Certified Nursing Assistant,Unlicensed,Core Staff,7.5,0.0,7.5,31.02,232.65
2026-02-18_U_INT_S08_EVE,2026-02-18,U_INT,S08_EVE,STF_INT_038,Registered Nurse,Licensed,Core Staff,7.5,0.0,7.5,56.47,423.52
2026-02-18_U_INT_S08_EVE,2026-02-18,U_INT,S08_EVE,STF_INT_018,Certified Nursing Assistant,Unlicensed,Core Staff,7.5,0.0,7.5,32.56,244.2
2026-02-18_U_INT_S08_EVE,2026-02-18,U_INT,S08_EVE,STF_INT_021,Licensed Practical Nurse,Licensed,Overtime,7.5,0.0,7.5,40.4,303.0
2026-02-18_U_INT_S08_EVE,2026-02-18,U_INT,S08_EVE,STF_INT_012,Registered Nurse,Licensed,Core Staff,7.5,0.0,7.5,55.22,414.15
2026-02-18_U_INT_S08_EVE,2026-02-18,U_INT,S08_EVE,STF_INT_016,Registered Nurse,Licensed,Core Staff,7.5,0.0,7.5,53.05,397.88
2026-02-18_U_INT_S08_EVE,2026-02-18,U_INT,S08_EVE,STF_INT_037,Certified Nursing Assistant,Unlicensed,Core Staff,7.5,0.0,7.5,33.1,248.25
2026-02-18_U_INT_S08_EVE,2026-02-18,U_INT,S08_EVE,STF_INT_009,Certified Nursing Assistant,Unlicensed,Float Pool,7.5,0.0,7.5,32.86,246.45
2026-02-18_U_INT_S08_EVE,2026-02-18,U_INT,S08_EVE,STF_INT_059,Registered Nurse,Licensed,Overtime,7.5,0.0,7.5,51.21,384.08
2026-02-18_U_INT_S08_NIGHT,2026-02-18,U_INT,S08_NIGHT,STF_INT_048,Registered Nurse,Licensed,Core Staff,7.5,0.0,7.5,49.98,374.85
2026-02-18_U_INT_S08_NIGHT,2026-02-18,U_INT,S08_NIGHT,STF_INT_022,Registered Nurse,Licensed,Core Staff,7.5,0.0,7.5,58.55,439.12
2026-02-18_U_INT_S08_NIGHT,2026-02-18,U_INT,S08_NIGHT,STF_INT_039,Registered Nurse,Licensed,Float Pool,7.5,0.0,7.5,48.72,365.4
2026-02-18_U_INT_S08_NIGHT,2026-02-18,U_INT,S08_NIGHT,STF_INT_035,Registered Nurse,Licensed,Float Pool,7.5,0.0,7.5,59.78,448.35
2026-02-18_U_INT_S08_NIGHT,2026-02-18,U_INT,S08_NIGHT,STF_INT_031,Registered Nurse,Licensed,Core Staff,7.5,0.0,7.5,58.24,436.8
2026-02-18_U_INT_S08_NIGHT,2026-02-18,U_INT,S08_NIGHT,STF_INT_025,Registered Nurse,Licensed,Core Staff,7.5,0.0,7.5,52.68,395.1
2026-02-18_U_INT_S08_NIGHT,2026-02-18,U_INT,S08_NIGHT,STF_INT_028,Registered Nurse,Licensed,Core Staff,7.5,0.0,7.5,52.34,392.55
2026-02-19_U_ICU_S12_DAY,2026-02-19,U_ICU,S12_DAY,STF_ICU_009,Registered Nurse,Licensed,Core Staff,11.5,0.0,11.5,59.91,688.96
2026-02-19_U_ICU_S12_DAY,2026-02-19,U_ICU,S12_DAY,STF_ICU_015,Registered Nurse,Licensed,Overtime,11.5,0.0,11.5,49.63,570.74
2026-02-19_U_ICU_S12_DAY,2026-02-19,U_ICU,S12_DAY,STF_ICU_001,Registered Nurse,Licensed,Core Staff,11.5,0.0,11.5,57.25,658.38
2026-02-19_U_ICU_S12_DAY,2026-02-19,U_ICU,S12_DAY,STF_ICU_029,Registered Nurse,Licensed,Core Staff,11.5,0.0,11.5,49.17,565.46
2026-02-19_U_ICU_S12_DAY,2026-02-19,U_ICU,S12_DAY,STF_ICU_012,Registered Nurse,Licensed,Agency/Traveler,11.5,0.0,11.5,56.08,644.92
2026-02-19_U_ICU_S12_DAY,2026-02-19,U_ICU,S12_DAY,STF_ICU_025,Registered Nurse,Licensed,Core Staff,11.5,0.0,11.5,52.66,605.59
2026-02-19_U_ICU_S12_NIGHT,2026-02-19,U_ICU,S12_NIGHT,STF_ICU_020,Registered Nurse,Licensed,Core Staff,11.5,0.0,11.5,52.2,600.3
2026-02-19_U_ICU_S12_NIGHT,2026-02-19,U_ICU,S12_NIGHT,STF_ICU_003,Registered Nurse,Licensed,Core Staff,11.5,0.0,11.5,48.02,552.23
2026-02-19_U_ICU_S12_NIGHT,2026-02-19,U_ICU,S12_NIGHT,STF_ICU_013,Registered Nurse,Licensed,Overtime,11.5,0.0,11.5,56.96,655.04
2026-02-19_U_ICU_S12_NIGHT,2026-02-19,U_ICU,S12_NIGHT,STF_ICU_007,Registered Nurse,Licensed,Core Staff,11.5,0.0,11.5,52.32,601.68
2026-02-19_U_ICU_S12_NIGHT,2026-02-19,U_ICU,S12_NIGHT,STF_ICU_012,Registered Nurse,Licensed,Agency/Traveler,9.5,2.0,11.5,49.49,569.14
2026-02-19_U_ICU_S12_NIGHT,2026-02-19,U_ICU,S12_NIGHT,STF_ICU_016,Registered Nurse,Licensed,Core Staff,11.5,0.0,11.5,48.11,553.26
2026-02-19_U_INT_S08_DAY,2026-02-19,U_INT,S08_DAY,STF_INT_040,Certified Nursing Assistant,Unlicensed,Core Staff,7.5,0.0,7.5,33.29,249.68
2026-02-19_U_INT_S08_DAY,2026-02-19,U_INT,S08_DAY,STF_INT_007,Registered Nurse,Licensed,Core Staff,7.5,0.0,7.5,57.18,428.85
2026-02-19_U_INT_S08_DAY,2026-02-19,U_INT,S08_DAY,STF_INT_019,Registered Nurse,Licensed,Core Staff,7.5,0.0,7.5,59.4,445.5
2026-02-19_U_INT_S08_DAY,2026-02-19,U_INT,S08_DAY,STF_INT_024,Licensed Practical Nurse,Licensed,Core Staff,7.5,0.0,7.5,41.9,314.25
2026-02-19_U_INT_S08_DAY,2026-02-19,U_INT,S08_DAY,STF_INT_046,Registered Nurse,Licensed,Overtime,7.5,0.0,7.5,50.96,382.2
2026-02-19_U_INT_S08_DAY,2026-02-19,U_INT,S08_DAY,STF_INT_036,Registered Nurse,Licensed,Core Staff,7.5,0.0,7.5,58.15,436.12
2026-02-19_U_INT_S08_DAY,2026-02-19,U_INT,S08_DAY,STF_INT_029,Licensed Practical Nurse,Licensed,Core Staff,7.5,0.0,7.5,45.44,340.8
2026-02-19_U_INT_S08_DAY,2026-02-19,U_INT,S08_DAY,STF_INT_061,Registered Nurse,Licensed,Core Staff,7.5,0.0,7.5,55.09,413.18
2026-02-19_U_INT_S08_DAY,2026-02-19,U_INT,S08_DAY,STF_INT_055,Registered Nurse,Licensed,Core Staff,7.5,0.0,7.5,56.71,425.32
2026-02-19_U_INT_S08_EVE,2026-02-19,U_INT,S08_EVE,STF_INT_025,Registered Nurse,Licensed,Core Staff,7.5,0.0,7.5,51.8,388.5
2026-02-19_U_INT_S08_EVE,2026-02-19,U_INT,S08_EVE,STF_INT_016,Registered Nurse,Licensed,Core Staff,7.5,0.0,7.5,52.06,390.45
2026-02-19_U_INT_S08_EVE,2026-02-19,U_INT,S08_EVE,STF_INT_001,Certified Nursing Assistant,Unlicensed,Core Staff,7.5,0.0,7.5,31.92,239.4
2026-02-19_U_INT_S08_EVE,2026-02-19,U_INT,S08_EVE,STF_INT_047,Certified Nursing Assistant,Unlicensed,Core Staff,7.5,0.0,7.5,31.96,239.7
2026-02-19_U_INT_S08_EVE,2026-02-19,U_INT,S08_EVE,STF_INT_060,Registered Nurse,Licensed,Agency/Traveler,7.5,0.0,7.5,53.13,398.48
2026-02-19_U_INT_S08_EVE,2026-02-19,U_INT,S08_EVE,STF_INT_033,Registered Nurse,Licensed,Core Staff,7.5,0.0,7.5,55.11,413.32
2026-02-19_U_INT_S08_EVE,2026-02-19,U_INT,S08_EVE,STF_INT_009,Certified Nursing Assistant,Unlicensed,Float Pool,7.5,0.0,7.5,31.4,235.5
2026-02-19_U_INT_S08_EVE,2026-02-19,U_INT,S08_EVE,STF_INT_032,Registered Nurse,Licensed,Core Staff,7.5,0.0,7.5,53.28,399.6
2026-02-19_U_INT_S08_NIGHT,2026-02-19,U_INT,S08_NIGHT,STF_INT_052,Licensed Practical Nurse,Licensed,Core Staff,7.5,0.0,7.5,45.07,338.02
2026-02-19_U_INT_S08_NIGHT,2026-02-19,U_INT,S08_NIGHT,STF_INT_026,Registered Nurse,Licensed,Core Staff,7.5,0.0,7.5,56.77,425.78
2026-02-19_U_INT_S08_NIGHT,2026-02-19,U_INT,S08_NIGHT,STF_INT_029,Licensed Practical Nurse,Licensed,Core Staff,7.5,0.0,7.5,38.46,288.45
2026-02-19_U_INT_S08_NIGHT,2026-02-19,U_INT,S08_NIGHT,STF_INT_004,Registered Nurse,Licensed,Core Staff,7.5,0.0,7.5,54.52,408.9
2026-02-19_U_INT_S08_NIGHT,2026-02-19,U_INT,S08_NIGHT,STF_INT_028,Registered Nurse,Licensed,Core Staff,7.5,0.0,7.5,52.49,393.68
2026-02-19_U_INT_S08_NIGHT,2026-02-19,U_INT,S08_NIGHT,STF_INT_012,Registered Nurse,Licensed,Core Staff,7.5,0.0,7.5,51.25,384.38
2026-02-20_U_ICU_S12_DAY,2026-02-20,U_ICU,S12_DAY,STF_ICU_035,Certified Nursing Assistant,Unlicensed,Agency/Traveler,11.5,0.0,11.5,32.75,376.62
2026-02-20_U_ICU_S12_DAY,2026-02-20,U_ICU,S12_DAY,STF_ICU_005,Registered Nurse,Licensed,Core Staff,11.5,0.0,11.5,54.89,631.24
2026-02-20_U_ICU_S12_DAY,2026-02-20,U_ICU,S12_DAY,STF_ICU_034,Certified Nursing Assistant,Unlicensed,Agency/Traveler,11.5,0.0,11.5,34.77,399.86
2026-02-20_U_ICU_S12_DAY,2026-02-20,U_ICU,S12_DAY,STF_ICU_026,Registered Nurse,Licensed,Overtime,11.5,0.0,11.5,49.75,572.12
2026-02-20_U_ICU_S12_DAY,2026-02-20,U_ICU,S12_DAY,STF_ICU_029,Registered Nurse,Licensed,Core Staff,11.5,0.0,11.5,49.15,565.22
2026-02-20_U_ICU_S12_DAY,2026-02-20,U_ICU,S12_DAY,STF_ICU_014,Registered Nurse,Licensed,Core Staff,11.5,0.0,11.5,57.92,666.08
2026-02-20_U_ICU_S12_NIGHT,2026-02-20,U_ICU,S12_NIGHT,STF_ICU_006,Registered Nurse,Licensed,Core Staff,11.5,0.0,11.5,49.89,573.74
2026-02-20_U_ICU_S12_NIGHT,2026-02-20,U_ICU,S12_NIGHT,STF_ICU_001,Registered Nurse,Licensed,Core Staff,11.5,0.0,11.5,56.62,651.13
2026-02-20_U_ICU_S12_NIGHT,2026-02-20,U_ICU,S12_NIGHT,STF_ICU_030,Registered Nurse,Licensed,Core Staff,11.5,0.0,11.5,51.73,594.9
2026-02-20_U_ICU_S12_NIGHT,2026-02-20,U_ICU,S12_NIGHT,STF_ICU_031,Certified Nursing Assistant,Unlicensed,Core Staff,11.5,0.0,11.5,34.87,401.0
2026-02-20_U_ICU_S12_NIGHT,2026-02-20,U_ICU,S12_NIGHT,STF_ICU_019,Registered Nurse,Licensed,Core Staff,11.5,0.0,11.5,55.42,637.33
2026-02-20_U_ICU_S12_NIGHT,2026-02-20,U_ICU,S12_NIGHT,STF_ICU_018,Registered Nurse,Licensed,Float Pool,11.5,0.0,11.5,57.96,666.54
2026-02-20_U_INT_S08_DAY,2026-02-20,U_INT,S08_DAY,STF_INT_050,Registered Nurse,Licensed,Float Pool,7.5,0.0,7.5,59.94,449.55
2026-02-20_U_INT_S08_DAY,2026-02-20,U_INT,S08_DAY,STF_INT_045,Registered Nurse,Licensed,Core Staff,7.5,0.0,7.5,48.91,366.82
2026-02-20_U_INT_S08_DAY,2026-02-20,U_INT,S08_DAY,STF_INT_028,Registered Nurse,Licensed,Core Staff,7.5,0.0,7.5,48.04,360.3
2026-02-20_U_INT_S08_DAY,2026-02-20,U_INT,S08_DAY,STF_INT_017,Certified Nursing Assistant,Unlicensed,Core Staff,7.5,0.0,7.5,35.7,267.75
2026-02-20_U_INT_S08_DAY,2026-02-20,U_INT,S08_DAY,STF_INT_055,Registered Nurse,Licensed,Core Staff,7.5,0.0,7.5,52.47,393.52
2026-02-20_U_INT_S08_DAY,2026-02-20,U_INT,S08_DAY,STF_INT_008,Registered Nurse,Licensed,Agency/Traveler,7.5,0.0,7.5,49.85,373.88
2026-02-20_U_INT_S08_DAY,2026-02-20,U_INT,S08_DAY,STF_INT_038,Registered Nurse,Licensed,Core Staff,7.5,0.0,7.5,49.81,373.58
2026-02-20_U_INT_S08_DAY,2026-02-20,U_INT,S08_DAY,STF_INT_021,Licensed Practical Nurse,Licensed,Core Staff,7.5,0.0,7.5,42.54,319.05
2026-02-20_U_INT_S08_DAY,2026-02-20,U_INT,S08_DAY,STF_INT_064,Licensed Practical Nurse,Licensed,Core Staff,7.5,0.0,7.5,44.28,332.1
2026-02-20_U_INT_S08_EVE,2026-02-20,U_INT,S08_EVE,STF_INT_039,Registered Nurse,Licensed,Agency/Traveler,7.5,0.0,7.5,57.81,433.58
2026-02-20_U_INT_S08_EVE,2026-02-20,U_INT,S08_EVE,STF_INT_063,Licensed Practical Nurse,Licensed,Core Staff,7.5,0.0,7.5,43.01,322.58
2026-02-20_U_INT_S08_EVE,2026-02-20,U_INT,S08_EVE,STF_INT_021,Licensed Practical Nurse,Licensed,Core Staff,7.5,0.0,7.5,39.15,293.62
2026-02-20_U_INT_S08_EVE,2026-02-20,U_INT,S08_EVE,STF_INT_064,Licensed Practical Nurse,Licensed,Core Staff,7.5,0.0,7.5,38.75,290.62
2026-02-20_U_INT_S08_EVE,2026-02-20,U_INT,S08_EVE,STF_INT_061,Registered Nurse,Licensed,Agency/Traveler,7.5,0.0,7.5,54.6,409.5
2026-02-20_U_INT_S08_EVE,2026-02-20,U_INT,S08_EVE,STF_INT_040,Certified Nursing Assistant,Unlicensed,Core Staff,7.5,0.0,7.5,30.19,226.42
2026-02-20_U_INT_S08_EVE,2026-02-20,U_INT,S08_EVE,STF_INT_015,Registered Nurse,Licensed,Core Staff,7.5,0.0,7.5,56.67,425.02
2026-02-20_U_INT_S08_EVE,2026-02-20,U_INT,S08_EVE,STF_INT_005,Certified Nursing Assistant,Unlicensed,Core Staff,7.5,0.0,7.5,33.85,253.88
2026-02-20_U_INT_S08_EVE,2026-02-20,U_INT,S08_EVE,STF_INT_020,Certified Nursing Assistant,Unlicensed,Core Staff,7.5,0.0,7.5,30.24,226.8
2026-02-20_U_INT_S08_NIGHT,2026-02-20,U_INT,S08_NIGHT,STF_INT_009,Certified Nursing Assistant,Unlicensed,Float Pool,7.5,0.0,7.5,35.33,264.97
2026-02-20_U_INT_S08_NIGHT,2026-02-20,U_INT,S08_NIGHT,STF_INT_004,Registered Nurse,Licensed,Agency/Traveler,7.5,0.0,7.5,48.47,363.52
2026-02-20_U_INT_S08_NIGHT,2026-02-20,U_INT,S08_NIGHT,STF_INT_059,Registered Nurse,Licensed,Float Pool,7.5,0.0,7.5,53.41,400.58
2026-02-20_U_INT_S08_NIGHT,2026-02-20,U_INT,S08_NIGHT,STF_INT_014,Registered Nurse,Licensed,Overtime,7.5,0.0,7.5,57.87,434.02
2026-02-20_U_INT_S08_NIGHT,2026-02-20,U_INT,S08_NIGHT,STF_INT_060,Registered Nurse,Licensed,Agency/Traveler,7.5,0.0,7.5,56.81,426.08
2026-02-20_U_INT_S08_NIGHT,2026-02-20,U_INT,S08_NIGHT,STF_INT_013,Registered Nurse,Licensed,Core Staff,7.5,0.0,7.5,59.1,443.25
2026-02-20_U_INT_S08_NIGHT,2026-02-20,U_INT,S08_NIGHT,STF_INT_051,Registered Nurse,Licensed,Core Staff,7.5,0.0,7.5,48.76,365.7
2026-02-21_U_ICU_S12_DAY,2026-02-21,U_ICU,S12_DAY,STF_ICU_020,Registered Nurse,Licensed,Overtime,11.5,0.0,11.5,55.29,635.84
2026-02-21_U_ICU_S12_DAY,2026-02-21,U_ICU,S12_DAY,STF_ICU_006,Registered Nurse,Licensed,Core Staff,11.5,0.0,11.5,55.94,643.31
2026-02-21_U_ICU_S12_DAY,2026-02-21,U_ICU,S12_DAY,STF_ICU_003,Registered Nurse,Licensed,Core Staff,11.5,0.0,11.5,54.41,625.71
2026-02-21_U_ICU_S12_DAY,2026-02-21,U_ICU,S12_DAY,STF_ICU_011,Registered Nurse,Licensed,Core Staff,11.5,0.0,11.5,53.68,617.32
2026-02-21_U_ICU_S12_DAY,2026-02-21,U_ICU,S12_DAY,STF_ICU_008,Registered Nurse,Licensed,Float Pool,11.5,0.0,11.5,56.36,648.14
2026-02-21_U_ICU_S12_DAY,2026-02-21,U_ICU,S12_DAY,STF_ICU_033,Certified Nursing Assistant,Unlicensed,Core Staff,11.5,0.0,11.5,31.08,357.42
2026-02-21_U_ICU_S12_NIGHT,2026-02-21,U_ICU,S12_NIGHT,STF_ICU_035,Certified Nursing Assistant,Unlicensed,Agency/Traveler,11.5,0.0,11.5,36.06,414.69
2026-02-21_U_ICU_S12_NIGHT,2026-02-21,U_ICU,S12_NIGHT,STF_ICU_009,Registered Nurse,Licensed,Core Staff,11.5,0.0,11.5,57.56,661.94
2026-02-21_U_ICU_S12_NIGHT,2026-02-21,U_ICU,S12_NIGHT,STF_ICU_022,Registered Nurse,Licensed,Core Staff,11.5,0.0,11.5,51.5,592.25
2026-02-21_U_ICU_S12_NIGHT,2026-02-21,U_ICU,S12_NIGHT,STF_ICU_005,Registered Nurse,Licensed,Core Staff,11.5,0.0,11.5,49.12,564.88
2026-02-21_U_ICU_S12_NIGHT,2026-02-21,U_ICU,S12_NIGHT,STF_ICU_021,Registered Nurse,Licensed,Core Staff,11.5,0.0,11.5,51.43,591.45
2026-02-21_U_ICU_S12_NIGHT,2026-02-21,U_ICU,S12_NIGHT,STF_ICU_027,Registered Nurse,Licensed,Core Staff,11.5,0.0,11.5,48.26,554.99
2026-02-21_U_INT_S08_DAY,2026-02-21,U_INT,S08_DAY,STF_INT_024,Licensed Practical Nurse,Licensed,Overtime,7.5,0.0,7.5,44.49,333.68
2026-02-21_U_INT_S08_DAY,2026-02-21,U_INT,S08_DAY,STF_INT_015,Registered Nurse,Licensed,Core Staff,7.5,0.0,7.5,58.34,437.55
2026-02-21_U_INT_S08_DAY,2026-02-21,U_INT,S08_DAY,STF_INT_052,Licensed Practical Nurse,Licensed,Core Staff,7.5,0.0,7.5,45.1,338.25
2026-02-21_U_INT_S08_DAY,2026-02-21,U_INT,S08_DAY,STF_INT_006,Licensed Practical Nurse,Licensed,Core Staff,7.5,0.0,7.5,41.17,308.78
2026-02-21_U_INT_S08_DAY,2026-02-21,U_INT,S08_DAY,STF_INT_027,Licensed Practical Nurse,Licensed,Overtime,7.5,0.0,7.5,38.37,287.77
2026-02-21_U_INT_S08_DAY,2026-02-21,U_INT,S08_DAY,STF_INT_038,Registered Nurse,Licensed,Core Staff,7.5,0.0,7.5,51.04,382.8
2026-02-21_U_INT_S08_DAY,2026-02-21,U_INT,S08_DAY,STF_INT_037,Certified Nursing Assistant,Unlicensed,Core Staff,7.5,0.0,7.5,32.96,247.2
2026-02-21_U_INT_S08_DAY,2026-02-21,U_INT,S08_DAY,STF_INT_016,Registered Nurse,Licensed,Float Pool,5.5,2.0,7.5,57.94,434.55
2026-02-21_U_INT_S08_DAY,2026-02-21,U_INT,S08_DAY,STF_INT_042,Registered Nurse,Licensed,Overtime,7.5,0.0,7.5,53.12,398.4
2026-02-21_U_INT_S08_DAY,2026-02-21,U_INT,S08_DAY,STF_INT_009,Certified Nursing Assistant,Unlicensed,Float Pool,7.5,0.0,7.5,34.23,256.72
2026-02-21_U_INT_S08_EVE,2026-02-21,U_INT,S08_EVE,STF_INT_042,Registered Nurse,Licensed,Overtime,7.5,0.0,7.5,59.56,446.7
2026-02-21_U_INT_S08_EVE,2026-02-21,U_INT,S08_EVE,STF_INT_023,Registered Nurse,Licensed,Overtime,7.5,0.0,7.5,55.99,419.92
2026-02-21_U_INT_S08_EVE,2026-02-21,U_INT,S08_EVE,STF_INT_044,Certified Nursing Assistant,Unlicensed,Core Staff,7.5,0.0,7.5,34.07,255.52
2026-02-21_U_INT_S08_EVE,2026-02-21,U_INT,S08_EVE,STF_INT_018,Certified Nursing Assistant,Unlicensed,Core Staff,7.5,0.0,7.5,32.42,243.15
2026-02-21_U_INT_S08_EVE,2026-02-21,U_INT,S08_EVE,STF_INT_011,Certified Nursing Assistant,Unlicensed,Core Staff,7.5,0.0,7.5,31.28,234.6
2026-02-21_U_INT_S08_EVE,2026-02-21,U_INT,S08_EVE,STF_INT_017,Certified Nursing Assistant,Unlicensed,Core Staff,7.5,0.0,7.5,31.44,235.8
2026-02-21_U_INT_S08_EVE,2026-02-21,U_INT,S08_EVE,STF_INT_034,Licensed Practical Nurse,Licensed,Agency/Traveler,7.5,0.0,7.5,40.91,306.82
2026-02-21_U_INT_S08_NIGHT,2026-02-21,U_INT,S08_NIGHT,STF_INT_036,Registered Nurse,Licensed,Core Staff,5.5,2.0,7.5,49.42,370.65
2026-02-21_U_INT_S08_NIGHT,2026-02-21,U_INT,S08_NIGHT,STF_INT_027,Licensed Practical Nurse,Licensed,Overtime,7.5,0.0,7.5,43.29,324.68
2026-02-21_U_INT_S08_NIGHT,2026-02-21,U_INT,S08_NIGHT,STF_INT_049,Registered Nurse,Licensed,Core Staff,7.5,0.0,7.5,49.86,373.95
2026-02-21_U_INT_S08_NIGHT,2026-02-21,U_INT,S08_NIGHT,STF_INT_020,Certified Nursing Assistant,Unlicensed,Core Staff,7.5,0.0,7.5,32.6,244.5
2026-02-21_U_INT_S08_NIGHT,2026-02-21,U_INT,S08_NIGHT,STF_INT_042,Registered Nurse,Licensed,Overtime,7.5,0.0,7.5,56.38,422.85
2026-02-21_U_INT_S08_NIGHT,2026-02-21,U_INT,S08_NIGHT,STF_INT_041,Certified Nursing Assistant,Unlicensed,Overtime,7.5,0.0,7.5,35.76,268.2
2026-02-22_U_ICU_S12_DAY,2026-02-22,U_ICU,S12_DAY,STF_ICU_025,Registered Nurse,Licensed,Core Staff,11.5,0.0,11.5,53.23,612.14
2026-02-22_U_ICU_S12_DAY,2026-02-22,U_ICU,S12_DAY,STF_ICU_012,Registered Nurse,Licensed,Agency/Traveler,11.5,0.0,11.5,51.12,587.88
2026-02-22_U_ICU_S12_DAY,2026-02-22,U_ICU,S12_DAY,STF_ICU_005,Registered Nurse,Licensed,Core Staff,11.5,0.0,11.5,53.2,611.8
2026-02-22_U_ICU_S12_DAY,2026-02-22,U_ICU,S12_DAY,STF_ICU_022,Registered Nurse,Licensed,Core Staff,11.5,0.0,11.5,51.58,593.17
2026-02-22_U_ICU_S12_DAY,2026-02-22,U_ICU,S12_DAY,STF_ICU_013,Registered Nurse,Licensed,Overtime,11.5,0.0,11.5,53.6,616.4
2026-02-22_U_ICU_S12_DAY,2026-02-22,U_ICU,S12_DAY,STF_ICU_014,Registered Nurse,Licensed,Core Staff,11.5,0.0,11.5,51.18,588.57
2026-02-22_U_ICU_S12_NIGHT,2026-02-22,U_ICU,S12_NIGHT,STF_ICU_008,Registered Nurse,Licensed,Float Pool,11.5,0.0,11.5,57.65,662.98
2026-02-22_U_ICU_S12_NIGHT,2026-02-22,U_ICU,S12_NIGHT,STF_ICU_004,Registered Nurse,Licensed,Core Staff,11.5,0.0,11.5,57.43,660.44
2026-02-22_U_ICU_S12_NIGHT,2026-02-22,U_ICU,S12_NIGHT,STF_ICU_034,Certified Nursing Assistant,Unlicensed,Agency/Traveler,11.5,0.0,11.5,34.76,399.74
2026-02-22_U_ICU_S12_NIGHT,2026-02-22,U_ICU,S12_NIGHT,STF_ICU_014,Registered Nurse,Licensed,Core Staff,11.5,0.0,11.5,58.86,676.89
2026-02-22_U_ICU_S12_NIGHT,2026-02-22,U_ICU,S12_NIGHT,STF_ICU_025,Registered Nurse,Licensed,Core Staff,11.5,0.0,11.5,48.09,553.04
2026-02-22_U_INT_S08_DAY,2026-02-22,U_INT,S08_DAY,STF_INT_053,Certified Nursing Assistant,Unlicensed,Agency/Traveler,7.5,0.0,7.5,35.71,267.82
2026-02-22_U_INT_S08_DAY,2026-02-22,U_INT,S08_DAY,STF_INT_012,Registered Nurse,Licensed,Core Staff,7.5,0.0,7.5,59.78,448.35
2026-02-22_U_INT_S08_DAY,2026-02-22,U_INT,S08_DAY,STF_INT_040,Certified Nursing Assistant,Unlicensed,Core Staff,7.5,0.0,7.5,34.15,256.12
2026-02-22_U_INT_S08_DAY,2026-02-22,U_INT,S08_DAY,STF_INT_008,Registered Nurse,Licensed,Agency/Traveler,7.5,0.0,7.5,56.45,423.38
2026-02-22_U_INT_S08_DAY,2026-02-22,U_INT,S08_DAY,STF_INT_015,Registered Nurse,Licensed,Agency/Traveler,7.5,0.0,7.5,57.3,429.75
2026-02-22_U_INT_S08_DAY,2026-02-22,U_INT,S08_DAY,STF_INT_050,Registered Nurse,Licensed,Float Pool,7.5,0.0,7.5,53.88,404.1
2026-02-22_U_INT_S08_DAY,2026-02-22,U_INT,S08_DAY,STF_INT_024,Licensed Practical Nurse,Licensed,Core Staff,7.5,0.0,7.5,42.48,318.6
2026-02-22_U_INT_S08_DAY,2026-02-22,U_INT,S08_DAY,STF_INT_019,Registered Nurse,Licensed,Core Staff,7.5,0.0,7.5,49.95,374.62
2026-02-22_U_INT_S08_EVE,2026-02-22,U_INT,S08_EVE,STF_INT_059,Registered Nurse,Licensed,Core Staff,7.5,0.0,7.5,59.8,448.5
2026-02-22_U_INT_S08_EVE,2026-02-22,U_INT,S08_EVE,STF_INT_030,Licensed Practical Nurse,Licensed,Core Staff,7.5,0.0,7.5,38.98,292.35
2026-02-22_U_INT_S08_EVE,2026-02-22,U_INT,S08_EVE,STF_INT_035,Registered Nurse,Licensed,Float Pool,7.5,0.0,7.5,54.26,406.95
2026-02-22_U_INT_S08_EVE,2026-02-22,U_INT,S08_EVE,STF_INT_011,Certified Nursing Assistant,Unlicensed,Core Staff,7.5,0.0,7.5,31.32,234.9
2026-02-22_U_INT_S08_EVE,2026-02-22,U_INT,S08_EVE,STF_INT_048,Registered Nurse,Licensed,Core Staff,7.5,0.0,7.5,51.99,389.92
2026-02-22_U_INT_S08_EVE,2026-02-22,U_INT,S08_EVE,STF_INT_025,Registered Nurse,Licensed,Core Staff,7.5,0.0,7.5,58.49,438.68
2026-02-22_U_INT_S08_EVE,2026-02-22,U_INT,S08_EVE,STF_INT_015,Registered Nurse,Licensed,Core Staff,7.5,0.0,7.5,59.96,449.7
2026-02-22_U_INT_S08_EVE,2026-02-22,U_INT,S08_EVE,STF_INT_064,Licensed Practical Nurse,Licensed,Core Staff,7.5,0.0,7.5,42.07,315.52
2026-02-22_U_INT_S08_NIGHT,2026-02-22,U_INT,S08_NIGHT,STF_INT_028,Registered Nurse,Licensed,Core Staff,7.5,0.0,7.5,49.57,371.78
2026-02-22_U_INT_S08_NIGHT,2026-02-22,U_INT,S08_NIGHT,STF_INT_058,Registered Nurse,Licensed,Float Pool,7.5,0.0,7.5,53.89,404.18
2026-02-22_U_INT_S08_NIGHT,2026-02-22,U_INT,S08_NIGHT,STF_INT_037,Certified Nursing Assistant,Unlicensed,Core Staff,7.5,0.0,7.5,30.46,228.45
2026-02-22_U_INT_S08_NIGHT,2026-02-22,U_INT,S08_NIGHT,STF_INT_006,Licensed Practical Nurse,Licensed,Core Staff,7.5,0.0,7.5,41.19,308.92
2026-02-22_U_INT_S08_NIGHT,2026-02-22,U_INT,S08_NIGHT,STF_INT_060,Registered Nurse,Licensed,Agency/Traveler,7.5,0.0,7.5,54.35,407.62
2026-02-22_U_INT_S08_NIGHT,2026-02-22,U_INT,S08_NIGHT,STF_INT_062,Certified Nursing Assistant,Unlicensed,Core Staff,7.5,0.0,7.5,32.93,246.98
2026-02-23_U_ICU_S12_DAY,2026-02-23,U_ICU,S12_DAY,STF_ICU_011,Registered Nurse,Licensed,Core Staff,11.5,0.0,11.5,58.12,668.38
2026-02-23_U_ICU_S12_DAY,2026-02-23,U_ICU,S12_DAY,STF_ICU_030,Registered Nurse,Licensed,Core Staff,11.5,0.0,11.5,55.38,636.87
2026-02-23_U_ICU_S12_DAY,2026-02-23,U_ICU,S12_DAY,STF_ICU_029,Registered Nurse,Licensed,Core Staff,11.5,0.0,11.5,59.18,680.57
2026-02-23_U_ICU_S12_DAY,2026-02-23,U_ICU,S12_DAY,STF_ICU_013,Registered Nurse,Licensed,Overtime,11.5,0.0,11.5,51.01,586.62
2026-02-23_U_ICU_S12_DAY,2026-02-23,U_ICU,S12_DAY,STF_ICU_008,Registered Nurse,Licensed,Float Pool,11.5,0.0,11.5,55.14,634.11
2026-02-23_U_ICU_S12_DAY,2026-02-23,U_ICU,S12_DAY,STF_ICU_007,Registered Nurse,Licensed,Overtime,11.5,0.0,11.5,58.06,667.69
2026-02-23_U_ICU_S12_NIGHT,2026-02-23,U_ICU,S12_NIGHT,STF_ICU_028,Registered Nurse,Licensed,Core Staff,11.5,0.0,11.5,56.96,655.04
2026-02-23_U_ICU_S12_NIGHT,2026-02-23,U_ICU,S12_NIGHT,STF_ICU_009,Registered Nurse,Licensed,Core Staff,11.5,0.0,11.5,55.68,640.32
2026-02-23_U_ICU_S12_NIGHT,2026-02-23,U_ICU,S12_NIGHT,STF_ICU_015,Registered Nurse,Licensed,Core Staff,11.5,0.0,11.5,48.2,554.3
2026-02-23_U_ICU_S12_NIGHT,2026-02-23,U_ICU,S12_NIGHT,STF_ICU_033,Certified Nursing Assistant,Unlicensed,Core Staff,11.5,0.0,11.5,33.18,381.57
2026-02-23_U_ICU_S12_NIGHT,2026-02-23,U_ICU,S12_NIGHT,STF_ICU_016,Registered Nurse,Licensed,Core Staff,11.5,0.0,11.5,54.27,624.1
2026-02-23_U_INT_S08_DAY,2026-02-23,U_INT,S08_DAY,STF_INT_012,Registered Nurse,Licensed,Core Staff,7.5,0.0,7.5,55.7,417.75
2026-02-23_U_INT_S08_DAY,2026-02-23,U_INT,S08_DAY,STF_INT_037,Certified Nursing Assistant,Unlicensed,Core Staff,7.5,0.0,7.5,35.1,263.25
2026-02-23_U_INT_S08_DAY,2026-02-23,U_INT,S08_DAY,STF_INT_022,Registered Nurse,Licensed,Core Staff,7.5,0.0,7.5,57.29,429.68
2026-02-23_U_INT_S08_DAY,2026-02-23,U_INT,S08_DAY,STF_INT_050,Registered Nurse,Licensed,Float Pool,7.5,0.0,7.5,56.83,426.22
2026-02-23_U_INT_S08_DAY,2026-02-23,U_INT,S08_DAY,STF_INT_060,Registered Nurse,Licensed,Agency/Traveler,5.5,2.0,7.5,49.21,369.08
2026-02-23_U_INT_S08_DAY,2026-02-23,U_INT,S08_DAY,STF_INT_036,Registered Nurse,Licensed,Core Staff,7.5,0.0,7.5,58.38,437.85
2026-02-23_U_INT_S08_DAY,2026-02-23,U_INT,S08_DAY,STF_INT_056,Registered Nurse,Licensed,Core Staff,7.5,0.0,7.5,52.22,391.65
2026-02-23_U_INT_S08_DAY,2026-02-23,U_INT,S08_DAY,STF_INT_064,Licensed Practical Nurse,Licensed,Core Staff,7.5,0.0,7.5,41.1,308.25
2026-02-23_U_INT_S08_DAY,2026-02-23,U_INT,S08_DAY,STF_INT_009,Certified Nursing Assistant,Unlicensed,Float Pool,7.5,0.0,7.5,33.96,254.7
2026-02-23_U_INT_S08_DAY,2026-02-23,U_INT,S08_DAY,STF_INT_054,Registered Nurse,Licensed,Core Staff,7.5,0.0,7.5,50.24,376.8
2026-02-23_U_INT_S08_EVE,2026-02-23,U_INT,S08_EVE,STF_INT_021,Licensed Practical Nurse,Licensed,Core Staff,7.5,0.0,7.5,38.12,285.9
2026-02-23_U_INT_S08_EVE,2026-02-23,U_INT,S08_EVE,STF_INT_059,Registered Nurse,Licensed,Core Staff,7.5,0.0,7.5,48.94,367.05
2026-02-23_U_INT_S08_EVE,2026-02-23,U_INT,S08_EVE,STF_INT_023,Registered Nurse,Licensed,Overtime,7.5,0.0,7.5,48.21,361.58
2026-02-23_U_INT_S08_EVE,2026-02-23,U_INT,S08_EVE,STF_INT_001,Certified Nursing Assistant,Unlicensed,Core Staff,7.5,0.0,7.5,31.85,238.88
2026-02-23_U_INT_S08_EVE,2026-02-23,U_INT,S08_EVE,STF_INT_034,Licensed Practical Nurse,Licensed,Core Staff,7.5,0.0,7.5,44.0,330.0
2026-02-23_U_INT_S08_EVE,2026-02-23,U_INT,S08_EVE,STF_INT_018,Certified Nursing Assistant,Unlicensed,Core Staff,7.5,0.0,7.5,31.8,238.5
2026-02-23_U_INT_S08_EVE,2026-02-23,U_INT,S08_EVE,STF_INT_037,Certified Nursing Assistant,Unlicensed,Core Staff,7.5,0.0,7.5,33.04,247.8
2026-02-23_U_INT_S08_EVE,2026-02-23,U_INT,S08_EVE,STF_INT_029,Licensed Practical Nurse,Licensed,Core Staff,7.5,0.0,7.5,44.88,336.6
2026-02-23_U_INT_S08_NIGHT,2026-02-23,U_INT,S08_NIGHT,STF_INT_019,Registered Nurse,Licensed,Core Staff,7.5,0.0,7.5,59.96,449.7
2026-02-23_U_INT_S08_NIGHT,2026-02-23,U_INT,S08_NIGHT,STF_INT_021,Licensed Practical Nurse,Licensed,Core Staff,7.5,0.0,7.5,44.65,334.88
2026-02-23_U_INT_S08_NIGHT,2026-02-23,U_INT,S08_NIGHT,STF_INT_064,Licensed Practical Nurse,Licensed,Core Staff,7.5,0.0,7.5,43.2,324.0
2026-02-23_U_INT_S08_NIGHT,2026-02-23,U_INT,S08_NIGHT,STF_INT_034,Licensed Practical Nurse,Licensed,Core Staff,7.5,0.0,7.5,39.58,296.85
2026-02-23_U_INT_S08_NIGHT,2026-02-23,U_INT,S08_NIGHT,STF_INT_062,Certified Nursing Assistant,Unlicensed,Core Staff,7.5,0.0,7.5,30.99,232.42
2026-02-23_U_INT_S08_NIGHT,2026-02-23,U_INT,S08_NIGHT,STF_INT_007,Registered Nurse,Licensed,Overtime,7.5,0.0,7.5,51.58,386.85
2026-02-23_U_INT_S08_NIGHT,2026-02-23,U_INT,S08_NIGHT,STF_INT_001,Certified Nursing Assistant,Unlicensed,Core Staff,7.5,0.0,7.5,32.64,244.8
2026-02-24_U_ICU_S12_DAY,2026-02-24,U_ICU,S12_DAY,STF_ICU_035,Certified Nursing Assistant,Unlicensed,Agency/Traveler,11.5,0.0,11.5,30.77,353.86
2026-02-24_U_ICU_S12_DAY,2026-02-24,U_ICU,S12_DAY,STF_ICU_014,Registered Nurse,Licensed,Core Staff,11.5,0.0,11.5,50.9,585.35
2026-02-24_U_ICU_S12_DAY,2026-02-24,U_ICU,S12_DAY,STF_ICU_034,Certified Nursing Assistant,Unlicensed,Overtime,11.5,0.0,11.5,32.77,376.86
2026-02-24_U_ICU_S12_DAY,2026-02-24,U_ICU,S12_DAY,STF_ICU_027,Registered Nurse,Licensed,Core Staff,11.5,0.0,11.5,49.38,567.87
2026-02-24_U_ICU_S12_DAY,2026-02-24,U_ICU,S12_DAY,STF_ICU_021,Registered Nurse,Licensed,Core Staff,11.5,0.0,11.5,57.3,658.95
2026-02-24_U_ICU_S12_DAY,2026-02-24,U_ICU,S12_DAY,STF_ICU_030,Registered Nurse,Licensed,Core Staff,11.5,0.0,11.5,51.72,594.78
2026-02-24_U_ICU_S12_DAY,2026-02-24,U_ICU,S12_DAY,STF_ICU_013,Registered Nurse,Licensed,Overtime,11.5,0.0,11.5,58.24,669.76
2026-02-24_U_ICU_S12_DAY,2026-02-24,U_ICU,S12_DAY,STF_ICU_005,Registered Nurse,Licensed,Core Staff,11.5,0.0,11.5,54.87,631.0
2026-02-24_U_ICU_S12_NIGHT,2026-02-24,U_ICU,S12_NIGHT,STF_ICU_003,Registered Nurse,Licensed,Core Staff,11.5,0.0,11.5,48.11,553.26
2026-02-24_U_ICU_S12_NIGHT,2026-02-24,U_ICU,S12_NIGHT,STF_ICU_008,Registered Nurse,Licensed,Float Pool,11.5,0.0,11.5,54.47,626.4
2026-02-24_U_ICU_S12_NIGHT,2026-02-24,U_ICU,S12_NIGHT,STF_ICU_026,Registered Nurse,Licensed,Overtime,11.5,0.0,11.5,52.81,607.32
2026-02-24_U_ICU_S12_NIGHT,2026-02-24,U_ICU,S12_NIGHT,STF_ICU_010,Registered Nurse,Licensed,Core Staff,11.5,0.0,11.5,48.57,558.55
2026-02-24_U_ICU_S12_NIGHT,2026-02-24,U_ICU,S12_NIGHT,STF_ICU_031,Certified Nursing Assistant,Unlicensed,Core Staff,11.5,0.0,11.5,30.42,349.83
2026-02-24_U_ICU_S12_NIGHT,2026-02-24,U_ICU,S12_NIGHT,STF_ICU_012,Registered Nurse,Licensed,Agency/Traveler,11.5,0.0,11.5,50.38,579.37
2026-02-24_U_ICU_S12_NIGHT,2026-02-24,U_ICU,S12_NIGHT,STF_ICU_027,Registered Nurse,Licensed,Core Staff,11.5,0.0,11.5,53.26,612.49
2026-02-24_U_ICU_S12_NIGHT,2026-02-24,U_ICU,S12_NIGHT,STF_ICU_033,Certified Nursing Assistant,Unlicensed,Core Staff,11.5,0.0,11.5,33.0,379.5
2026-02-24_U_INT_S08_DAY,2026-02-24,U_INT,S08_DAY,STF_INT_001,Certified Nursing Assistant,Unlicensed,Core Staff,7.5,0.0,7.5,35.73,267.97
2026-02-24_U_INT_S08_DAY,2026-02-24,U_INT,S08_DAY,STF_INT_036,Registered Nurse,Licensed,Float Pool,7.5,0.0,7.5,58.99,442.42
2026-02-24_U_INT_S08_DAY,2026-02-24,U_INT,S08_DAY,STF_INT_031,Registered Nurse,Licensed,Core Staff,7.5,0.0,7.5,59.34,445.05
2026-02-24_U_INT_S08_DAY,2026-02-24,U_INT,S08_DAY,STF_INT_018,Certified Nursing Assistant,Unlicensed,Core Staff,7.5,0.0,7.5,35.92,269.4
2026-02-24_U_INT_S08_DAY,2026-02-24,U_INT,S08_DAY,STF_INT_046,Registered Nurse,Licensed,Overtime,7.5,0.0,7.5,49.28,369.6
2026-02-24_U_INT_S08_DAY,2026-02-24,U_INT,S08_DAY,STF_INT_049,Registered Nurse,Licensed,Core Staff,7.5,0.0,7.5,48.71,365.32
2026-02-24_U_INT_S08_DAY,2026-02-24,U_INT,S08_DAY,STF_INT_043,Registered Nurse,Licensed,Overtime,7.5,0.0,7.5,56.21,421.58
2026-02-24_U_INT_S08_DAY,2026-02-24,U_INT,S08_DAY,STF_INT_048,Registered Nurse,Licensed,Core Staff,7.5,0.0,7.5,50.32,377.4
2026-02-24_U_INT_S08_EVE,2026-02-24,U_INT,S08_EVE,STF_INT_010,Certified Nursing Assistant,Unlicensed,Core Staff,7.5,0.0,7.5,33.04,247.8
2026-02-24_U_INT_S08_EVE,2026-02-24,U_INT,S08_EVE,STF_INT_056,Registered Nurse,Licensed,Core Staff,7.5,0.0,7.5,53.18,398.85
2026-02-24_U_INT_S08_EVE,2026-02-24,U_INT,S08_EVE,STF_INT_034,Licensed Practical Nurse,Licensed,Core Staff,7.5,0.0,7.5,42.79,320.92
2026-02-24_U_INT_S08_EVE,2026-02-24,U_INT,S08_EVE,STF_INT_064,Licensed Practical Nurse,Licensed,Core Staff,7.5,0.0,7.5,45.11,338.32
2026-02-24_U_INT_S08_EVE,2026-02-24,U_INT,S08_EVE,STF_INT_038,Registered Nurse,Licensed,Core Staff,7.5,0.0,7.5,50.73,380.48
2026-02-24_U_INT_S08_EVE,2026-02-24,U_INT,S08_EVE,STF_INT_022,Registered Nurse,Licensed,Core Staff,7.5,0.0,7.5,51.71,387.82
2026-02-24_U_INT_S08_EVE,2026-02-24,U_INT,S08_EVE,STF_INT_043,Registered Nurse,Licensed,Overtime,7.5,0.0,7.5,48.64,364.8
2026-02-24_U_INT_S08_EVE,2026-02-24,U_INT,S08_EVE,STF_INT_027,Licensed Practical Nurse,Licensed,Overtime,7.5,0.0,7.5,44.85,336.38
2026-02-24_U_INT_S08_NIGHT,2026-02-24,U_INT,S08_NIGHT,STF_INT_017,Certified Nursing Assistant,Unlicensed,Agency/Traveler,7.5,0.0,7.5,35.32,264.9
2026-02-24_U_INT_S08_NIGHT,2026-02-24,U_INT,S08_NIGHT,STF_INT_049,Registered Nurse,Licensed,Core Staff,7.5,0.0,7.5,52.38,392.85
2026-02-24_U_INT_S08_NIGHT,2026-02-24,U_INT,S08_NIGHT,STF_INT_028,Registered Nurse,Licensed,Core Staff,7.5,0.0,7.5,56.02,420.15
2026-02-24_U_INT_S08_NIGHT,2026-02-24,U_INT,S08_NIGHT,STF_INT_023,Registered Nurse,Licensed,Overtime,7.5,0.0,7.5,50.0,375.0
2026-02-24_U_INT_S08_NIGHT,2026-02-24,U_INT,S08_NIGHT,STF_INT_002,Registered Nurse,Licensed,Core Staff,5.5,2.0,7.5,48.29,362.18
2026-02-24_U_INT_S08_NIGHT,2026-02-24,U_INT,S08_NIGHT,STF_INT_010,Certified Nursing Assistant,Unlicensed,Core Staff,7.5,0.0,7.5,30.95,232.12
2026-02-24_U_INT_S08_NIGHT,2026-02-24,U_INT,S08_NIGHT,STF_INT_019,Registered Nurse,Licensed,Core Staff,7.5,0.0,7.5,49.12,368.4
2026-02-25_U_ICU_S12_DAY,2026-02-25,U_ICU,S12_DAY,STF_ICU_010,Registered Nurse,Licensed,Core Staff,11.5,0.0,11.5,51.68,594.32
2026-02-25_U_ICU_S12_DAY,2026-02-25,U_ICU,S12_DAY,STF_ICU_014,Registered Nurse,Licensed,Core Staff,11.5,0.0,11.5,52.9,608.35
2026-02-25_U_ICU_S12_DAY,2026-02-25,U_ICU,S12_DAY,STF_ICU_005,Registered Nurse,Licensed,Core Staff,11.5,0.0,11.5,59.27,681.6
2026-02-25_U_ICU_S12_DAY,2026-02-25,U_ICU,S12_DAY,STF_ICU_016,Registered Nurse,Licensed,Core Staff,11.5,0.0,11.5,55.9,642.85
2026-02-25_U_ICU_S12_DAY,2026-02-25,U_ICU,S12_DAY,STF_ICU_006,Registered Nurse,Licensed,Core Staff,11.5,0.0,11.5,55.71,640.66
2026-02-25_U_ICU_S12_DAY,2026-02-25,U_ICU,S12_DAY,STF_ICU_015,Registered Nurse,Licensed,Core Staff,11.5,0.0,11.5,55.55,638.82
2026-02-25_U_ICU_S12_NIGHT,2026-02-25,U_ICU,S12_NIGHT,STF_ICU_016,Registered Nurse,Licensed,Core Staff,11.5,0.0,11.5,54.05,621.57
2026-02-25_U_ICU_S12_NIGHT,2026-02-25,U_ICU,S12_NIGHT,STF_ICU_014,Registered Nurse,Licensed,Core Staff,11.5,0.0,11.5,51.45,591.68
2026-02-25_U_ICU_S12_NIGHT,2026-02-25,U_ICU,S12_NIGHT,STF_ICU_018,Registered Nurse,Licensed,Core Staff,11.5,0.0,11.5,53.62,616.63
2026-02-25_U_ICU_S12_NIGHT,2026-02-25,U_ICU,S12_NIGHT,STF_ICU_020,Registered Nurse,Licensed,Core Staff,11.5,0.0,11.5,57.56,661.94
2026-02-25_U_ICU_S12_NIGHT,2026-02-25,U_ICU,S12_NIGHT,STF_ICU_025,Registered Nurse,Licensed,Core Staff,11.5,0.0,11.5,56.34,647.91
2026-02-25_U_ICU_S12_NIGHT,2026-02-25,U_ICU,S12_NIGHT,STF_ICU_024,Registered Nurse,Licensed,Core Staff,11.5,0.0,11.5,56.31,647.57
2026-02-25_U_ICU_S12_NIGHT,2026-02-25,U_ICU,S12_NIGHT,STF_ICU_032,Certified Nursing Assistant,Unlicensed,Core Staff,11.5,0.0,11.5,31.55,362.82
2026-02-25_U_ICU_S12_NIGHT,2026-02-25,U_ICU,S12_NIGHT,STF_ICU_033,Certified Nursing Assistant,Unlicensed,Core Staff,11.5,0.0,11.5,32.0,368.0
2026-02-25_U_INT_S08_DAY,2026-02-25,U_INT,S08_DAY,STF_INT_012,Registered Nurse,Licensed,Core Staff,7.5,0.0,7.5,56.8,426.0
2026-02-25_U_INT_S08_DAY,2026-02-25,U_INT,S08_DAY,STF_INT_038,Registered Nurse,Licensed,Overtime,7.5,0.0,7.5,49.19,368.92
2026-02-25_U_INT_S08_DAY,2026-02-25,U_INT,S08_DAY,STF_INT_032,Registered Nurse,Licensed,Core Staff,7.5,0.0,7.5,48.13,360.98
2026-02-25_U_INT_S08_DAY,2026-02-25,U_INT,S08_DAY,STF_INT_018,Certified Nursing Assistant,Unlicensed,Core Staff,7.5,0.0,7.5,35.05,262.88
2026-02-25_U_INT_S08_DAY,2026-02-25,U_INT,S08_DAY,STF_INT_034,Licensed Practical Nurse,Licensed,Core Staff,7.5,0.0,7.5,42.74,320.55
2026-02-25_U_INT_S08_DAY,2026-02-25,U_INT,S08_DAY,STF_INT_056,Registered Nurse,Licensed,Core Staff,7.5,0.0,7.5,54.44,408.3
2026-02-25_U_INT_S08_DAY,2026-02-25,U_INT,S08_DAY,STF_INT_023,Registered Nurse,Licensed,Overtime,7.5,0.0,7.5,48.48,363.6
2026-02-25_U_INT_S08_DAY,2026-02-25,U_INT,S08_DAY,STF_INT_061,Registered Nurse,Licensed,Core Staff,7.5,0.0,7.5,56.25,421.88
2026-02-25_U_INT_S08_DAY,2026-02-25,U_INT,S08_DAY,STF_INT_004,Registered Nurse,Licensed,Core Staff,7.5,0.0,7.5,55.85,418.88
2026-02-25_U_INT_S08_DAY,2026-02-25,U_INT,S08_DAY,STF_INT_040,Certified Nursing Assistant,Unlicensed,Core Staff,7.5,0.0,7.5,30.41,228.08
2026-02-25_U_INT_S08_EVE,2026-02-25,U_INT,S08_EVE,STF_INT_035,Registered Nurse,Licensed,Float Pool,7.5,0.0,7.5,52.57,394.28
2026-02-25_U_INT_S08_EVE,2026-02-25,U_INT,S08_EVE,STF_INT_052,Licensed Practical Nurse,Licensed,Core Staff,7.5,0.0,7.5,40.52,303.9
2026-02-25_U_INT_S08_EVE,2026-02-25,U_INT,S08_EVE,STF_INT_056,Registered Nurse,Licensed,Core Staff,7.5,0.0,7.5,59.64,447.3
2026-02-25_U_INT_S08_EVE,2026-02-25,U_INT,S08_EVE,STF_INT_010,Certified Nursing Assistant,Unlicensed,Core Staff,7.5,0.0,7.5,30.89,231.68
2026-02-25_U_INT_S08_EVE,2026-02-25,U_INT,S08_EVE,STF_INT_055,Registered Nurse,Licensed,Core Staff,7.5,0.0,7.5,55.21,414.08
2026-02-25_U_INT_S08_EVE,2026-02-25,U_INT,S08_EVE,STF_INT_023,Registered Nurse,Licensed,Overtime,7.5,0.0,7.5,49.84,373.8
2026-02-25_U_INT_S08_EVE,2026-02-25,U_INT,S08_EVE,STF_INT_033,Registered Nurse,Licensed,Core Staff,7.5,0.0,7.5,55.54,416.55
2026-02-25_U_INT_S08_NIGHT,2026-02-25,U_INT,S08_NIGHT,STF_INT_021,Licensed Practical Nurse,Licensed,Core Staff,7.5,0.0,7.5,46.5,348.75
2026-02-25_U_INT_S08_NIGHT,2026-02-25,U_INT,S08_NIGHT,STF_INT_035,Registered Nurse,Licensed,Float Pool,7.5,0.0,7.5,57.36,430.2
2026-02-25_U_INT_S08_NIGHT,2026-02-25,U_INT,S08_NIGHT,STF_INT_044,Certified Nursing Assistant,Unlicensed,Core Staff,7.5,0.0,7.5,33.24,249.3
2026-02-25_U_INT_S08_NIGHT,2026-02-25,U_INT,S08_NIGHT,STF_INT_048,Registered Nurse,Licensed,Core Staff,7.5,0.0,7.5,56.14,421.05
2026-02-25_U_INT_S08_NIGHT,2026-02-25,U_INT,S08_NIGHT,STF_INT_026,Registered Nurse,Licensed,Core Staff,7.5,0.0,7.5,58.27,437.02
2026-02-25_U_INT_S08_NIGHT,2026-02-25,U_INT,S08_NIGHT,STF_INT_025,Registered Nurse,Licensed,Core Staff,7.5,0.0,7.5,58.22,436.65
2026-02-25_U_INT_S08_NIGHT,2026-02-25,U_INT,S08_NIGHT,STF_INT_006,Licensed Practical Nurse,Licensed,Core Staff,7.5,0.0,7.5,42.66,319.95
2026-02-25_U_INT_S08_NIGHT,2026-02-25,U_INT,S08_NIGHT,STF_INT_002,Registered Nurse,Licensed,Core Staff,7.5,0.0,7.5,49.33,369.98
2026-02-26_U_ICU_S12_DAY,2026-02-26,U_ICU,S12_DAY,STF_ICU_027,Registered Nurse,Licensed,Core Staff,11.5,0.0,11.5,51.59,593.29
2026-02-26_U_ICU_S12_DAY,2026-02-26,U_ICU,S12_DAY,STF_ICU_020,Registered Nurse,Licensed,Core Staff,11.5,0.0,11.5,51.9,596.85
2026-02-26_U_ICU_S12_DAY,2026-02-26,U_ICU,S12_DAY,STF_ICU_010,Registered Nurse,Licensed,Core Staff,11.5,0.0,11.5,57.38,659.87
2026-02-26_U_ICU_S12_DAY,2026-02-26,U_ICU,S12_DAY,STF_ICU_012,Registered Nurse,Licensed,Agency/Traveler,11.5,0.0,11.5,51.98,597.77
2026-02-26_U_ICU_S12_DAY,2026-02-26,U_ICU,S12_DAY,STF_ICU_030,Registered Nurse,Licensed,Core Staff,11.5,0.0,11.5,52.65,605.48
2026-02-26_U_ICU_S12_DAY,2026-02-26,U_ICU,S12_DAY,STF_ICU_023,Registered Nurse,Licensed,Core Staff,11.5,0.0,11.5,48.11,553.26
2026-02-26_U_ICU_S12_DAY,2026-02-26,U_ICU,S12_DAY,STF_ICU_033,Certified Nursing Assistant,Unlicensed,Core Staff,11.5,0.0,11.5,33.82,388.93
2026-02-26_U_ICU_S12_DAY,2026-02-26,U_ICU,S12_DAY,STF_ICU_008,Registered Nurse,Licensed,Float Pool,11.5,0.0,11.5,56.04,644.46
2026-02-26_U_ICU_S12_NIGHT,2026-02-26,U_ICU,S12_NIGHT,STF_ICU_033,Certified Nursing Assistant,Unlicensed,Core Staff,11.5,0.0,11.5,31.45,361.68
2026-02-26_U_ICU_S12_NIGHT,2026-02-26,U_ICU,S12_NIGHT,STF_ICU_001,Registered Nurse,Licensed,Core Staff,11.5,0.0,11.5,50.48,580.52
2026-02-26_U_ICU_S12_NIGHT,2026-02-26,U_ICU,S12_NIGHT,STF_ICU_005,Registered Nurse,Licensed,Core Staff,11.5,0.0,11.5,50.12,576.38
2026-02-26_U_ICU_S12_NIGHT,2026-02-26,U_ICU,S12_NIGHT,STF_ICU_020,Registered Nurse,Licensed,Core Staff,11.5,0.0,11.5,48.31,555.57
2026-02-26_U_ICU_S12_NIGHT,2026-02-26,U_ICU,S12_NIGHT,STF_ICU_011,Registered Nurse,Licensed,Core Staff,11.5,0.0,11.5,54.5,626.75
2026-02-26_U_ICU_S12_NIGHT,2026-02-26,U_ICU,S12_NIGHT,STF_ICU_035,Certified Nursing Assistant,Unlicensed,Agency/Traveler,11.5,0.0,11.5,33.41,384.22
2026-02-26_U_ICU_S12_NIGHT,2026-02-26,U_ICU,S12_NIGHT,STF_ICU_016,Registered Nurse,Licensed,Overtime,9.5,2.0,11.5,54.48,626.52
2026-02-26_U_ICU_S12_NIGHT,2026-02-26,U_ICU,S12_NIGHT,STF_ICU_021,Registered Nurse,Licensed,Core Staff,11.5,0.0,11.5,59.7,686.55
2026-02-26_U_INT_S08_DAY,2026-02-26,U_INT,S08_DAY,STF_INT_012,Registered Nurse,Licensed,Core Staff,7.5,0.0,7.5,58.34,437.55
2026-02-26_U_INT_S08_DAY,2026-02-26,U_INT,S08_DAY,STF_INT_018,Certified Nursing Assistant,Unlicensed,Core Staff,7.5,0.0,7.5,36.03,270.23
2026-02-26_U_INT_S08_DAY,2026-02-26,U_INT,S08_DAY,STF_INT_004,Registered Nurse,Licensed,Core Staff,7.5,0.0,7.5,53.45,400.88
2026-02-26_U_INT_S08_DAY,2026-02-26,U_INT,S08_DAY,STF_INT_016,Registered Nurse,Licensed,Core Staff,7.5,0.0,7.5,52.66,394.95
2026-02-26_U_INT_S08_DAY,2026-02-26,U_INT,S08_DAY,STF_INT_048,Registered Nurse,Licensed,Core Staff,7.5,0.0,7.5,55.95,419.62
2026-02-26_U_INT_S08_DAY,2026-02-26,U_INT,S08_DAY,STF_INT_041,Certified Nursing Assistant,Unlicensed,Overtime,7.5,0.0,7.5,30.17,226.28
2026-02-26_U_INT_S08_DAY,2026-02-26,U_INT,S08_DAY,STF_INT_020,Certified Nursing Assistant,Unlicensed,Core Staff,7.5,0.0,7.5,30.03,225.23
2026-02-26_U_INT_S08_DAY,2026-02-26,U_INT,S08_DAY,STF_INT_006,Licensed Practical Nurse,Licensed,Core Staff,7.5,0.0,7.5,39.6,297.0
2026-02-26_U_INT_S08_DAY,2026-02-26,U_INT,S08_DAY,STF_INT_049,Registered Nurse,Licensed,Overtime,7.5,0.0,7.5,59.43,445.72
2026-02-26_U_INT_S08_EVE,2026-02-26,U_INT,S08_EVE,STF_INT_001,Certified Nursing Assistant,Unlicensed,Core Staff,7.5,0.0,7.5,30.25,226.88
2026-02-26_U_INT_S08_EVE,2026-02-26,U_INT,S08_EVE,STF_INT_063,Licensed Practical Nurse,Licensed,Core Staff,7.5,0.0,7.5,43.46,325.95
2026-02-26_U_INT_S08_EVE,2026-02-26,U_INT,S08_EVE,STF_INT_009,Certified Nursing Assistant,Unlicensed,Float Pool,7.5,0.0,7.5,35.73,267.97
2026-02-26_U_INT_S08_EVE,2026-02-26,U_INT,S08_EVE,STF_INT_060,Registered Nurse,Licensed,Agency/Traveler,7.5,0.0,7.5,49.93,374.48
2026-02-26_U_INT_S08_EVE,2026-02-26,U_INT,S08_EVE,STF_INT_047,Certified Nursing Assistant,Unlicensed,Core Staff,7.5,0.0,7.5,36.02,270.15
2026-02-26_U_INT_S08_EVE,2026-02-26,U_INT,S08_EVE,STF_INT_032,Registered Nurse,Licensed,Core Staff,7.5,0.0,7.5,54.06,405.45
2026-02-26_U_INT_S08_EVE,2026-02-26,U_INT,S08_EVE,STF_INT_019,Registered Nurse,Licensed,Core Staff,7.5,0.0,7.5,55.94,419.55
2026-02-26_U_INT_S08_EVE,2026-02-26,U_INT,S08_EVE,STF_INT_007,Registered Nurse,Licensed,Core Staff,7.5,0.0,7.5,51.17,383.78
2026-02-26_U_INT_S08_NIGHT,2026-02-26,U_INT,S08_NIGHT,STF_INT_035,Registered Nurse,Licensed,Float Pool,5.5,2.0,7.5,55.56,416.7
2026-02-26_U_INT_S08_NIGHT,2026-02-26,U_INT,S08_NIGHT,STF_INT_047,Certified Nursing Assistant,Unlicensed,Core Staff,7.5,0.0,7.5,35.44,265.8
2026-02-26_U_INT_S08_NIGHT,2026-02-26,U_INT,S08_NIGHT,STF_INT_010,Certified Nursing Assistant,Unlicensed,Core Staff,7.5,0.0,7.5,32.28,242.1
2026-02-26_U_INT_S08_NIGHT,2026-02-26,U_INT,S08_NIGHT,STF_INT_005,Certified Nursing Assistant,Unlicensed,Core Staff,7.5,0.0,7.5,36.11,270.82
2026-02-26_U_INT_S08_NIGHT,2026-02-26,U_INT,S08_NIGHT,STF_INT_038,Registered Nurse,Licensed,Core Staff,7.5,0.0,7.5,53.56,401.7
2026-02-26_U_INT_S08_NIGHT,2026-02-26,U_INT,S08_NIGHT,STF_INT_057,Registered Nurse,Licensed,Core Staff,7.5,0.0,7.5,51.61,387.08
2026-02-26_U_INT_S08_NIGHT,2026-02-26,U_INT,S08_NIGHT,STF_INT_014,Registered Nurse,Licensed,Overtime,7.5,0.0,7.5,54.93,411.98
2026-02-27_U_ICU_S12_DAY,2026-02-27,U_ICU,S12_DAY,STF_ICU_009,Registered Nurse,Licensed,Core Staff,11.5,0.0,11.5,57.8,664.7
2026-02-27_U_ICU_S12_DAY,2026-02-27,U_ICU,S12_DAY,STF_ICU_002,Registered Nurse,Licensed,Overtime,11.5,0.0,11.5,53.99,620.88
2026-02-27_U_ICU_S12_DAY,2026-02-27,U_ICU,S12_DAY,STF_ICU_029,Registered Nurse,Licensed,Core Staff,11.5,0.0,11.5,57.13,657.0
2026-02-27_U_ICU_S12_DAY,2026-02-27,U_ICU,S12_DAY,STF_ICU_028,Registered Nurse,Licensed,Core Staff,11.5,0.0,11.5,48.41,556.71
2026-02-27_U_ICU_S12_DAY,2026-02-27,U_ICU,S12_DAY,STF_ICU_018,Registered Nurse,Licensed,Core Staff,11.5,0.0,11.5,49.14,565.11
2026-02-27_U_ICU_S12_DAY,2026-02-27,U_ICU,S12_DAY,STF_ICU_019,Registered Nurse,Licensed,Core Staff,11.5,0.0,11.5,53.23,612.14
2026-02-27_U_ICU_S12_DAY,2026-02-27,U_ICU,S12_DAY,STF_ICU_023,Registered Nurse,Licensed,Agency/Traveler,11.5,0.0,11.5,54.97,632.16
2026-02-27_U_ICU_S12_NIGHT,2026-02-27,U_ICU,S12_NIGHT,STF_ICU_022,Registered Nurse,Licensed,Core Staff,9.5,2.0,11.5,57.87,665.5
2026-02-27_U_ICU_S12_NIGHT,2026-02-27,U_ICU,S12_NIGHT,STF_ICU_034,Certified Nursing Assistant,Unlicensed,Agency/Traveler,11.5,0.0,11.5,32.43,372.94
2026-02-27_U_ICU_S12_NIGHT,2026-02-27,U_ICU,S12_NIGHT,STF_ICU_002,Registered Nurse,Licensed,Agency/Traveler,11.5,0.0,11.5,58.32,670.68
2026-02-27_U_ICU_S12_NIGHT,2026-02-27,U_ICU,S12_NIGHT,STF_ICU_016,Registered Nurse,Licensed,Core Staff,11.5,0.0,11.5,49.17,565.46
2026-02-27_U_ICU_S12_NIGHT,2026-02-27,U_ICU,S12_NIGHT,STF_ICU_033,Certified Nursing Assistant,Unlicensed,Core Staff,11.5,0.0,11.5,30.1,346.15
2026-02-27_U_ICU_S12_NIGHT,2026-02-27,U_ICU,S12_NIGHT,STF_ICU_029,Registered Nurse,Licensed,Core Staff,11.5,0.0,11.5,58.2,669.3
2026-02-27_U_ICU_S12_NIGHT,2026-02-27,U_ICU,S12_NIGHT,STF_ICU_018,Registered Nurse,Licensed,Core Staff,11.5,0.0,11.5,51.11,587.76
2026-02-27_U_INT_S08_DAY,2026-02-27,U_INT,S08_DAY,STF_INT_043,Registered Nurse,Licensed,Overtime,7.5,0.0,7.5,56.08,420.6
2026-02-27_U_INT_S08_DAY,2026-02-27,U_INT,S08_DAY,STF_INT_019,Registered Nurse,Licensed,Core Staff,7.5,0.0,7.5,58.99,442.42
2026-02-27_U_INT_S08_DAY,2026-02-27,U_INT,S08_DAY,STF_INT_036,Registered Nurse,Licensed,Core Staff,7.5,0.0,7.5,58.78,440.85
2026-02-27_U_INT_S08_DAY,2026-02-27,U_INT,S08_DAY,STF_INT_054,Registered Nurse,Licensed,Float Pool,7.5,0.0,7.5,48.8,366.0
2026-02-27_U_INT_S08_DAY,2026-02-27,U_INT,S08_DAY,STF_INT_062,Certified Nursing Assistant,Unlicensed,Core Staff,7.5,0.0,7.5,32.67,245.02
2026-02-27_U_INT_S08_DAY,2026-02-27,U_INT,S08_DAY,STF_INT_064,Licensed Practical Nurse,Licensed,Core Staff,7.5,0.0,7.5,39.58,296.85
2026-02-27_U_INT_S08_DAY,2026-02-27,U_INT,S08_DAY,STF_INT_009,Certified Nursing Assistant,Unlicensed,Float Pool,7.5,0.0,7.5,32.21,241.58
2026-02-27_U_INT_S08_DAY,2026-02-27,U_INT,S08_DAY,STF_INT_034,Licensed Practical Nurse,Licensed,Core Staff,7.5,0.0,7.5,42.08,315.6
2026-02-27_U_INT_S08_EVE,2026-02-27,U_INT,S08_EVE,STF_INT_058,Registered Nurse,Licensed,Float Pool,7.5,0.0,7.5,59.3,444.75
2026-02-27_U_INT_S08_EVE,2026-02-27,U_INT,S08_EVE,STF_INT_033,Registered Nurse,Licensed,Core Staff,7.5,0.0,7.5,55.2,414.0
2026-02-27_U_INT_S08_EVE,2026-02-27,U_INT,S08_EVE,STF_INT_026,Registered Nurse,Licensed,Core Staff,7.5,0.0,7.5,54.64,409.8
2026-02-27_U_INT_S08_EVE,2026-02-27,U_INT,S08_EVE,STF_INT_032,Registered Nurse,Licensed,Core Staff,7.5,0.0,7.5,52.0,390.0
2026-02-27_U_INT_S08_EVE,2026-02-27,U_INT,S08_EVE,STF_INT_031,Registered Nurse,Licensed,Core Staff,5.5,2.0,7.5,53.92,404.4
2026-02-27_U_INT_S08_EVE,2026-02-27,U_INT,S08_EVE,STF_INT_015,Registered Nurse,Licensed,Core Staff,7.5,0.0,7.5,55.27,414.52
2026-02-27_U_INT_S08_EVE,2026-02-27,U_INT,S08_EVE,STF_INT_023,Registered Nurse,Licensed,Overtime,7.5,0.0,7.5,56.39,422.92
2026-02-27_U_INT_S08_EVE,2026-02-27,U_INT,S08_EVE,STF_INT_060,Registered Nurse,Licensed,Agency/Traveler,7.5,0.0,7.5,58.03,435.22
2026-02-27_U_INT_S08_NIGHT,2026-02-27,U_INT,S08_NIGHT,STF_INT_061,Registered Nurse,Licensed,Core Staff,7.5,0.0,7.5,48.26,361.95
2026-02-27_U_INT_S08_NIGHT,2026-02-27,U_INT,S08_NIGHT,STF_INT_001,Certified Nursing Assistant,Unlicensed,Core Staff,7.5,0.0,7.5,30.35,227.62
2026-02-27_U_INT_S08_NIGHT,2026-02-27,U_INT,S08_NIGHT,STF_INT_009,Certified Nursing Assistant,Unlicensed,Float Pool,7.5,0.0,7.5,34.67,260.03
2026-02-27_U_INT_S08_NIGHT,2026-02-27,U_INT,S08_NIGHT,STF_INT_053,Certified Nursing Assistant,Unlicensed,Agency/Traveler,7.5,0.0,7.5,34.52,258.9
2026-02-27_U_INT_S08_NIGHT,2026-02-27,U_INT,S08_NIGHT,STF_INT_016,Registered Nurse,Licensed,Core Staff,7.5,0.0,7.5,54.4,408.0
2026-02-27_U_INT_S08_NIGHT,2026-02-27,U_INT,S08_NIGHT,STF_INT_030,Licensed Practical Nurse,Licensed,Core Staff,7.5,0.0,7.5,41.15,308.62
2026-02-27_U_INT_S08_NIGHT,2026-02-27,U_INT,S08_NIGHT,STF_INT_042,Registered Nurse,Licensed,Overtime,7.5,0.0,7.5,52.87,396.52
2026-02-28_U_ICU_S12_DAY,2026-02-28,U_ICU,S12_DAY,STF_ICU_033,Certified Nursing Assistant,Unlicensed,Core Staff,11.5,0.0,11.5,34.67,398.71
2026-02-28_U_ICU_S12_DAY,2026-02-28,U_ICU,S12_DAY,STF_ICU_003,Registered Nurse,Licensed,Core Staff,11.5,0.0,11.5,56.59,650.79
2026-02-28_U_ICU_S12_DAY,2026-02-28,U_ICU,S12_DAY,STF_ICU_031,Certified Nursing Assistant,Unlicensed,Core Staff,11.5,0.0,11.5,35.78,411.47
2026-02-28_U_ICU_S12_DAY,2026-02-28,U_ICU,S12_DAY,STF_ICU_001,Registered Nurse,Licensed,Agency/Traveler,11.5,0.0,11.5,49.5,569.25
2026-02-28_U_ICU_S12_DAY,2026-02-28,U_ICU,S12_DAY,STF_ICU_022,Registered Nurse,Licensed,Core Staff,11.5,0.0,11.5,50.08,575.92
2026-02-28_U_ICU_S12_DAY,2026-02-28,U_ICU,S12_DAY,STF_ICU_025,Registered Nurse,Licensed,Core Staff,11.5,0.0,11.5,58.58,673.67
2026-02-28_U_ICU_S12_NIGHT,2026-02-28,U_ICU,S12_NIGHT,STF_ICU_025,Registered Nurse,Licensed,Core Staff,11.5,0.0,11.5,59.97,689.66
2026-02-28_U_ICU_S12_NIGHT,2026-02-28,U_ICU,S12_NIGHT,STF_ICU_010,Registered Nurse,Licensed,Core Staff,11.5,0.0,11.5,54.62,628.13
2026-02-28_U_ICU_S12_NIGHT,2026-02-28,U_ICU,S12_NIGHT,STF_ICU_026,Registered Nurse,Licensed,Overtime,11.5,0.0,11.5,58.75,675.62
2026-02-28_U_ICU_S12_NIGHT,2026-02-28,U_ICU,S12_NIGHT,STF_ICU_022,Registered Nurse,Licensed,Core Staff,11.5,0.0,11.5,54.54,627.21
2026-02-28_U_ICU_S12_NIGHT,2026-02-28,U_ICU,S12_NIGHT,STF_ICU_030,Registered Nurse,Licensed,Core Staff,11.5,0.0,11.5,52.58,604.67
2026-02-28_U_ICU_S12_NIGHT,2026-02-28,U_ICU,S12_NIGHT,STF_ICU_023,Registered Nurse,Licensed,Float Pool,11.5,0.0,11.5,59.77,687.36
2026-02-28_U_INT_S08_DAY,2026-02-28,U_INT,S08_DAY,STF_INT_006,Licensed Practical Nurse,Licensed,Core Staff,7.5,0.0,7.5,40.94,307.05
2026-02-28_U_INT_S08_DAY,2026-02-28,U_INT,S08_DAY,STF_INT_019,Registered Nurse,Licensed,Core Staff,5.5,2.0,7.5,51.97,389.78
2026-02-28_U_INT_S08_DAY,2026-02-28,U_INT,S08_DAY,STF_INT_028,Registered Nurse,Licensed,Core Staff,7.5,0.0,7.5,54.42,408.15
2026-02-28_U_INT_S08_DAY,2026-02-28,U_INT,S08_DAY,STF_INT_026,Registered Nurse,Licensed,Core Staff,7.5,0.0,7.5,51.44,385.8
2026-02-28_U_INT_S08_DAY,2026-02-28,U_INT,S08_DAY,STF_INT_024,Licensed Practical Nurse,Licensed,Core Staff,7.5,0.0,7.5,43.6,327.0
2026-02-28_U_INT_S08_DAY,2026-02-28,U_INT,S08_DAY,STF_INT_003,Registered Nurse,Licensed,Core Staff,5.5,2.0,7.5,54.55,409.12
2026-02-28_U_INT_S08_DAY,2026-02-28,U_INT,S08_DAY,STF_INT_037,Certified Nursing Assistant,Unlicensed,Core Staff,7.5,0.0,7.5,35.74,268.05
2026-02-28_U_INT_S08_DAY,2026-02-28,U_INT,S08_DAY,STF_INT_042,Registered Nurse,Licensed,Overtime,7.5,0.0,7.5,52.99,397.42
2026-02-28_U_INT_S08_EVE,2026-02-28,U_INT,S08_EVE,STF_INT_024,Licensed Practical Nurse,Licensed,Core Staff,7.5,0.0,7.5,40.1,300.75
2026-02-28_U_INT_S08_EVE,2026-02-28,U_INT,S08_EVE,STF_INT_033,Registered Nurse,Licensed,Core Staff,7.5,0.0,7.5,59.14,443.55
2026-02-28_U_INT_S08_EVE,2026-02-28,U_INT,S08_EVE,STF_INT_041,Certified Nursing Assistant,Unlicensed,Overtime,7.5,0.0,7.5,31.25,234.38
2026-02-28_U_INT_S08_EVE,2026-02-28,U_INT,S08_EVE,STF_INT_027,Licensed Practical Nurse,Licensed,Overtime,7.5,0.0,7.5,41.65,312.38
2026-02-28_U_INT_S08_EVE,2026-02-28,U_INT,S08_EVE,STF_INT_006,Licensed Practical Nurse,Licensed,Core Staff,7.5,0.0,7.5,42.18,316.35
2026-02-28_U_INT_S08_EVE,2026-02-28,U_INT,S08_EVE,STF_INT_061,Registered Nurse,Licensed,Core Staff,7.5,0.0,7.5,50.9,381.75
2026-02-28_U_INT_S08_EVE,2026-02-28,U_INT,S08_EVE,STF_INT_047,Certified Nursing Assistant,Unlicensed,Overtime,7.5,0.0,7.5,35.63,267.23
2026-02-28_U_INT_S08_EVE,2026-02-28,U_INT,S08_EVE,STF_INT_050,Registered Nurse,Licensed,Float Pool,7.5,0.0,7.5,52.04,390.3
2026-02-28_U_INT_S08_NIGHT,2026-02-28,U_INT,S08_NIGHT,STF_INT_022,Registered Nurse,Licensed,Core Staff,7.5,0.0,7.5,58.74,440.55
2026-02-28_U_INT_S08_NIGHT,2026-02-28,U_INT,S08_NIGHT,STF_INT_060,Registered Nurse,Licensed,Agency/Traveler,7.5,0.0,7.5,52.34,392.55
2026-02-28_U_INT_S08_NIGHT,2026-02-28,U_INT,S08_NIGHT,STF_INT_041,Certified Nursing Assistant,Unlicensed,Overtime,7.5,0.0,7.5,34.82,261.15
2026-02-28_U_INT_S08_NIGHT,2026-02-28,U_INT,S08_NIGHT,STF_INT_013,Registered Nurse,Licensed,Core Staff,7.5,0.0,7.5,59.1,443.25
2026-02-28_U_INT_S08_NIGHT,2026-02-28,U_INT,S08_NIGHT,STF_INT_040,Certified Nursing Assistant,Unlicensed,Core Staff,7.5,0.0,7.5,35.14,263.55
2026-02-28_U_INT_S08_NIGHT,2026-02-28,U_INT,S08_NIGHT,STF_INT_023,Registered Nurse,Licensed,Overtime,7.5,0.0,7.5,58.49,438.68
2026-02-28_U_INT_S08_NIGHT,2026-02-28,U_INT,S08_NIGHT,STF_INT_033,Registered Nurse,Licensed,Core Staff,7.5,0.0,7.5,53.78,403.35
2026-03-01_U_ICU_S12_DAY,2026-03-01,U_ICU,S12_DAY,STF_ICU_005,Registered Nurse,Licensed,Core Staff,11.5,0.0,11.5,51.13,588.0
2026-03-01_U_ICU_S12_DAY,2026-03-01,U_ICU,S12_DAY,STF_ICU_034,Certified Nursing Assistant,Unlicensed,Agency/Traveler,11.5,0.0,11.5,33.17,381.46
2026-03-01_U_ICU_S12_DAY,2026-03-01,U_ICU,S12_DAY,STF_ICU_016,Registered Nurse,Licensed,Core Staff,11.5,0.0,11.5,58.34,670.91
2026-03-01_U_ICU_S12_DAY,2026-03-01,U_ICU,S12_DAY,STF_ICU_021,Registered Nurse,Licensed,Core Staff,11.5,0.0,11.5,51.47,591.9
2026-03-01_U_ICU_S12_DAY,2026-03-01,U_ICU,S12_DAY,STF_ICU_001,Registered Nurse,Licensed,Core Staff,11.5,0.0,11.5,51.27,589.6
2026-03-01_U_ICU_S12_DAY,2026-03-01,U_ICU,S12_DAY,STF_ICU_002,Registered Nurse,Licensed,Agency/Traveler,11.5,0.0,11.5,48.61,559.02
2026-03-01_U_ICU_S12_DAY,2026-03-01,U_ICU,S12_DAY,STF_ICU_025,Registered Nurse,Licensed,Agency/Traveler,11.5,0.0,11.5,57.01,655.62
2026-03-01_U_ICU_S12_DAY,2026-03-01,U_ICU,S12_DAY,STF_ICU_009,Registered Nurse,Licensed,Core Staff,11.5,0.0,11.5,56.82,653.43
2026-03-01_U_ICU_S12_NIGHT,2026-03-01,U_ICU,S12_NIGHT,STF_ICU_033,Certified Nursing Assistant,Unlicensed,Core Staff,11.5,0.0,11.5,35.18,404.57
2026-03-01_U_ICU_S12_NIGHT,2026-03-01,U_ICU,S12_NIGHT,STF_ICU_010,Registered Nurse,Licensed,Core Staff,11.5,0.0,11.5,54.3,624.45
2026-03-01_U_ICU_S12_NIGHT,2026-03-01,U_ICU,S12_NIGHT,STF_ICU_020,Registered Nurse,Licensed,Core Staff,11.5,0.0,11.5,50.23,577.64
2026-03-01_U_ICU_S12_NIGHT,2026-03-01,U_ICU,S12_NIGHT,STF_ICU_034,Certified Nursing Assistant,Unlicensed,Agency/Traveler,11.5,0.0,11.5,31.2,358.8
2026-03-01_U_ICU_S12_NIGHT,2026-03-01,U_ICU,S12_NIGHT,STF_ICU_019,Registered Nurse,Licensed,Core Staff,11.5,0.0,11.5,55.83,642.04
2026-03-01_U_ICU_S12_NIGHT,2026-03-01,U_ICU,S12_NIGHT,STF_ICU_028,Registered Nurse,Licensed,Core Staff,11.5,0.0,11.5,58.93,677.7
2026-03-01_U_ICU_S12_NIGHT,2026-03-01,U_ICU,S12_NIGHT,STF_ICU_006,Registered Nurse,Licensed,Core Staff,11.5,0.0,11.5,55.07,633.3
2026-03-01_U_ICU_S12_NIGHT,2026-03-01,U_ICU,S12_NIGHT,STF_ICU_029,Registered Nurse,Licensed,Core Staff,11.5,0.0,11.5,52.87,608.0
2026-03-01_U_INT_S08_DAY,2026-03-01,U_INT,S08_DAY,STF_INT_011,Certified Nursing Assistant,Unlicensed,Float Pool,7.5,0.0,7.5,36.32,272.4
2026-03-01_U_INT_S08_DAY,2026-03-01,U_INT,S08_DAY,STF_INT_047,Certified Nursing Assistant,Unlicensed,Core Staff,7.5,0.0,7.5,32.43,243.22
2026-03-01_U_INT_S08_DAY,2026-03-01,U_INT,S08_DAY,STF_INT_013,Registered Nurse,Licensed,Agency/Traveler,7.5,0.0,7.5,51.19,383.92
2026-03-01_U_INT_S08_DAY,2026-03-01,U_INT,S08_DAY,STF_INT_025,Registered Nurse,Licensed,Core Staff,7.5,0.0,7.5,51.68,387.6
2026-03-01_U_INT_S08_DAY,2026-03-01,U_INT,S08_DAY,STF_INT_056,Registered Nurse,Licensed,Core Staff,7.5,0.0,7.5,52.71,395.32
2026-03-01_U_INT_S08_DAY,2026-03-01,U_INT,S08_DAY,STF_INT_036,Registered Nurse,Licensed,Core Staff,7.5,0.0,7.5,57.95,434.62
2026-03-01_U_INT_S08_DAY,2026-03-01,U_INT,S08_DAY,STF_INT_003,Registered Nurse,Licensed,Core Staff,7.5,0.0,7.5,54.14,406.05
2026-03-01_U_INT_S08_DAY,2026-03-01,U_INT,S08_DAY,STF_INT_031,Registered Nurse,Licensed,Core Staff,7.5,0.0,7.5,59.87,449.02
2026-03-01_U_INT_S08_DAY,2026-03-01,U_INT,S08_DAY,STF_INT_053,Certified Nursing Assistant,Unlicensed,Agency/Traveler,7.5,0.0,7.5,32.8,246.0
2026-03-01_U_INT_S08_EVE,2026-03-01,U_INT,S08_EVE,STF_INT_058,Registered Nurse,Licensed,Float Pool,7.5,0.0,7.5,53.44,400.8
2026-03-01_U_INT_S08_EVE,2026-03-01,U_INT,S08_EVE,STF_INT_053,Certified Nursing Assistant,Unlicensed,Agency/Traveler,7.5,0.0,7.5,31.31,234.82
2026-03-01_U_INT_S08_EVE,2026-03-01,U_INT,S08_EVE,STF_INT_040,Certified Nursing Assistant,Unlicensed,Core Staff,7.5,0.0,7.5,31.21,234.08
2026-03-01_U_INT_S08_EVE,2026-03-01,U_INT,S08_EVE,STF_INT_046,Registered Nurse,Licensed,Overtime,7.5,0.0,7.5,58.78,440.85
2026-03-01_U_INT_S08_EVE,2026-03-01,U_INT,S08_EVE,STF_INT_006,Licensed Practical Nurse,Licensed,Core Staff,7.5,0.0,7.5,45.37,340.28
2026-03-01_U_INT_S08_EVE,2026-03-01,U_INT,S08_EVE,STF_INT_026,Registered Nurse,Licensed,Core Staff,7.5,0.0,7.5,54.3,407.25
2026-03-01_U_INT_S08_EVE,2026-03-01,U_INT,S08_EVE,STF_INT_029,Licensed Practical Nurse,Licensed,Core Staff,7.5,0.0,7.5,44.01,330.08
2026-03-01_U_INT_S08_EVE,2026-03-01,U_INT,S08_EVE,STF_INT_019,Registered Nurse,Licensed,Core Staff,7.5,0.0,7.5,55.47,416.02
2026-03-01_U_INT_S08_NIGHT,2026-03-01,U_INT,S08_NIGHT,STF_INT_017,Certified Nursing Assistant,Unlicensed,Agency/Traveler,7.5,0.0,7.5,31.32,234.9
2026-03-01_U_INT_S08_NIGHT,2026-03-01,U_INT,S08_NIGHT,STF_INT_010,Certified Nursing Assistant,Unlicensed,Core Staff,7.5,0.0,7.5,32.14,241.05
2026-03-01_U_INT_S08_NIGHT,2026-03-01,U_INT,S08_NIGHT,STF_INT_058,Registered Nurse,Licensed,Float Pool,7.5,0.0,7.5,55.05,412.88
2026-03-01_U_INT_S08_NIGHT,2026-03-01,U_INT,S08_NIGHT,STF_INT_027,Licensed Practical Nurse,Licensed,Overtime,7.5,0.0,7.5,43.7,327.75
2026-03-02_U_ICU_S12_DAY,2026-03-02,U_ICU,S12_DAY,STF_ICU_031,Certified Nursing Assistant,Unlicensed,Core Staff,11.5,0.0,11.5,35.81,411.82
2026-03-02_U_ICU_S12_DAY,2026-03-02,U_ICU,S12_DAY,STF_ICU_012,Registered Nurse,Licensed,Agency/Traveler,11.5,0.0,11.5,54.04,621.46
2026-03-02_U_ICU_S12_DAY,2026-03-02,U_ICU,S12_DAY,STF_ICU_035,Certified Nursing Assistant,Unlicensed,Agency/Traveler,11.5,0.0,11.5,33.94,390.31
2026-03-02_U_ICU_S12_DAY,2026-03-02,U_ICU,S12_DAY,STF_ICU_026,Registered Nurse,Licensed,Overtime,11.5,0.0,11.5,56.87,654.0
2026-03-02_U_ICU_S12_DAY,2026-03-02,U_ICU,S12_DAY,STF_ICU_008,Registered Nurse,Licensed,Float Pool,11.5,0.0,11.5,52.75,606.62
2026-03-02_U_ICU_S12_DAY,2026-03-02,U_ICU,S12_DAY,STF_ICU_005,Registered Nurse,Licensed,Core Staff,11.5,0.0,11.5,50.17,576.96
2026-03-02_U_ICU_S12_DAY,2026-03-02,U_ICU,S12_DAY,STF_ICU_013,Registered Nurse,Licensed,Overtime,11.5,0.0,11.5,49.11,564.76
2026-03-02_U_ICU_S12_DAY,2026-03-02,U_ICU,S12_DAY,STF_ICU_007,Registered Nurse,Licensed,Core Staff,11.5,0.0,11.5,51.28,589.72
2026-03-02_U_ICU_S12_NIGHT,2026-03-02,U_ICU,S12_NIGHT,STF_ICU_021,Registered Nurse,Licensed,Core Staff,11.5,0.0,11.5,54.44,626.06
2026-03-02_U_ICU_S12_NIGHT,2026-03-02,U_ICU,S12_NIGHT,STF_ICU_014,Registered Nurse,Licensed,Core Staff,11.5,0.0,11.5,53.78,618.47
2026-03-02_U_ICU_S12_NIGHT,2026-03-02,U_ICU,S12_NIGHT,STF_ICU_009,Registered Nurse,Licensed,Core Staff,11.5,0.0,11.5,59.43,683.44
2026-03-02_U_ICU_S12_NIGHT,2026-03-02,U_ICU,S12_NIGHT,STF_ICU_007,Registered Nurse,Licensed,Core Staff,11.5,0.0,11.5,49.54,569.71
2026-03-02_U_ICU_S12_NIGHT,2026-03-02,U_ICU,S12_NIGHT,STF_ICU_034,Certified Nursing Assistant,Unlicensed,Agency/Traveler,11.5,0.0,11.5,35.02,402.73
2026-03-02_U_ICU_S12_NIGHT,2026-03-02,U_ICU,S12_NIGHT,STF_ICU_018,Registered Nurse,Licensed,Core Staff,11.5,0.0,11.5,54.03,621.34
2026-03-02_U_INT_S08_DAY,2026-03-02,U_INT,S08_DAY,STF_INT_062,Certified Nursing Assistant,Unlicensed,Core Staff,7.5,0.0,7.5,31.84,238.8
2026-03-02_U_INT_S08_DAY,2026-03-02,U_INT,S08_DAY,STF_INT_049,Registered Nurse,Licensed,Overtime,7.5,0.0,7.5,51.93,389.48
2026-03-02_U_INT_S08_DAY,2026-03-02,U_INT,S08_DAY,STF_INT_007,Registered Nurse,Licensed,Core Staff,7.5,0.0,7.5,56.08,420.6
2026-03-02_U_INT_S08_DAY,2026-03-02,U_INT,S08_DAY,STF_INT_035,Registered Nurse,Licensed,Float Pool,7.5,0.0,7.5,49.79,373.42
2026-03-02_U_INT_S08_DAY,2026-03-02,U_INT,S08_DAY,STF_INT_005,Certified Nursing Assistant,Unlicensed,Overtime,7.5,0.0,7.5,31.52,236.4
2026-03-02_U_INT_S08_DAY,2026-03-02,U_INT,S08_DAY,STF_INT_048,Registered Nurse,Licensed,Core Staff,7.5,0.0,7.5,51.63,387.22
2026-03-02_U_INT_S08_DAY,2026-03-02,U_INT,S08_DAY,STF_INT_018,Certified Nursing Assistant,Unlicensed,Core Staff,7.5,0.0,7.5,30.81,231.08
2026-03-02_U_INT_S08_DAY,2026-03-02,U_INT,S08_DAY,STF_INT_028,Registered Nurse,Licensed,Core Staff,7.5,0.0,7.5,50.6,379.5
2026-03-02_U_INT_S08_EVE,2026-03-02,U_INT,S08_EVE,STF_INT_055,Registered Nurse,Licensed,Core Staff,7.5,0.0,7.5,55.17,413.78
2026-03-02_U_INT_S08_EVE,2026-03-02,U_INT,S08_EVE,STF_INT_057,Registered Nurse,Licensed,Core Staff,7.5,0.0,7.5,58.87,441.52
2026-03-02_U_INT_S08_EVE,2026-03-02,U_INT,S08_EVE,STF_INT_056,Registered Nurse,Licensed,Core Staff,7.5,0.0,7.5,51.46,385.95
2026-03-02_U_INT_S08_EVE,2026-03-02,U_INT,S08_EVE,STF_INT_032,Registered Nurse,Licensed,Core Staff,7.5,0.0,7.5,58.59,439.42
2026-03-02_U_INT_S08_EVE,2026-03-02,U_INT,S08_EVE,STF_INT_039,Registered Nurse,Licensed,Float Pool,7.5,0.0,7.5,53.5,401.25
2026-03-02_U_INT_S08_EVE,2026-03-02,U_INT,S08_EVE,STF_INT_034,Licensed Practical Nurse,Licensed,Core Staff,7.5,0.0,7.5,45.89,344.18
2026-03-02_U_INT_S08_EVE,2026-03-02,U_INT,S08_EVE,STF_INT_052,Licensed Practical Nurse,Licensed,Core Staff,7.5,0.0,7.5,44.67,335.02
2026-03-02_U_INT_S08_EVE,2026-03-02,U_INT,S08_EVE,STF_INT_050,Registered Nurse,Licensed,Float Pool,7.5,0.0,7.5,51.97,389.78
2026-03-02_U_INT_S08_NIGHT,2026-03-02,U_INT,S08_NIGHT,STF_INT_055,Registered Nurse,Licensed,Core Staff,7.5,0.0,7.5,55.0,412.5
2026-03-02_U_INT_S08_NIGHT,2026-03-02,U_INT,S08_NIGHT,STF_INT_020,Certified Nursing Assistant,Unlicensed,Agency/Traveler,7.5,0.0,7.5,35.89,269.18
2026-03-02_U_INT_S08_NIGHT,2026-03-02,U_INT,S08_NIGHT,STF_INT_061,Registered Nurse,Licensed,Core Staff,7.5,0.0,7.5,52.99,397.42
2026-03-02_U_INT_S08_NIGHT,2026-03-02,U_INT,S08_NIGHT,STF_INT_048,Registered Nurse,Licensed,Core Staff,7.5,0.0,7.5,58.31,437.33
2026-03-02_U_INT_S08_NIGHT,2026-03-02,U_INT,S08_NIGHT,STF_INT_007,Registered Nurse,Licensed,Core Staff,7.5,0.0,7.5,49.73,372.98
2026-03-02_U_INT_S08_NIGHT,2026-03-02,U_INT,S08_NIGHT,STF_INT_052,Licensed Practical Nurse,Licensed,Core Staff,7.5,0.0,7.5,44.99,337.42
2026-03-03_U_ICU_S12_DAY,2026-03-03,U_ICU,S12_DAY,STF_ICU_009,Registered Nurse,Licensed,Core Staff,11.5,0.0,11.5,55.82,641.93
2026-03-03_U_ICU_S12_DAY,2026-03-03,U_ICU,S12_DAY,STF_ICU_005,Registered Nurse,Licensed,Core Staff,11.5,0.0,11.5,48.84,561.66
2026-03-03_U_ICU_S12_DAY,2026-03-03,U_ICU,S12_DAY,STF_ICU_008,Registered Nurse,Licensed,Float Pool,11.5,0.0,11.5,56.86,653.89
2026-03-03_U_ICU_S12_DAY,2026-03-03,U_ICU,S12_DAY,STF_ICU_001,Registered Nurse,Licensed,Core Staff,11.5,0.0,11.5,57.23,658.14
2026-03-03_U_ICU_S12_DAY,2026-03-03,U_ICU,S12_DAY,STF_ICU_021,Registered Nurse,Licensed,Agency/Traveler,11.5,0.0,11.5,58.54,673.21
2026-03-03_U_ICU_S12_DAY,2026-03-03,U_ICU,S12_DAY,STF_ICU_004,Registered Nurse,Licensed,Core Staff,11.5,0.0,11.5,52.6,604.9
2026-03-03_U_ICU_S12_NIGHT,2026-03-03,U_ICU,S12_NIGHT,STF_ICU_013,Registered Nurse,Licensed,Overtime,11.5,0.0,11.5,51.28,589.72
2026-03-03_U_ICU_S12_NIGHT,2026-03-03,U_ICU,S12_NIGHT,STF_ICU_001,Registered Nurse,Licensed,Core Staff,11.5,0.0,11.5,58.12,668.38
2026-03-03_U_ICU_S12_NIGHT,2026-03-03,U_ICU,S12_NIGHT,STF_ICU_014,Registered Nurse,Licensed,Core Staff,9.5,2.0,11.5,58.86,676.89
2026-03-03_U_ICU_S12_NIGHT,2026-03-03,U_ICU,S12_NIGHT,STF_ICU_010,Registered Nurse,Licensed,Core Staff,11.5,0.0,11.5,50.63,582.24
2026-03-03_U_ICU_S12_NIGHT,2026-03-03,U_ICU,S12_NIGHT,STF_ICU_031,Certified Nursing Assistant,Unlicensed,Core Staff,11.5,0.0,11.5,35.81,411.82
2026-03-03_U_ICU_S12_NIGHT,2026-03-03,U_ICU,S12_NIGHT,STF_ICU_017,Registered Nurse,Licensed,Core Staff,11.5,0.0,11.5,58.02,667.23
2026-03-03_U_INT_S08_DAY,2026-03-03,U_INT,S08_DAY,STF_INT_049,Registered Nurse,Licensed,Core Staff,7.5,0.0,7.5,51.4,385.5
2026-03-03_U_INT_S08_DAY,2026-03-03,U_INT,S08_DAY,STF_INT_026,Registered Nurse,Licensed,Core Staff,7.5,0.0,7.5,55.22,414.15
2026-03-03_U_INT_S08_DAY,2026-03-03,U_INT,S08_DAY,STF_INT_029,Licensed Practical Nurse,Licensed,Core Staff,7.5,0.0,7.5,46.14,346.05
2026-03-03_U_INT_S08_DAY,2026-03-03,U_INT,S08_DAY,STF_INT_020,Certified Nursing Assistant,Unlicensed,Core Staff,7.5,0.0,7.5,35.37,265.27
2026-03-03_U_INT_S08_DAY,2026-03-03,U_INT,S08_DAY,STF_INT_062,Certified Nursing Assistant,Unlicensed,Core Staff,7.5,0.0,7.5,31.64,237.3
2026-03-03_U_INT_S08_DAY,2026-03-03,U_INT,S08_DAY,STF_INT_053,Certified Nursing Assistant,Unlicensed,Agency/Traveler,7.5,0.0,7.5,31.98,239.85
2026-03-03_U_INT_S08_DAY,2026-03-03,U_INT,S08_DAY,STF_INT_024,Licensed Practical Nurse,Licensed,Core Staff,7.5,0.0,7.5,47.4,355.5
2026-03-03_U_INT_S08_DAY,2026-03-03,U_INT,S08_DAY,STF_INT_051,Registered Nurse,Licensed,Core Staff,7.5,0.0,7.5,59.23,444.22
2026-03-03_U_INT_S08_EVE,2026-03-03,U_INT,S08_EVE,STF_INT_062,Certified Nursing Assistant,Unlicensed,Core Staff,7.5,0.0,7.5,31.26,234.45
2026-03-03_U_INT_S08_EVE,2026-03-03,U_INT,S08_EVE,STF_INT_001,Certified Nursing Assistant,Unlicensed,Core Staff,7.5,0.0,7.5,33.59,251.92
2026-03-03_U_INT_S08_EVE,2026-03-03,U_INT,S08_EVE,STF_INT_060,Registered Nurse,Licensed,Agency/Traveler,7.5,0.0,7.5,58.24,436.8
2026-03-03_U_INT_S08_EVE,2026-03-03,U_INT,S08_EVE,STF_INT_002,Registered Nurse,Licensed,Core Staff,7.5,0.0,7.5,49.13,368.48
2026-03-03_U_INT_S08_EVE,2026-03-03,U_INT,S08_EVE,STF_INT_054,Registered Nurse,Licensed,Core Staff,7.5,0.0,7.5,52.64,394.8
2026-03-03_U_INT_S08_EVE,2026-03-03,U_INT,S08_EVE,STF_INT_018,Certified Nursing Assistant,Unlicensed,Core Staff,7.5,0.0,7.5,33.12,248.4
2026-03-03_U_INT_S08_EVE,2026-03-03,U_INT,S08_EVE,STF_INT_059,Registered Nurse,Licensed,Core Staff,7.5,0.0,7.5,55.42,415.65
2026-03-03_U_INT_S08_EVE,2026-03-03,U_INT,S08_EVE,STF_INT_033,Registered Nurse,Licensed,Core Staff,7.5,0.0,7.5,50.46,378.45
2026-03-03_U_INT_S08_NIGHT,2026-03-03,U_INT,S08_NIGHT,STF_INT_017,Certified Nursing Assistant,Unlicensed,Core Staff,7.5,0.0,7.5,36.18,271.35
2026-03-03_U_INT_S08_NIGHT,2026-03-03,U_INT,S08_NIGHT,STF_INT_003,Registered Nurse,Licensed,Overtime,7.5,0.0,7.5,53.12,398.4
2026-03-03_U_INT_S08_NIGHT,2026-03-03,U_INT,S08_NIGHT,STF_INT_052,Licensed Practical Nurse,Licensed,Core Staff,7.5,0.0,7.5,44.13,330.98
2026-03-03_U_INT_S08_NIGHT,2026-03-03,U_INT,S08_NIGHT,STF_INT_041,Certified Nursing Assistant,Unlicensed,Overtime,7.5,0.0,7.5,31.34,235.05
2026-03-03_U_INT_S08_NIGHT,2026-03-03,U_INT,S08_NIGHT,STF_INT_001,Certified Nursing Assistant,Unlicensed,Core Staff,7.5,0.0,7.5,31.16,233.7
2026-03-03_U_INT_S08_NIGHT,2026-03-03,U_INT,S08_NIGHT,STF_INT_021,Licensed Practical Nurse,Licensed,Core Staff,7.5,0.0,7.5,47.45,355.88
2026-03-03_U_INT_S08_NIGHT,2026-03-03,U_INT,S08_NIGHT,STF_INT_061,Registered Nurse,Licensed,Core Staff,7.5,0.0,7.5,52.92,396.9
2026-03-03_U_INT_S08_NIGHT,2026-03-03,U_INT,S08_NIGHT,STF_INT_031,Registered Nurse,Licensed,Core Staff,7.5,0.0,7.5,59.63,447.22
2026-03-04_U_ICU_S12_DAY,2026-03-04,U_ICU,S12_DAY,STF_ICU_019,Registered Nurse,Licensed,Core Staff,11.5,0.0,11.5,50.95,585.93
2026-03-04_U_ICU_S12_DAY,2026-03-04,U_ICU,S12_DAY,STF_ICU_033,Certified Nursing Assistant,Unlicensed,Core Staff,11.5,0.0,11.5,34.71,399.16
2026-03-04_U_ICU_S12_DAY,2026-03-04,U_ICU,S12_DAY,STF_ICU_009,Registered Nurse,Licensed,Core Staff,11.5,0.0,11.5,56.58,650.67
2026-03-04_U_ICU_S12_DAY,2026-03-04,U_ICU,S12_DAY,STF_ICU_032,Certified Nursing Assistant,Unlicensed,Core Staff,11.5,0.0,11.5,30.97,356.16
2026-03-04_U_ICU_S12_DAY,2026-03-04,U_ICU,S12_DAY,STF_ICU_016,Registered Nurse,Licensed,Core Staff,11.5,0.0,11.5,58.87,677.0
2026-03-04_U_ICU_S12_DAY,2026-03-04,U_ICU,S12_DAY,STF_ICU_025,Registered Nurse,Licensed,Core Staff,11.5,0.0,11.5,55.06,633.19
2026-03-04_U_ICU_S12_NIGHT,2026-03-04,U_ICU,S12_NIGHT,STF_ICU_008,Registered Nurse,Licensed,Float Pool,11.5,0.0,11.5,59.65,685.98
2026-03-04_U_ICU_S12_NIGHT,2026-03-04,U_ICU,S12_NIGHT,STF_ICU_019,Registered Nurse,Licensed,Core Staff,11.5,0.0,11.5,59.57,685.06
2026-03-04_U_ICU_S12_NIGHT,2026-03-04,U_ICU,S12_NIGHT,STF_ICU_021,Registered Nurse,Licensed,Core Staff,11.5,0.0,11.5,56.42,648.83
2026-03-04_U_ICU_S12_NIGHT,2026-03-04,U_ICU,S12_NIGHT,STF_ICU_035,Certified Nursing Assistant,Unlicensed,Agency/Traveler,11.5,0.0,11.5,32.54,374.21
2026-03-04_U_ICU_S12_NIGHT,2026-03-04,U_ICU,S12_NIGHT,STF_ICU_006,Registered Nurse,Licensed,Core Staff,11.5,0.0,11.5,52.28,601.22
2026-03-04_U_ICU_S12_NIGHT,2026-03-04,U_ICU,S12_NIGHT,STF_ICU_016,Registered Nurse,Licensed,Core Staff,11.5,0.0,11.5,58.91,677.46
2026-03-04_U_INT_S08_DAY,2026-03-04,U_INT,S08_DAY,STF_INT_023,Registered Nurse,Licensed,Overtime,7.5,0.0,7.5,58.18,436.35
2026-03-04_U_INT_S08_DAY,2026-03-04,U_INT,S08_DAY,STF_INT_010,Certified Nursing Assistant,Unlicensed,Core Staff,7.5,0.0,7.5,32.39,242.92
2026-03-04_U_INT_S08_DAY,2026-03-04,U_INT,S08_DAY,STF_INT_034,Licensed Practical Nurse,Licensed,Core Staff,7.5,0.0,7.5,41.85,313.88
2026-03-04_U_INT_S08_DAY,2026-03-04,U_INT,S08_DAY,STF_INT_030,Licensed Practical Nurse,Licensed,Overtime,7.5,0.0,7.5,43.44,325.8
2026-03-04_U_INT_S08_DAY,2026-03-04,U_INT,S08_DAY,STF_INT_004,Registered Nurse,Licensed,Core Staff,7.5,0.0,7.5,59.48,446.1
2026-03-04_U_INT_S08_DAY,2026-03-04,U_INT,S08_DAY,STF_INT_051,Registered Nurse,Licensed,Core Staff,7.5,0.0,7.5,58.17,436.28
2026-03-04_U_INT_S08_DAY,2026-03-04,U_INT,S08_DAY,STF_INT_061,Registered Nurse,Licensed,Core Staff,7.5,0.0,7.5,51.78,388.35
2026-03-04_U_INT_S08_DAY,2026-03-04,U_INT,S08_DAY,STF_INT_001,Certified Nursing Assistant,Unlicensed,Core Staff,7.5,0.0,7.5,34.8,261.0
2026-03-04_U_INT_S08_DAY,2026-03-04,U_INT,S08_DAY,STF_INT_038,Registered Nurse,Licensed,Core Staff,7.5,0.0,7.5,58.79,440.92
2026-03-04_U_INT_S08_DAY,2026-03-04,U_INT,S08_DAY,STF_INT_057,Registered Nurse,Licensed,Core Staff,7.5,0.0,7.5,59.04,442.8
2026-03-04_U_INT_S08_EVE,2026-03-04,U_INT,S08_EVE,STF_INT_025,Registered Nurse,Licensed,Core Staff,7.5,0.0,7.5,54.72,410.4
2026-03-04_U_INT_S08_EVE,2026-03-04,U_INT,S08_EVE,STF_INT_017,Certified Nursing Assistant,Unlicensed,Core Staff,7.5,0.0,7.5,34.83,261.22
2026-03-04_U_INT_S08_EVE,2026-03-04,U_INT,S08_EVE,STF_INT_024,Licensed Practical Nurse,Licensed,Core Staff,7.5,0.0,7.5,39.54,296.55
2026-03-04_U_INT_S08_EVE,2026-03-04,U_INT,S08_EVE,STF_INT_050,Registered Nurse,Licensed,Float Pool,7.5,0.0,7.5,58.11,435.82
2026-03-04_U_INT_S08_EVE,2026-03-04,U_INT,S08_EVE,STF_INT_018,Certified Nursing Assistant,Unlicensed,Core Staff,7.5,0.0,7.5,32.45,243.38
2026-03-04_U_INT_S08_EVE,2026-03-04,U_INT,S08_EVE,STF_INT_026,Registered Nurse,Licensed,Core Staff,7.5,0.0,7.5,57.02,427.65
2026-03-04_U_INT_S08_EVE,2026-03-04,U_INT,S08_EVE,STF_INT_012,Registered Nurse,Licensed,Core Staff,7.5,0.0,7.5,59.18,443.85
2026-03-04_U_INT_S08_EVE,2026-03-04,U_INT,S08_EVE,STF_INT_001,Certified Nursing Assistant,Unlicensed,Core Staff,7.5,0.0,7.5,34.15,256.12
2026-03-04_U_INT_S08_NIGHT,2026-03-04,U_INT,S08_NIGHT,STF_INT_007,Registered Nurse,Licensed,Core Staff,7.5,0.0,7.5,48.65,364.88
2026-03-04_U_INT_S08_NIGHT,2026-03-04,U_INT,S08_NIGHT,STF_INT_003,Registered Nurse,Licensed,Core Staff,7.5,0.0,7.5,55.43,415.72
2026-03-04_U_INT_S08_NIGHT,2026-03-04,U_INT,S08_NIGHT,STF_INT_041,Certified Nursing Assistant,Unlicensed,Overtime,7.5,0.0,7.5,36.28,272.1
2026-03-04_U_INT_S08_NIGHT,2026-03-04,U_INT,S08_NIGHT,STF_INT_009,Certified Nursing Assistant,Unlicensed,Float Pool,7.5,0.0,7.5,33.83,253.72
2026-03-04_U_INT_S08_NIGHT,2026-03-04,U_INT,S08_NIGHT,STF_INT_020,Certified Nursing Assistant,Unlicensed,Core Staff,7.5,0.0,7.5,35.73,267.97
2026-03-04_U_INT_S08_NIGHT,2026-03-04,U_INT,S08_NIGHT,STF_INT_012,Registered Nurse,Licensed,Core Staff,7.5,0.0,7.5,56.42,423.15
2026-03-04_U_INT_S08_NIGHT,2026-03-04,U_INT,S08_NIGHT,STF_INT_010,Certified Nursing Assistant,Unlicensed,Core Staff,7.5,0.0,7.5,32.64,244.8
2026-03-05_U_ICU_S12_DAY,2026-03-05,U_ICU,S12_DAY,STF_ICU_011,Registered Nurse,Licensed,Core Staff,11.5,0.0,11.5,54.13,622.5
2026-03-05_U_ICU_S12_DAY,2026-03-05,U_ICU,S12_DAY,STF_ICU_021,Registered Nurse,Licensed,Core Staff,11.5,0.0,11.5,48.83,561.54
2026-03-05_U_ICU_S12_DAY,2026-03-05,U_ICU,S12_DAY,STF_ICU_023,Registered Nurse,Licensed,Agency/Traveler,11.5,0.0,11.5,56.87,654.0
2026-03-05_U_ICU_S12_DAY,2026-03-05,U_ICU,S12_DAY,STF_ICU_033,Certified Nursing Assistant,Unlicensed,Core Staff,11.5,0.0,11.5,31.95,367.42
2026-03-05_U_ICU_S12_DAY,2026-03-05,U_ICU,S12_DAY,STF_ICU_005,Registered Nurse,Licensed,Core Staff,11.5,0.0,11.5,50.75,583.62
2026-03-05_U_ICU_S12_DAY,2026-03-05,U_ICU,S12_DAY,STF_ICU_019,Registered Nurse,Licensed,Core Staff,11.5,0.0,11.5,48.82,561.43
2026-03-05_U_ICU_S12_NIGHT,2026-03-05,U_ICU,S12_NIGHT,STF_ICU_028,Registered Nurse,Licensed,Core Staff,11.5,0.0,11.5,50.84,584.66
2026-03-05_U_ICU_S12_NIGHT,2026-03-05,U_ICU,S12_NIGHT,STF_ICU_021,Registered Nurse,Licensed,Core Staff,11.5,0.0,11.5,58.65,674.48
2026-03-05_U_ICU_S12_NIGHT,2026-03-05,U_ICU,S12_NIGHT,STF_ICU_002,Registered Nurse,Licensed,Float Pool,11.5,0.0,11.5,51.41,591.21
2026-03-05_U_ICU_S12_NIGHT,2026-03-05,U_ICU,S12_NIGHT,STF_ICU_004,Registered Nurse,Licensed,Core Staff,11.5,0.0,11.5,55.61,639.52
2026-03-05_U_ICU_S12_NIGHT,2026-03-05,U_ICU,S12_NIGHT,STF_ICU_031,Certified Nursing Assistant,Unlicensed,Core Staff,11.5,0.0,11.5,30.12,346.38
2026-03-05_U_ICU_S12_NIGHT,2026-03-05,U_ICU,S12_NIGHT,STF_ICU_018,Registered Nurse,Licensed,Core Staff,11.5,0.0,11.5,49.86,573.39
2026-03-05_U_INT_S08_DAY,2026-03-05,U_INT,S08_DAY,STF_INT_037,Certified Nursing Assistant,Unlicensed,Core Staff,7.5,0.0,7.5,32.4,243.0
2026-03-05_U_INT_S08_DAY,2026-03-05,U_INT,S08_DAY,STF_INT_003,Registered Nurse,Licensed,Core Staff,7.5,0.0,7.5,52.14,391.05
2026-03-05_U_INT_S08_DAY,2026-03-05,U_INT,S08_DAY,STF_INT_017,Certified Nursing Assistant,Unlicensed,Core Staff,7.5,0.0,7.5,35.57,266.77
2026-03-05_U_INT_S08_DAY,2026-03-05,U_INT,S08_DAY,STF_INT_011,Certified Nursing Assistant,Unlicensed,Core Staff,7.5,0.0,7.5,34.61,259.58
2026-03-05_U_INT_S08_DAY,2026-03-05,U_INT,S08_DAY,STF_INT_064,Licensed Practical Nurse,Licensed,Core Staff,7.5,0.0,7.5,40.01,300.08
2026-03-05_U_INT_S08_DAY,2026-03-05,U_INT,S08_DAY,STF_INT_016,Registered Nurse,Licensed,Agency/Traveler,7.5,0.0,7.5,59.37,445.28
2026-03-05_U_INT_S08_DAY,2026-03-05,U_INT,S08_DAY,STF_INT_025,Registered Nurse,Licensed,Overtime,7.5,0.0,7.5,58.87,441.52
2026-03-05_U_INT_S08_DAY,2026-03-05,U_INT,S08_DAY,STF_INT_042,Registered Nurse,Licensed,Overtime,7.5,0.0,7.5,56.53,423.98
2026-03-05_U_INT_S08_DAY,2026-03-05,U_INT,S08_DAY,STF_INT_047,Certified Nursing Assistant,Unlicensed,Core Staff,7.5,0.0,7.5,33.12,248.4
2026-03-05_U_INT_S08_DAY,2026-03-05,U_INT,S08_DAY,STF_INT_055,Registered Nurse,Licensed,Core Staff,7.5,0.0,7.5,57.36,430.2
2026-03-05_U_INT_S08_EVE,2026-03-05,U_INT,S08_EVE,STF_INT_014,Registered Nurse,Licensed,Overtime,7.5,0.0,7.5,55.53,416.48
2026-03-05_U_INT_S08_EVE,2026-03-05,U_INT,S08_EVE,STF_INT_003,Registered Nurse,Licensed,Core Staff,7.5,0.0,7.5,55.25,414.38
2026-03-05_U_INT_S08_EVE,2026-03-05,U_INT,S08_EVE,STF_INT_044,Certified Nursing Assistant,Unlicensed,Core Staff,7.5,0.0,7.5,35.44,265.8
2026-03-05_U_INT_S08_EVE,2026-03-05,U_INT,S08_EVE,STF_INT_045,Registered Nurse,Licensed,Agency/Traveler,7.5,0.0,7.5,56.0,420.0
2026-03-05_U_INT_S08_EVE,2026-03-05,U_INT,S08_EVE,STF_INT_034,Licensed Practical Nurse,Licensed,Core Staff,7.5,0.0,7.5,39.85,298.88
2026-03-05_U_INT_S08_EVE,2026-03-05,U_INT,S08_EVE,STF_INT_030,Licensed Practical Nurse,Licensed,Core Staff,7.5,0.0,7.5,42.46,318.45
2026-03-05_U_INT_S08_EVE,2026-03-05,U_INT,S08_EVE,STF_INT_021,Licensed Practical Nurse,Licensed,Core Staff,7.5,0.0,7.5,38.09,285.68
2026-03-05_U_INT_S08_EVE,2026-03-05,U_INT,S08_EVE,STF_INT_050,Registered Nurse,Licensed,Float Pool,7.5,0.0,7.5,55.65,417.38
2026-03-05_U_INT_S08_NIGHT,2026-03-05,U_INT,S08_NIGHT,STF_INT_008,Registered Nurse,Licensed,Agency/Traveler,7.5,0.0,7.5,55.57,416.78
2026-03-05_U_INT_S08_NIGHT,2026-03-05,U_INT,S08_NIGHT,STF_INT_056,Registered Nurse,Licensed,Overtime,5.5,2.0,7.5,57.74,433.05
2026-03-05_U_INT_S08_NIGHT,2026-03-05,U_INT,S08_NIGHT,STF_INT_024,Licensed Practical Nurse,Licensed,Core Staff,7.5,0.0,7.5,38.16,286.2
2026-03-05_U_INT_S08_NIGHT,2026-03-05,U_INT,S08_NIGHT,STF_INT_058,Registered Nurse,Licensed,Float Pool,7.5,0.0,7.5,53.08,398.1
2026-03-05_U_INT_S08_NIGHT,2026-03-05,U_INT,S08_NIGHT,STF_INT_033,Registered Nurse,Licensed,Core Staff,7.5,0.0,7.5,52.59,394.42
2026-03-05_U_INT_S08_NIGHT,2026-03-05,U_INT,S08_NIGHT,STF_INT_047,Certified Nursing Assistant,Unlicensed,Core Staff,7.5,0.0,7.5,32.49,243.68
2026-03-05_U_INT_S08_NIGHT,2026-03-05,U_INT,S08_NIGHT,STF_INT_043,Registered Nurse,Licensed,Overtime,7.5,0.0,7.5,51.89,389.18
2026-03-06_U_ICU_S12_DAY,2026-03-06,U_ICU,S12_DAY,STF_ICU_022,Registered Nurse,Licensed,Core Staff,11.5,0.0,11.5,50.89,585.24
2026-03-06_U_ICU_S12_DAY,2026-03-06,U_ICU,S12_DAY,STF_ICU_030,Registered Nurse,Licensed,Core Staff,11.5,0.0,11.5,53.59,616.29
2026-03-06_U_ICU_S12_DAY,2026-03-06,U_ICU,S12_DAY,STF_ICU_010,Registered Nurse,Licensed,Overtime,11.5,0.0,11.5,56.66,651.59
2026-03-06_U_ICU_S12_DAY,2026-03-06,U_ICU,S12_DAY,STF_ICU_007,Registered Nurse,Licensed,Agency/Traveler,11.5,0.0,11.5,54.3,624.45
2026-03-06_U_ICU_S12_DAY,2026-03-06,U_ICU,S12_DAY,STF_ICU_001,Registered Nurse,Licensed,Core Staff,11.5,0.0,11.5,59.2,680.8
2026-03-06_U_ICU_S12_DAY,2026-03-06,U_ICU,S12_DAY,STF_ICU_018,Registered Nurse,Licensed,Core Staff,11.5,0.0,11.5,50.51,580.86
2026-03-06_U_ICU_S12_DAY,2026-03-06,U_ICU,S12_DAY,STF_ICU_035,Certified Nursing Assistant,Unlicensed,Agency/Traveler,11.5,0.0,11.5,32.97,379.16
2026-03-06_U_ICU_S12_NIGHT,2026-03-06,U_ICU,S12_NIGHT,STF_ICU_010,Registered Nurse,Licensed,Core Staff,11.5,0.0,11.5,58.61,674.02
2026-03-06_U_ICU_S12_NIGHT,2026-03-06,U_ICU,S12_NIGHT,STF_ICU_029,Registered Nurse,Licensed,Core Staff,11.5,0.0,11.5,55.14,634.11
2026-03-06_U_ICU_S12_NIGHT,2026-03-06,U_ICU,S12_NIGHT,STF_ICU_006,Registered Nurse,Licensed,Core Staff,11.5,0.0,11.5,59.89,688.74
2026-03-06_U_ICU_S12_NIGHT,2026-03-06,U_ICU,S12_NIGHT,STF_ICU_021,Registered Nurse,Licensed,Core Staff,11.5,0.0,11.5,57.5,661.25
2026-03-06_U_ICU_S12_NIGHT,2026-03-06,U_ICU,S12_NIGHT,STF_ICU_015,Registered Nurse,Licensed,Core Staff,11.5,0.0,11.5,53.85,619.28
2026-03-06_U_ICU_S12_NIGHT,2026-03-06,U_ICU,S12_NIGHT,STF_ICU_022,Registered Nurse,Licensed,Core Staff,11.5,0.0,11.5,54.06,621.69
2026-03-06_U_ICU_S12_NIGHT,2026-03-06,U_ICU,S12_NIGHT,STF_ICU_001,Registered Nurse,Licensed,Core Staff,11.5,0.0,11.5,54.98,632.27
2026-03-06_U_INT_S08_DAY,2026-03-06,U_INT,S08_DAY,STF_INT_028,Registered Nurse,Licensed,Core Staff,7.5,0.0,7.5,59.65,447.38
2026-03-06_U_INT_S08_DAY,2026-03-06,U_INT,S08_DAY,STF_INT_055,Registered Nurse,Licensed,Core Staff,7.5,0.0,7.5,55.89,419.18
2026-03-06_U_INT_S08_DAY,2026-03-06,U_INT,S08_DAY,STF_INT_042,Registered Nurse,Licensed,Overtime,7.5,0.0,7.5,48.4,363.0
2026-03-06_U_INT_S08_DAY,2026-03-06,U_INT,S08_DAY,STF_INT_036,Registered Nurse,Licensed,Core Staff,7.5,0.0,7.5,55.5,416.25
2026-03-06_U_INT_S08_DAY,2026-03-06,U_INT,S08_DAY,STF_INT_064,Licensed Practical Nurse,Licensed,Core Staff,7.5,0.0,7.5,40.36,302.7
2026-03-06_U_INT_S08_DAY,2026-03-06,U_INT,S08_DAY,STF_INT_006,Licensed Practical Nurse,Licensed,Core Staff,7.5,0.0,7.5,38.13,285.98
2026-03-06_U_INT_S08_DAY,2026-03-06,U_INT,S08_DAY,STF_INT_050,Registered Nurse,Licensed,Float Pool,7.5,0.0,7.5,51.39,385.42
2026-03-06_U_INT_S08_DAY,2026-03-06,U_INT,S08_DAY,STF_INT_038,Registered Nurse,Licensed,Core Staff,7.5,0.0,7.5,57.51,431.32
2026-03-06_U_INT_S08_DAY,2026-03-06,U_INT,S08_DAY,STF_INT_052,Licensed Practical Nurse,Licensed,Core Staff,7.5,0.0,7.5,41.28,309.6
2026-03-06_U_INT_S08_EVE,2026-03-06,U_INT,S08_EVE,STF_INT_014,Registered Nurse,Licensed,Overtime,5.5,2.0,7.5,56.68,425.1
2026-03-06_U_INT_S08_EVE,2026-03-06,U_INT,S08_EVE,STF_INT_012,Registered Nurse,Licensed,Core Staff,7.5,0.0,7.5,49.13,368.48
2026-03-06_U_INT_S08_EVE,2026-03-06,U_INT,S08_EVE,STF_INT_061,Registered Nurse,Licensed,Core Staff,7.5,0.0,7.5,59.67,447.52
2026-03-06_U_INT_S08_EVE,2026-03-06,U_INT,S08_EVE,STF_INT_059,Registered Nurse,Licensed,Core Staff,7.5,0.0,7.5,59.2,444.0
2026-03-06_U_INT_S08_EVE,2026-03-06,U_INT,S08_EVE,STF_INT_029,Licensed Practical Nurse,Licensed,Core Staff,7.5,0.0,7.5,46.56,349.2
2026-03-06_U_INT_S08_EVE,2026-03-06,U_INT,S08_EVE,STF_INT_008,Registered Nurse,Licensed,Agency/Traveler,7.5,0.0,7.5,56.84,426.3
2026-03-06_U_INT_S08_EVE,2026-03-06,U_INT,S08_EVE,STF_INT_016,Registered Nurse,Licensed,Core Staff,5.5,2.0,7.5,48.23,361.72
2026-03-06_U_INT_S08_NIGHT,2026-03-06,U_INT,S08_NIGHT,STF_INT_012,Registered Nurse,Licensed,Core Staff,7.5,0.0,7.5,48.25,361.88
2026-03-06_U_INT_S08_NIGHT,2026-03-06,U_INT,S08_NIGHT,STF_INT_022,Registered Nurse,Licensed,Core Staff,7.5,0.0,7.5,50.38,377.85
2026-03-06_U_INT_S08_NIGHT,2026-03-06,U_INT,S08_NIGHT,STF_INT_006,Licensed Practical Nurse,Licensed,Core Staff,7.5,0.0,7.5,44.82,336.15
2026-03-06_U_INT_S08_NIGHT,2026-03-06,U_INT,S08_NIGHT,STF_INT_036,Registered Nurse,Licensed,Core Staff,7.5,0.0,7.5,55.42,415.65
2026-03-06_U_INT_S08_NIGHT,2026-03-06,U_INT,S08_NIGHT,STF_INT_024,Licensed Practical Nurse,Licensed,Overtime,7.5,0.0,7.5,47.06,352.95
2026-03-06_U_INT_S08_NIGHT,2026-03-06,U_INT,S08_NIGHT,STF_INT_040,Certified Nursing Assistant,Unlicensed,Core Staff,7.5,0.0,7.5,34.47,258.52
2026-03-06_U_INT_S08_NIGHT,2026-03-06,U_INT,S08_NIGHT,STF_INT_037,Certified Nursing Assistant,Unlicensed,Core Staff,7.5,0.0,7.5,32.1,240.75
2026-03-06_U_INT_S08_NIGHT,2026-03-06,U_INT,S08_NIGHT,STF_INT_008,Registered Nurse,Licensed,Agency/Traveler,7.5,0.0,7.5,53.14,398.55
2026-03-07_U_ICU_S12_DAY,2026-03-07,U_ICU,S12_DAY,STF_ICU_034,Certified Nursing Assistant,Unlicensed,Agency/Traveler,11.5,0.0,11.5,30.31,348.56
2026-03-07_U_ICU_S12_DAY,2026-03-07,U_ICU,S12_DAY,STF_ICU_018,Registered Nurse,Licensed,Core Staff,11.5,0.0,11.5,49.91,573.96
2026-03-07_U_ICU_S12_DAY,2026-03-07,U_ICU,S12_DAY,STF_ICU_007,Registered Nurse,Licensed,Core Staff,11.5,0.0,11.5,49.33,567.29
2026-03-07_U_ICU_S12_DAY,2026-03-07,U_ICU,S12_DAY,STF_ICU_023,Registered Nurse,Licensed,Core Staff,11.5,0.0,11.5,48.47,557.4
2026-03-07_U_ICU_S12_DAY,2026-03-07,U_ICU,S12_DAY,STF_ICU_030,Registered Nurse,Licensed,Core Staff,11.5,0.0,11.5,56.71,652.16
2026-03-07_U_ICU_S12_DAY,2026-03-07,U_ICU,S12_DAY,STF_ICU_021,Registered Nurse,Licensed,Core Staff,11.5,0.0,11.5,49.44,568.56
2026-03-07_U_ICU_S12_DAY,2026-03-07,U_ICU,S12_DAY,STF_ICU_028,Registered Nurse,Licensed,Core Staff,11.5,0.0,11.5,56.5,649.75
2026-03-07_U_ICU_S12_NIGHT,2026-03-07,U_ICU,S12_NIGHT,STF_ICU_011,Registered Nurse,Licensed,Float Pool,11.5,0.0,11.5,55.78,641.47
2026-03-07_U_ICU_S12_NIGHT,2026-03-07,U_ICU,S12_NIGHT,STF_ICU_019,Registered Nurse,Licensed,Core Staff,11.5,0.0,11.5,55.24,635.26
2026-03-07_U_ICU_S12_NIGHT,2026-03-07,U_ICU,S12_NIGHT,STF_ICU_010,Registered Nurse,Licensed,Core Staff,11.5,0.0,11.5,54.65,628.48
2026-03-07_U_ICU_S12_NIGHT,2026-03-07,U_ICU,S12_NIGHT,STF_ICU_031,Certified Nursing Assistant,Unlicensed,Core Staff,11.5,0.0,11.5,35.82,411.93
2026-03-07_U_ICU_S12_NIGHT,2026-03-07,U_ICU,S12_NIGHT,STF_ICU_006,Registered Nurse,Licensed,Core Staff,11.5,0.0,11.5,59.71,686.66
2026-03-07_U_ICU_S12_NIGHT,2026-03-07,U_ICU,S12_NIGHT,STF_ICU_012,Registered Nurse,Licensed,Agency/Traveler,11.5,0.0,11.5,58.41,671.71
2026-03-07_U_ICU_S12_NIGHT,2026-03-07,U_ICU,S12_NIGHT,STF_ICU_028,Registered Nurse,Licensed,Float Pool,11.5,0.0,11.5,54.75,629.62
2026-03-07_U_INT_S08_DAY,2026-03-07,U_INT,S08_DAY,STF_INT_031,Registered Nurse,Licensed,Overtime,7.5,0.0,7.5,58.87,441.52
2026-03-07_U_INT_S08_DAY,2026-03-07,U_INT,S08_DAY,STF_INT_020,Certified Nursing Assistant,Unlicensed,Core Staff,7.5,0.0,7.5,31.2,234.0
2026-03-07_U_INT_S08_DAY,2026-03-07,U_INT,S08_DAY,STF_INT_023,Registered Nurse,Licensed,Overtime,7.5,0.0,7.5,56.49,423.68
2026-03-07_U_INT_S08_DAY,2026-03-07,U_INT,S08_DAY,STF_INT_045,Registered Nurse,Licensed,Core Staff,7.5,0.0,7.5,58.97,442.28
2026-03-07_U_INT_S08_DAY,2026-03-07,U_INT,S08_DAY,STF_INT_037,Certified Nursing Assistant,Unlicensed,Core Staff,7.5,0.0,7.5,31.52,236.4
2026-03-07_U_INT_S08_DAY,2026-03-07,U_INT,S08_DAY,STF_INT_013,Registered Nurse,Licensed,Core Staff,7.5,0.0,7.5,54.43,408.22
2026-03-07_U_INT_S08_DAY,2026-03-07,U_INT,S08_DAY,STF_INT_030,Licensed Practical Nurse,Licensed,Core Staff,7.5,0.0,7.5,40.65,304.88
2026-03-07_U_INT_S08_DAY,2026-03-07,U_INT,S08_DAY,STF_INT_022,Registered Nurse,Licensed,Core Staff,7.5,0.0,7.5,51.46,385.95
2026-03-07_U_INT_S08_DAY,2026-03-07,U_INT,S08_DAY,STF_INT_063,Licensed Practical Nurse,Licensed,Core Staff,7.5,0.0,7.5,39.6,297.0
2026-03-07_U_INT_S08_DAY,2026-03-07,U_INT,S08_DAY,STF_INT_047,Certified Nursing Assistant,Unlicensed,Core Staff,7.5,0.0,7.5,30.75,230.62
2026-03-07_U_INT_S08_DAY,2026-03-07,U_INT,S08_DAY,STF_INT_061,Registered Nurse,Licensed,Core Staff,7.5,0.0,7.5,59.98,449.85
2026-03-07_U_INT_S08_EVE,2026-03-07,U_INT,S08_EVE,STF_INT_053,Certified Nursing Assistant,Unlicensed,Agency/Traveler,7.5,0.0,7.5,32.66,244.95
2026-03-07_U_INT_S08_EVE,2026-03-07,U_INT,S08_EVE,STF_INT_060,Registered Nurse,Licensed,Agency/Traveler,5.5,2.0,7.5,56.89,426.68
2026-03-07_U_INT_S08_EVE,2026-03-07,U_INT,S08_EVE,STF_INT_024,Licensed Practical Nurse,Licensed,Core Staff,7.5,0.0,7.5,42.53,318.98
2026-03-07_U_INT_S08_EVE,2026-03-07,U_INT,S08_EVE,STF_INT_010,Certified Nursing Assistant,Unlicensed,Core Staff,7.5,0.0,7.5,33.75,253.12
2026-03-07_U_INT_S08_EVE,2026-03-07,U_INT,S08_EVE,STF_INT_059,Registered Nurse,Licensed,Core Staff,7.5,0.0,7.5,50.16,376.2
2026-03-07_U_INT_S08_EVE,2026-03-07,U_INT,S08_EVE,STF_INT_002,Registered Nurse,Licensed,Core Staff,7.5,0.0,7.5,50.87,381.52
2026-03-07_U_INT_S08_EVE,2026-03-07,U_INT,S08_EVE,STF_INT_043,Registered Nurse,Licensed,Overtime,7.5,0.0,7.5,58.8,441.0
2026-03-07_U_INT_S08_NIGHT,2026-03-07,U_INT,S08_NIGHT,STF_INT_039,Registered Nurse,Licensed,Float Pool,7.5,0.0,7.5,52.86,396.45
2026-03-07_U_INT_S08_NIGHT,2026-03-07,U_INT,S08_NIGHT,STF_INT_008,Registered Nurse,Licensed,Agency/Traveler,7.5,0.0,7.5,53.72,402.9
2026-03-07_U_INT_S08_NIGHT,2026-03-07,U_INT,S08_NIGHT,STF_INT_012,Registered Nurse,Licensed,Float Pool,5.5,2.0,7.5,57.54,431.55
2026-03-07_U_INT_S08_NIGHT,2026-03-07,U_INT,S08_NIGHT,STF_INT_014,Registered Nurse,Licensed,Agency/Traveler,7.5,0.0,7.5,53.65,402.38
2026-03-07_U_INT_S08_NIGHT,2026-03-07,U_INT,S08_NIGHT,STF_INT_046,Registered Nurse,Licensed,Overtime,7.5,0.0,7.5,51.13,383.48
2026-03-07_U_INT_S08_NIGHT,2026-03-07,U_INT,S08_NIGHT,STF_INT_060,Registered Nurse,Licensed,Agency/Traveler,7.5,0.0,7.5,58.51,438.82
2026-03-07_U_INT_S08_NIGHT,2026-03-07,U_INT,S08_NIGHT,STF_INT_015,Registered Nurse,Licensed,Core Staff,7.5,0.0,7.5,54.83,411.22
2026-03-08_U_ICU_S12_DAY,2026-03-08,U_ICU,S12_DAY,STF_ICU_033,Certified Nursing Assistant,Unlicensed,Core Staff,11.5,0.0,11.5,32.66,375.59
2026-03-08_U_ICU_S12_DAY,2026-03-08,U_ICU,S12_DAY,STF_ICU_015,Registered Nurse,Licensed,Core Staff,11.5,0.0,11.5,57.1,656.65
2026-03-08_U_ICU_S12_DAY,2026-03-08,U_ICU,S12_DAY,STF_ICU_030,Registered Nurse,Licensed,Core Staff,11.5,0.0,11.5,57.18,657.57
2026-03-08_U_ICU_S12_DAY,2026-03-08,U_ICU,S12_DAY,STF_ICU_010,Registered Nurse,Licensed,Core Staff,11.5,0.0,11.5,53.1,610.65
2026-03-08_U_ICU_S12_DAY,2026-03-08,U_ICU,S12_DAY,STF_ICU_009,Registered Nurse,Licensed,Core Staff,11.5,0.0,11.5,57.32,659.18
2026-03-08_U_ICU_S12_DAY,2026-03-08,U_ICU,S12_DAY,STF_ICU_018,Registered Nurse,Licensed,Core Staff,9.5,2.0,11.5,54.34,624.91
2026-03-08_U_ICU_S12_NIGHT,2026-03-08,U_ICU,S12_NIGHT,STF_ICU_014,Registered Nurse,Licensed,Core Staff,11.5,0.0,11.5,53.27,612.6
2026-03-08_U_ICU_S12_NIGHT,2026-03-08,U_ICU,S12_NIGHT,STF_ICU_028,Registered Nurse,Licensed,Core Staff,11.5,0.0,11.5,57.0,655.5
2026-03-08_U_ICU_S12_NIGHT,2026-03-08,U_ICU,S12_NIGHT,STF_ICU_017,Registered Nurse,Licensed,Core Staff,11.5,0.0,11.5,57.68,663.32
2026-03-08_U_ICU_S12_NIGHT,2026-03-08,U_ICU,S12_NIGHT,STF_ICU_003,Registered Nurse,Licensed,Overtime,11.5,0.0,11.5,57.55,661.82
2026-03-08_U_ICU_S12_NIGHT,2026-03-08,U_ICU,S12_NIGHT,STF_ICU_006,Registered Nurse,Licensed,Core Staff,11.5,0.0,11.5,50.15,576.72
2026-03-08_U_ICU_S12_NIGHT,2026-03-08,U_ICU,S12_NIGHT,STF_ICU_019,Registered Nurse,Licensed,Core Staff,11.5,0.0,11.5,50.03,575.34
2026-03-08_U_INT_S08_DAY,2026-03-08,U_INT,S08_DAY,STF_INT_034,Licensed Practical Nurse,Licensed,Core Staff,7.5,0.0,7.5,46.69,350.17
2026-03-08_U_INT_S08_DAY,2026-03-08,U_INT,S08_DAY,STF_INT_012,Registered Nurse,Licensed,Core Staff,7.5,0.0,7.5,56.43,423.22
2026-03-08_U_INT_S08_DAY,2026-03-08,U_INT,S08_DAY,STF_INT_054,Registered Nurse,Licensed,Core Staff,7.5,0.0,7.5,52.97,397.28
2026-03-08_U_INT_S08_DAY,2026-03-08,U_INT,S08_DAY,STF_INT_059,Registered Nurse,Licensed,Core Staff,7.5,0.0,7.5,53.5,401.25
2026-03-08_U_INT_S08_DAY,2026-03-08,U_INT,S08_DAY,STF_INT_053,Certified Nursing Assistant,Unlicensed,Agency/Traveler,7.5,0.0,7.5,34.82,261.15
2026-03-08_U_INT_S08_DAY,2026-03-08,U_INT,S08_DAY,STF_INT_027,Licensed Practical Nurse,Licensed,Overtime,7.5,0.0,7.5,41.56,311.7
2026-03-08_U_INT_S08_DAY,2026-03-08,U_INT,S08_DAY,STF_INT_025,Registered Nurse,Licensed,Overtime,7.5,0.0,7.5,57.39,430.42
2026-03-08_U_INT_S08_DAY,2026-03-08,U_INT,S08_DAY,STF_INT_004,Registered Nurse,Licensed,Core Staff,7.5,0.0,7.5,53.43,400.72
2026-03-08_U_INT_S08_DAY,2026-03-08,U_INT,S08_DAY,STF_INT_008,Registered Nurse,Licensed,Agency/Traveler,7.5,0.0,7.5,53.5,401.25
2026-03-08_U_INT_S08_EVE,2026-03-08,U_INT,S08_EVE,STF_INT_064,Licensed Practical Nurse,Licensed,Core Staff,7.5,0.0,7.5,46.12,345.9
2026-03-08_U_INT_S08_EVE,2026-03-08,U_INT,S08_EVE,STF_INT_063,Licensed Practical Nurse,Licensed,Core Staff,7.5,0.0,7.5,39.53,296.48
2026-03-08_U_INT_S08_EVE,2026-03-08,U_INT,S08_EVE,STF_INT_050,Registered Nurse,Licensed,Float Pool,7.5,0.0,7.5,50.38,377.85
2026-03-08_U_INT_S08_EVE,2026-03-08,U_INT,S08_EVE,STF_INT_031,Registered Nurse,Licensed,Core Staff,5.5,2.0,7.5,51.92,389.4
2026-03-08_U_INT_S08_EVE,2026-03-08,U_INT,S08_EVE,STF_INT_022,Registered Nurse,Licensed,Core Staff,7.5,0.0,7.5,58.18,436.35
2026-03-08_U_INT_S08_EVE,2026-03-08,U_INT,S08_EVE,STF_INT_034,Licensed Practical Nurse,Licensed,Core Staff,7.5,0.0,7.5,46.48,348.6
2026-03-08_U_INT_S08_EVE,2026-03-08,U_INT,S08_EVE,STF_INT_016,Registered Nurse,Licensed,Core Staff,7.5,0.0,7.5,51.91,389.32
2026-03-08_U_INT_S08_EVE,2026-03-08,U_INT,S08_EVE,STF_INT_028,Registered Nurse,Licensed,Core Staff,7.5,0.0,7.5,53.36,400.2
2026-03-08_U_INT_S08_NIGHT,2026-03-08,U_INT,S08_NIGHT,STF_INT_018,Certified Nursing Assistant,Unlicensed,Core Staff,7.5,0.0,7.5,34.58,259.35
2026-03-08_U_INT_S08_NIGHT,2026-03-08,U_INT,S08_NIGHT,STF_INT_031,Registered Nurse,Licensed,Core Staff,7.5,0.0,7.5,51.31,384.83
2026-03-08_U_INT_S08_NIGHT,2026-03-08,U_INT,S08_NIGHT,STF_INT_022,Registered Nurse,Licensed,Core Staff,7.5,0.0,7.5,58.93,441.98
2026-03-08_U_INT_S08_NIGHT,2026-03-08,U_INT,S08_NIGHT,STF_INT_048,Registered Nurse,Licensed,Core Staff,7.5,0.0,7.5,51.22,384.15
2026-03-08_U_INT_S08_NIGHT,2026-03-08,U_INT,S08_NIGHT,STF_INT_019,Registered Nurse,Licensed,Overtime,7.5,0.0,7.5,53.84,403.8
2026-03-08_U_INT_S08_NIGHT,2026-03-08,U_INT,S08_NIGHT,STF_INT_052,Licensed Practical Nurse,Licensed,Core Staff,7.5,0.0,7.5,41.76,313.2
2026-03-09_U_ICU_S12_DAY,2026-03-09,U_ICU,S12_DAY,STF_ICU_031,Certified Nursing Assistant,Unlicensed,Agency/Traveler,11.5,0.0,11.5,31.71,364.66
2026-03-09_U_ICU_S12_DAY,2026-03-09,U_ICU,S12_DAY,STF_ICU_022,Registered Nurse,Licensed,Core Staff,11.5,0.0,11.5,49.39,567.98
2026-03-09_U_ICU_S12_DAY,2026-03-09,U_ICU,S12_DAY,STF_ICU_004,Registered Nurse,Licensed,Core Staff,11.5,0.0,11.5,51.49,592.14
2026-03-09_U_ICU_S12_DAY,2026-03-09,U_ICU,S12_DAY,STF_ICU_014,Registered Nurse,Licensed,Core Staff,11.5,0.0,11.5,49.51,569.36
2026-03-09_U_ICU_S12_DAY,2026-03-09,U_ICU,S12_DAY,STF_ICU_016,Registered Nurse,Licensed,Core Staff,11.5,0.0,11.5,48.77,560.86
2026-03-09_U_ICU_S12_DAY,2026-03-09,U_ICU,S12_DAY,STF_ICU_034,Certified Nursing Assistant,Unlicensed,Agency/Traveler,11.5,0.0,11.5,31.81,365.82
2026-03-09_U_ICU_S12_DAY,2026-03-09,U_ICU,S12_DAY,STF_ICU_024,Registered Nurse,Licensed,Core Staff,11.5,0.0,11.5,53.77,618.36
2026-03-09_U_ICU_S12_DAY,2026-03-09,U_ICU,S12_DAY,STF_ICU_007,Registered Nurse,Licensed,Core Staff,11.5,0.0,11.5,56.91,654.46
2026-03-09_U_ICU_S12_NIGHT,2026-03-09,U_ICU,S12_NIGHT,STF_ICU_028,Registered Nurse,Licensed,Core Staff,11.5,0.0,11.5,53.09,610.54
2026-03-09_U_ICU_S12_NIGHT,2026-03-09,U_ICU,S12_NIGHT,STF_ICU_012,Registered Nurse,Licensed,Agency/Traveler,11.5,0.0,11.5,54.96,632.04
2026-03-09_U_ICU_S12_NIGHT,2026-03-09,U_ICU,S12_NIGHT,STF_ICU_025,Registered Nurse,Licensed,Core Staff,11.5,0.0,11.5,48.6,558.9
2026-03-09_U_ICU_S12_NIGHT,2026-03-09,U_ICU,S12_NIGHT,STF_ICU_003,Registered Nurse,Licensed,Core Staff,11.5,0.0,11.5,54.41,625.71
2026-03-09_U_ICU_S12_NIGHT,2026-03-09,U_ICU,S12_NIGHT,STF_ICU_033,Certified Nursing Assistant,Unlicensed,Core Staff,11.5,0.0,11.5,36.38,418.37
2026-03-09_U_ICU_S12_NIGHT,2026-03-09,U_ICU,S12_NIGHT,STF_ICU_031,Certified Nursing Assistant,Unlicensed,Core Staff,11.5,0.0,11.5,33.5,385.25
2026-03-09_U_ICU_S12_NIGHT,2026-03-09,U_ICU,S12_NIGHT,STF_ICU_011,Registered Nurse,Licensed,Core Staff,11.5,0.0,11.5,57.01,655.62
2026-03-09_U_ICU_S12_NIGHT,2026-03-09,U_ICU,S12_NIGHT,STF_ICU_006,Registered Nurse,Licensed,Core Staff,11.5,0.0,11.5,51.93,597.2
2026-03-09_U_INT_S08_DAY,2026-03-09,U_INT,S08_DAY,STF_INT_064,Licensed Practical Nurse,Licensed,Core Staff,7.5,0.0,7.5,39.65,297.38
2026-03-09_U_INT_S08_DAY,2026-03-09,U_INT,S08_DAY,STF_INT_002,Registered Nurse,Licensed,Core Staff,7.5,0.0,7.5,59.76,448.2
2026-03-09_U_INT_S08_DAY,2026-03-09,U_INT,S08_DAY,STF_INT_043,Registered Nurse,Licensed,Overtime,7.5,0.0,7.5,49.9,374.25
2026-03-09_U_INT_S08_DAY,2026-03-09,U_INT,S08_DAY,STF_INT_025,Registered Nurse,Licensed,Core Staff,7.5,0.0,7.5,52.52,393.9
2026-03-09_U_INT_S08_DAY,2026-03-09,U_INT,S08_DAY,STF_INT_031,Registered Nurse,Licensed,Core Staff,7.5,0.0,7.5,55.87,419.02
2026-03-09_U_INT_S08_DAY,2026-03-09,U_INT,S08_DAY,STF_INT_049,Registered Nurse,Licensed,Overtime,7.5,0.0,7.5,59.02,442.65
2026-03-09_U_INT_S08_DAY,2026-03-09,U_INT,S08_DAY,STF_INT_015,Registered Nurse,Licensed,Core Staff,7.5,0.0,7.5,58.09,435.68
2026-03-09_U_INT_S08_DAY,2026-03-09,U_INT,S08_DAY,STF_INT_034,Licensed Practical Nurse,Licensed,Core Staff,7.5,0.0,7.5,38.88,291.6
2026-03-09_U_INT_S08_EVE,2026-03-09,U_INT,S08_EVE,STF_INT_004,Registered Nurse,Licensed,Core Staff,7.5,0.0,7.5,48.94,367.05
2026-03-09_U_INT_S08_EVE,2026-03-09,U_INT,S08_EVE,STF_INT_047,Certified Nursing Assistant,Unlicensed,Core Staff,7.5,0.0,7.5,35.14,263.55
2026-03-09_U_INT_S08_EVE,2026-03-09,U_INT,S08_EVE,STF_INT_002,Registered Nurse,Licensed,Core Staff,7.5,0.0,7.5,54.94,412.05
2026-03-09_U_INT_S08_EVE,2026-03-09,U_INT,S08_EVE,STF_INT_035,Registered Nurse,Licensed,Float Pool,7.5,0.0,7.5,59.92,449.4
2026-03-09_U_INT_S08_EVE,2026-03-09,U_INT,S08_EVE,STF_INT_054,Registered Nurse,Licensed,Core Staff,7.5,0.0,7.5,54.18,406.35
2026-03-09_U_INT_S08_EVE,2026-03-09,U_INT,S08_EVE,STF_INT_027,Licensed Practical Nurse,Licensed,Float Pool,7.5,0.0,7.5,42.08,315.6
2026-03-09_U_INT_S08_EVE,2026-03-09,U_INT,S08_EVE,STF_INT_029,Licensed Practical Nurse,Licensed,Core Staff,7.5,0.0,7.5,43.45,325.88
2026-03-09_U_INT_S08_EVE,2026-03-09,U_INT,S08_EVE,STF_INT_055,Registered Nurse,Licensed,Core Staff,7.5,0.0,7.5,57.85,433.88
2026-03-09_U_INT_S08_NIGHT,2026-03-09,U_INT,S08_NIGHT,STF_INT_059,Registered Nurse,Licensed,Core Staff,7.5,0.0,7.5,52.08,390.6
2026-03-09_U_INT_S08_NIGHT,2026-03-09,U_INT,S08_NIGHT,STF_INT_029,Licensed Practical Nurse,Licensed,Core Staff,7.5,0.0,7.5,45.17,338.78
2026-03-09_U_INT_S08_NIGHT,2026-03-09,U_INT,S08_NIGHT,STF_INT_060,Registered Nurse,Licensed,Agency/Traveler,7.5,0.0,7.5,56.38,422.85
2026-03-09_U_INT_S08_NIGHT,2026-03-09,U_INT,S08_NIGHT,STF_INT_061,Registered Nurse,Licensed,Core Staff,7.5,0.0,7.5,56.47,423.52
2026-03-09_U_INT_S08_NIGHT,2026-03-09,U_INT,S08_NIGHT,STF_INT_038,Registered Nurse,Licensed,Core Staff,7.5,0.0,7.5,57.16,428.7
2026-03-09_U_INT_S08_NIGHT,2026-03-09,U_INT,S08_NIGHT,STF_INT_002,Registered Nurse,Licensed,Core Staff,7.5,0.0,7.5,57.4,430.5
2026-03-09_U_INT_S08_NIGHT,2026-03-09,U_INT,S08_NIGHT,STF_INT_045,Registered Nurse,Licensed,Core Staff,7.5,0.0,7.5,59.29,444.68
2026-03-10_U_ICU_S12_DAY,2026-03-10,U_ICU,S12_DAY,STF_ICU_032,Certified Nursing Assistant,Unlicensed,Core Staff,11.5,0.0,11.5,34.13,392.5
2026-03-10_U_ICU_S12_DAY,2026-03-10,U_ICU,S12_DAY,STF_ICU_035,Certified Nursing Assistant,Unlicensed,Agency/Traveler,11.5,0.0,11.5,34.68,398.82
2026-03-10_U_ICU_S12_DAY,2026-03-10,U_ICU,S12_DAY,STF_ICU_003,Registered Nurse,Licensed,Core Staff,11.5,0.0,11.5,57.83,665.04
2026-03-10_U_ICU_S12_DAY,2026-03-10,U_ICU,S12_DAY,STF_ICU_023,Registered Nurse,Licensed,Core Staff,11.5,0.0,11.5,57.57,662.06
2026-03-10_U_ICU_S12_DAY,2026-03-10,U_ICU,S12_DAY,STF_ICU_016,Registered Nurse,Licensed,Core Staff,11.5,0.0,11.5,59.92,689.08
2026-03-10_U_ICU_S12_DAY,2026-03-10,U_ICU,S12_DAY,STF_ICU_012,Registered Nurse,Licensed,Agency/Traveler,11.5,0.0,11.5,57.7,663.55
2026-03-10_U_ICU_S12_NIGHT,2026-03-10,U_ICU,S12_NIGHT,STF_ICU_026,Registered Nurse,Licensed,Overtime,11.5,0.0,11.5,57.35,659.52
2026-03-10_U_ICU_S12_NIGHT,2026-03-10,U_ICU,S12_NIGHT,STF_ICU_014,Registered Nurse,Licensed,Core Staff,11.5,0.0,11.5,53.17,611.46
2026-03-10_U_ICU_S12_NIGHT,2026-03-10,U_ICU,S12_NIGHT,STF_ICU_010,Registered Nurse,Licensed,Core Staff,11.5,0.0,11.5,49.32,567.18
2026-03-10_U_ICU_S12_NIGHT,2026-03-10,U_ICU,S12_NIGHT,STF_ICU_009,Registered Nurse,Licensed,Core Staff,11.5,0.0,11.5,50.64,582.36
2026-03-10_U_ICU_S12_NIGHT,2026-03-10,U_ICU,S12_NIGHT,STF_ICU_017,Registered Nurse,Licensed,Core Staff,11.5,0.0,11.5,59.81,687.82
2026-03-10_U_ICU_S12_NIGHT,2026-03-10,U_ICU,S12_NIGHT,STF_ICU_012,Registered Nurse,Licensed,Agency/Traveler,11.5,0.0,11.5,52.59,604.79
2026-03-10_U_ICU_S12_NIGHT,2026-03-10,U_ICU,S12_NIGHT,STF_ICU_033,Certified Nursing Assistant,Unlicensed,Core Staff,11.5,0.0,11.5,30.11,346.26
2026-03-10_U_ICU_S12_NIGHT,2026-03-10,U_ICU,S12_NIGHT,STF_ICU_001,Registered Nurse,Licensed,Core Staff,11.5,0.0,11.5,54.65,628.48
2026-03-10_U_ICU_S12_NIGHT,2026-03-10,U_ICU,S12_NIGHT,STF_ICU_016,Registered Nurse,Licensed,Core Staff,11.5,0.0,11.5,54.8,630.2
2026-03-10_U_INT_S08_DAY,2026-03-10,U_INT,S08_DAY,STF_INT_015,Registered Nurse,Licensed,Agency/Traveler,7.5,0.0,7.5,56.85,426.38
2026-03-10_U_INT_S08_DAY,2026-03-10,U_INT,S08_DAY,STF_INT_028,Registered Nurse,Licensed,Agency/Traveler,7.5,0.0,7.5,57.19,428.92
2026-03-10_U_INT_S08_DAY,2026-03-10,U_INT,S08_DAY,STF_INT_043,Registered Nurse,Licensed,Overtime,7.5,0.0,7.5,52.25,391.88
2026-03-10_U_INT_S08_DAY,2026-03-10,U_INT,S08_DAY,STF_INT_060,Registered Nurse,Licensed,Agency/Traveler,7.5,0.0,7.5,51.65,387.38
2026-03-10_U_INT_S08_DAY,2026-03-10,U_INT,S08_DAY,STF_INT_009,Certified Nursing Assistant,Unlicensed,Float Pool,7.5,0.0,7.5,34.9,261.75
2026-03-10_U_INT_S08_DAY,2026-03-10,U_INT,S08_DAY,STF_INT_006,Licensed Practical Nurse,Licensed,Core Staff,7.5,0.0,7.5,42.13,315.98
2026-03-10_U_INT_S08_DAY,2026-03-10,U_INT,S08_DAY,STF_INT_064,Licensed Practical Nurse,Licensed,Core Staff,7.5,0.0,7.5,45.71,342.82
2026-03-10_U_INT_S08_DAY,2026-03-10,U_INT,S08_DAY,STF_INT_038,Registered Nurse,Licensed,Core Staff,7.5,0.0,7.5,59.45,445.88
2026-03-10_U_INT_S08_DAY,2026-03-10,U_INT,S08_DAY,STF_INT_034,Licensed Practical Nurse,Licensed,Core Staff,7.5,0.0,7.5,39.1,293.25
2026-03-10_U_INT_S08_EVE,2026-03-10,U_INT,S08_EVE,STF_INT_046,Registered Nurse,Licensed,Overtime,7.5,0.0,7.5,51.95,389.62
2026-03-10_U_INT_S08_EVE,2026-03-10,U_INT,S08_EVE,STF_INT_053,Certified Nursing Assistant,Unlicensed,Agency/Traveler,7.5,0.0,7.5,35.96,269.7
2026-03-10_U_INT_S08_EVE,2026-03-10,U_INT,S08_EVE,STF_INT_055,Registered Nurse,Licensed,Core Staff,7.5,0.0,7.5,59.84,448.8
2026-03-10_U_INT_S08_EVE,2026-03-10,U_INT,S08_EVE,STF_INT_050,Registered Nurse,Licensed,Float Pool,7.5,0.0,7.5,59.79,448.42
2026-03-10_U_INT_S08_EVE,2026-03-10,U_INT,S08_EVE,STF_INT_057,Registered Nurse,Licensed,Core Staff,5.5,2.0,7.5,56.87,426.52
2026-03-10_U_INT_S08_EVE,2026-03-10,U_INT,S08_EVE,STF_INT_009,Certified Nursing Assistant,Unlicensed,Float Pool,7.5,0.0,7.5,35.74,268.05
2026-03-10_U_INT_S08_EVE,2026-03-10,U_INT,S08_EVE,STF_INT_021,Licensed Practical Nurse,Licensed,Core Staff,7.5,0.0,7.5,46.99,352.42
2026-03-10_U_INT_S08_EVE,2026-03-10,U_INT,S08_EVE,STF_INT_064,Licensed Practical Nurse,Licensed,Core Staff,7.5,0.0,7.5,38.07,285.52
2026-03-10_U_INT_S08_NIGHT,2026-03-10,U_INT,S08_NIGHT,STF_INT_029,Licensed Practical Nurse,Licensed,Core Staff,7.5,0.0,7.5,45.02,337.65
2026-03-10_U_INT_S08_NIGHT,2026-03-10,U_INT,S08_NIGHT,STF_INT_031,Registered Nurse,Licensed,Core Staff,7.5,0.0,7.5,52.61,394.58
2026-03-10_U_INT_S08_NIGHT,2026-03-10,U_INT,S08_NIGHT,STF_INT_027,Licensed Practical Nurse,Licensed,Overtime,7.5,0.0,7.5,38.89,291.68
2026-03-10_U_INT_S08_NIGHT,2026-03-10,U_INT,S08_NIGHT,STF_INT_014,Registered Nurse,Licensed,Overtime,7.5,0.0,7.5,50.34,377.55
2026-03-10_U_INT_S08_NIGHT,2026-03-10,U_INT,S08_NIGHT,STF_INT_047,Certified Nursing Assistant,Unlicensed,Core Staff,7.5,0.0,7.5,31.34,235.05
2026-03-10_U_INT_S08_NIGHT,2026-03-10,U_INT,S08_NIGHT,STF_INT_035,Registered Nurse,Licensed,Float Pool,7.5,0.0,7.5,49.16,368.7
2026-03-11_U_ICU_S12_DAY,2026-03-11,U_ICU,S12_DAY,STF_ICU_024,Registered Nurse,Licensed,Core Staff,11.5,0.0,11.5,56.75,652.62
2026-03-11_U_ICU_S12_DAY,2026-03-11,U_ICU,S12_DAY,STF_ICU_017,Registered Nurse,Licensed,Core Staff,11.5,0.0,11.5,56.34,647.91
2026-03-11_U_ICU_S12_DAY,2026-03-11,U_ICU,S12_DAY,STF_ICU_030,Registered Nurse,Licensed,Core Staff,11.5,0.0,11.5,56.32,647.68
2026-03-11_U_ICU_S12_DAY,2026-03-11,U_ICU,S12_DAY,STF_ICU_035,Certified Nursing Assistant,Unlicensed,Agency/Traveler,11.5,0.0,11.5,33.35,383.52
2026-03-11_U_ICU_S12_DAY,2026-03-11,U_ICU,S12_DAY,STF_ICU_028,Registered Nurse,Licensed,Core Staff,11.5,0.0,11.5,57.35,659.52
2026-03-11_U_ICU_S12_DAY,2026-03-11,U_ICU,S12_DAY,STF_ICU_029,Registered Nurse,Licensed,Float Pool,11.5,0.0,11.5,49.31,567.07
2026-03-11_U_ICU_S12_NIGHT,2026-03-11,U_ICU,S12_NIGHT,STF_ICU_016,Registered Nurse,Licensed,Core Staff,11.5,0.0,11.5,49.39,567.98
2026-03-11_U_ICU_S12_NIGHT,2026-03-11,U_ICU,S12_NIGHT,STF_ICU_003,Registered Nurse,Licensed,Core Staff,11.5,0.0,11.5,51.26,589.49
2026-03-11_U_ICU_S12_NIGHT,2026-03-11,U_ICU,S12_NIGHT,STF_ICU_032,Certified Nursing Assistant,Unlicensed,Core Staff,11.5,0.0,11.5,31.22,359.03
2026-03-11_U_ICU_S12_NIGHT,2026-03-11,U_ICU,S12_NIGHT,STF_ICU_031,Certified Nursing Assistant,Unlicensed,Core Staff,11.5,0.0,11.5,33.61,386.52
2026-03-11_U_ICU_S12_NIGHT,2026-03-11,U_ICU,S12_NIGHT,STF_ICU_024,Registered Nurse,Licensed,Core Staff,11.5,0.0,11.5,52.78,606.97
2026-03-11_U_ICU_S12_NIGHT,2026-03-11,U_ICU,S12_NIGHT,STF_ICU_008,Registered Nurse,Licensed,Float Pool,11.5,0.0,11.5,56.51,649.86
2026-03-11_U_ICU_S12_NIGHT,2026-03-11,U_ICU,S12_NIGHT,STF_ICU_029,Registered Nurse,Licensed,Core Staff,11.5,0.0,11.5,51.27,589.6
2026-03-11_U_INT_S08_DAY,2026-03-11,U_INT,S08_DAY,STF_INT_020,Certified Nursing Assistant,Unlicensed,Core Staff,7.5,0.0,7.5,34.97,262.27
2026-03-11_U_INT_S08_DAY,2026-03-11,U_INT,S08_DAY,STF_INT_052,Licensed Practical Nurse,Licensed,Core Staff,7.5,0.0,7.5,40.02,300.15
2026-03-11_U_INT_S08_DAY,2026-03-11,U_INT,S08_DAY,STF_INT_041,Certified Nursing Assistant,Unlicensed,Overtime,7.5,0.0,7.5,32.73,245.47
2026-03-11_U_INT_S08_DAY,2026-03-11,U_INT,S08_DAY,STF_INT_055,Registered Nurse,Licensed,Core Staff,7.5,0.0,7.5,53.04,397.8
2026-03-11_U_INT_S08_DAY,2026-03-11,U_INT,S08_DAY,STF_INT_024,Licensed Practical Nurse,Licensed,Core Staff,7.5,0.0,7.5,44.28,332.1
2026-03-11_U_INT_S08_DAY,2026-03-11,U_INT,S08_DAY,STF_INT_028,Registered Nurse,Licensed,Core Staff,7.5,0.0,7.5,54.24,406.8
2026-03-11_U_INT_S08_DAY,2026-03-11,U_INT,S08_DAY,STF_INT_017,Certified Nursing Assistant,Unlicensed,Core Staff,7.5,0.0,7.5,31.88,239.1
2026-03-11_U_INT_S08_DAY,2026-03-11,U_INT,S08_DAY,STF_INT_027,Licensed Practical Nurse,Licensed,Overtime,7.5,0.0,7.5,43.72,327.9
2026-03-11_U_INT_S08_DAY,2026-03-11,U_INT,S08_DAY,STF_INT_046,Registered Nurse,Licensed,Overtime,7.5,0.0,7.5,50.47,378.52
2026-03-11_U_INT_S08_EVE,2026-03-11,U_INT,S08_EVE,STF_INT_002,Registered Nurse,Licensed,Core Staff,7.5,0.0,7.5,59.39,445.42
2026-03-11_U_INT_S08_EVE,2026-03-11,U_INT,S08_EVE,STF_INT_022,Registered Nurse,Licensed,Core Staff,7.5,0.0,7.5,49.04,367.8
2026-03-11_U_INT_S08_EVE,2026-03-11,U_INT,S08_EVE,STF_INT_032,Registered Nurse,Licensed,Core Staff,7.5,0.0,7.5,58.02,435.15
2026-03-11_U_INT_S08_EVE,2026-03-11,U_INT,S08_EVE,STF_INT_053,Certified Nursing Assistant,Unlicensed,Agency/Traveler,7.5,0.0,7.5,34.75,260.62
2026-03-11_U_INT_S08_EVE,2026-03-11,U_INT,S08_EVE,STF_INT_064,Licensed Practical Nurse,Licensed,Float Pool,7.5,0.0,7.5,45.51,341.32
2026-03-11_U_INT_S08_EVE,2026-03-11,U_INT,S08_EVE,STF_INT_058,Registered Nurse,Licensed,Float Pool,7.5,0.0,7.5,49.12,368.4
2026-03-11_U_INT_S08_EVE,2026-03-11,U_INT,S08_EVE,STF_INT_048,Registered Nurse,Licensed,Core Staff,7.5,0.0,7.5,52.17,391.28
2026-03-11_U_INT_S08_EVE,2026-03-11,U_INT,S08_EVE,STF_INT_017,Certified Nursing Assistant,Unlicensed,Core Staff,7.5,0.0,7.5,35.45,265.88
2026-03-11_U_INT_S08_NIGHT,2026-03-11,U_INT,S08_NIGHT,STF_INT_048,Registered Nurse,Licensed,Core Staff,7.5,0.0,7.5,48.5,363.75
2026-03-11_U_INT_S08_NIGHT,2026-03-11,U_INT,S08_NIGHT,STF_INT_017,Certified Nursing Assistant,Unlicensed,Core Staff,7.5,0.0,7.5,33.14,248.55
2026-03-11_U_INT_S08_NIGHT,2026-03-11,U_INT,S08_NIGHT,STF_INT_064,Licensed Practical Nurse,Licensed,Core Staff,7.5,0.0,7.5,41.74,313.05
2026-03-11_U_INT_S08_NIGHT,2026-03-11,U_INT,S08_NIGHT,STF_INT_033,Registered Nurse,Licensed,Float Pool,7.5,0.0,7.5,57.49,431.18
2026-03-11_U_INT_S08_NIGHT,2026-03-11,U_INT,S08_NIGHT,STF_INT_032,Registered Nurse,Licensed,Core Staff,7.5,0.0,7.5,58.78,440.85
2026-03-11_U_INT_S08_NIGHT,2026-03-11,U_INT,S08_NIGHT,STF_INT_063,Licensed Practical Nurse,Licensed,Core Staff,7.5,0.0,7.5,43.95,329.62
2026-03-12_U_ICU_S12_DAY,2026-03-12,U_ICU,S12_DAY,STF_ICU_023,Registered Nurse,Licensed,Core Staff,11.5,0.0,11.5,59.21,680.92
2026-03-12_U_ICU_S12_DAY,2026-03-12,U_ICU,S12_DAY,STF_ICU_014,Registered Nurse,Licensed,Core Staff,11.5,0.0,11.5,56.77,652.86
2026-03-12_U_ICU_S12_DAY,2026-03-12,U_ICU,S12_DAY,STF_ICU_030,Registered Nurse,Licensed,Core Staff,11.5,0.0,11.5,53.89,619.74
2026-03-12_U_ICU_S12_DAY,2026-03-12,U_ICU,S12_DAY,STF_ICU_004,Registered Nurse,Licensed,Core Staff,11.5,0.0,11.5,51.09,587.54
2026-03-12_U_ICU_S12_DAY,2026-03-12,U_ICU,S12_DAY,STF_ICU_033,Certified Nursing Assistant,Unlicensed,Core Staff,11.5,0.0,11.5,32.07,368.8
2026-03-12_U_ICU_S12_DAY,2026-03-12,U_ICU,S12_DAY,STF_ICU_013,Registered Nurse,Licensed,Overtime,11.5,0.0,11.5,55.69,640.43
2026-03-12_U_ICU_S12_NIGHT,2026-03-12,U_ICU,S12_NIGHT,STF_ICU_010,Registered Nurse,Licensed,Core Staff,9.5,2.0,11.5,58.56,673.44
2026-03-12_U_ICU_S12_NIGHT,2026-03-12,U_ICU,S12_NIGHT,STF_ICU_031,Certified Nursing Assistant,Unlicensed,Core Staff,11.5,0.0,11.5,31.28,359.72
2026-03-12_U_ICU_S12_NIGHT,2026-03-12,U_ICU,S12_NIGHT,STF_ICU_034,Certified Nursing Assistant,Unlicensed,Agency/Traveler,11.5,0.0,11.5,35.51,408.36
2026-03-12_U_ICU_S12_NIGHT,2026-03-12,U_ICU,S12_NIGHT,STF_ICU_020,Registered Nurse,Licensed,Core Staff,11.5,0.0,11.5,50.54,581.21
2026-03-12_U_ICU_S12_NIGHT,2026-03-12,U_ICU,S12_NIGHT,STF_ICU_035,Certified Nursing Assistant,Unlicensed,Agency/Traveler,11.5,0.0,11.5,33.26,382.49
2026-03-12_U_ICU_S12_NIGHT,2026-03-12,U_ICU,S12_NIGHT,STF_ICU_007,Registered Nurse,Licensed,Core Staff,11.5,0.0,11.5,58.82,676.43
2026-03-12_U_INT_S08_DAY,2026-03-12,U_INT,S08_DAY,STF_INT_037,Certified Nursing Assistant,Unlicensed,Core Staff,7.5,0.0,7.5,34.8,261.0
2026-03-12_U_INT_S08_DAY,2026-03-12,U_INT,S08_DAY,STF_INT_005,Certified Nursing Assistant,Unlicensed,Core Staff,7.5,0.0,7.5,30.62,229.65
2026-03-12_U_INT_S08_DAY,2026-03-12,U_INT,S08_DAY,STF_INT_043,Registered Nurse,Licensed,Overtime,7.5,0.0,7.5,55.45,415.88
2026-03-12_U_INT_S08_DAY,2026-03-12,U_INT,S08_DAY,STF_INT_009,Certified Nursing Assistant,Unlicensed,Float Pool,7.5,0.0,7.5,30.95,232.12
2026-03-12_U_INT_S08_DAY,2026-03-12,U_INT,S08_DAY,STF_INT_051,Registered Nurse,Licensed,Core Staff,7.5,0.0,7.5,50.29,377.18
2026-03-12_U_INT_S08_DAY,2026-03-12,U_INT,S08_DAY,STF_INT_025,Registered Nurse,Licensed,Core Staff,7.5,0.0,7.5,55.57,416.78
2026-03-12_U_INT_S08_DAY,2026-03-12,U_INT,S08_DAY,STF_INT_027,Licensed Practical Nurse,Licensed,Overtime,7.5,0.0,7.5,41.76,313.2
2026-03-12_U_INT_S08_DAY,2026-03-12,U_INT,S08_DAY,STF_INT_053,Certified Nursing Assistant,Unlicensed,Agency/Traveler,7.5,0.0,7.5,34.81,261.08
2026-03-12_U_INT_S08_EVE,2026-03-12,U_INT,S08_EVE,STF_INT_027,Licensed Practical Nurse,Licensed,Overtime,7.5,0.0,7.5,43.09,323.18
2026-03-12_U_INT_S08_EVE,2026-03-12,U_INT,S08_EVE,STF_INT_004,Registered Nurse,Licensed,Core Staff,7.5,0.0,7.5,58.35,437.62
2026-03-12_U_INT_S08_EVE,2026-03-12,U_INT,S08_EVE,STF_INT_011,Certified Nursing Assistant,Unlicensed,Core Staff,7.5,0.0,7.5,33.17,248.78
2026-03-12_U_INT_S08_EVE,2026-03-12,U_INT,S08_EVE,STF_INT_040,Certified Nursing Assistant,Unlicensed,Core Staff,7.5,0.0,7.5,35.84,268.8
2026-03-12_U_INT_S08_EVE,2026-03-12,U_INT,S08_EVE,STF_INT_044,Certified Nursing Assistant,Unlicensed,Agency/Traveler,7.5,0.0,7.5,35.18,263.85
2026-03-12_U_INT_S08_EVE,2026-03-12,U_INT,S08_EVE,STF_INT_039,Registered Nurse,Licensed,Float Pool,7.5,0.0,7.5,49.76,373.2
2026-03-12_U_INT_S08_EVE,2026-03-12,U_INT,S08_EVE,STF_INT_063,Licensed Practical Nurse,Licensed,Core Staff,7.5,0.0,7.5,46.64,349.8
2026-03-12_U_INT_S08_EVE,2026-03-12,U_INT,S08_EVE,STF_INT_030,Licensed Practical Nurse,Licensed,Core Staff,7.5,0.0,7.5,43.47,326.02
2026-03-12_U_INT_S08_NIGHT,2026-03-12,U_INT,S08_NIGHT,STF_INT_017,Certified Nursing Assistant,Unlicensed,Core Staff,7.5,0.0,7.5,32.08,240.6
2026-03-12_U_INT_S08_NIGHT,2026-03-12,U_INT,S08_NIGHT,STF_INT_034,Licensed Practical Nurse,Licensed,Core Staff,7.5,0.0,7.5,47.26,354.45
2026-03-12_U_INT_S08_NIGHT,2026-03-12,U_INT,S08_NIGHT,STF_INT_007,Registered Nurse,Licensed,Core Staff,7.5,0.0,7.5,54.41,408.08
2026-03-12_U_INT_S08_NIGHT,2026-03-12,U_INT,S08_NIGHT,STF_INT_028,Registered Nurse,Licensed,Core Staff,7.5,0.0,7.5,57.58,431.85
2026-03-12_U_INT_S08_NIGHT,2026-03-12,U_INT,S08_NIGHT,STF_INT_038,Registered Nurse,Licensed,Core Staff,7.5,0.0,7.5,58.91,441.82
2026-03-12_U_INT_S08_NIGHT,2026-03-12,U_INT,S08_NIGHT,STF_INT_014,Registered Nurse,Licensed,Overtime,7.5,0.0,7.5,49.98,374.85
2026-03-13_U_ICU_S12_DAY,2026-03-13,U_ICU,S12_DAY,STF_ICU_007,Registered Nurse,Licensed,Core Staff,11.5,0.0,11.5,59.13,680.0
2026-03-13_U_ICU_S12_DAY,2026-03-13,U_ICU,S12_DAY,STF_ICU_010,Registered Nurse,Licensed,Core Staff,11.5,0.0,11.5,53.71,617.66
2026-03-13_U_ICU_S12_DAY,2026-03-13,U_ICU,S12_DAY,STF_ICU_013,Registered Nurse,Licensed,Overtime,11.5,0.0,11.5,51.92,597.08
2026-03-13_U_ICU_S12_DAY,2026-03-13,U_ICU,S12_DAY,STF_ICU_021,Registered Nurse,Licensed,Agency/Traveler,11.5,0.0,11.5,51.54,592.71
2026-03-13_U_ICU_S12_DAY,2026-03-13,U_ICU,S12_DAY,STF_ICU_031,Certified Nursing Assistant,Unlicensed,Core Staff,11.5,0.0,11.5,30.46,350.29
2026-03-13_U_ICU_S12_DAY,2026-03-13,U_ICU,S12_DAY,STF_ICU_018,Registered Nurse,Licensed,Core Staff,11.5,0.0,11.5,54.32,624.68
2026-03-13_U_ICU_S12_DAY,2026-03-13,U_ICU,S12_DAY,STF_ICU_019,Registered Nurse,Licensed,Core Staff,11.5,0.0,11.5,50.34,578.91
2026-03-13_U_ICU_S12_NIGHT,2026-03-13,U_ICU,S12_NIGHT,STF_ICU_013,Registered Nurse,Licensed,Overtime,11.5,0.0,11.5,52.82,607.43
2026-03-13_U_ICU_S12_NIGHT,2026-03-13,U_ICU,S12_NIGHT,STF_ICU_030,Registered Nurse,Licensed,Core Staff,11.5,0.0,11.5,49.15,565.22
2026-03-13_U_ICU_S12_NIGHT,2026-03-13,U_ICU,S12_NIGHT,STF_ICU_028,Registered Nurse,Licensed,Core Staff,11.5,0.0,11.5,53.25,612.38
2026-03-13_U_ICU_S12_NIGHT,2026-03-13,U_ICU,S12_NIGHT,STF_ICU_032,Certified Nursing Assistant,Unlicensed,Core Staff,11.5,0.0,11.5,30.57,351.56
2026-03-13_U_ICU_S12_NIGHT,2026-03-13,U_ICU,S12_NIGHT,STF_ICU_029,Registered Nurse,Licensed,Core Staff,11.5,0.0,11.5,58.76,675.74
2026-03-13_U_ICU_S12_NIGHT,2026-03-13,U_ICU,S12_NIGHT,STF_ICU_021,Registered Nurse,Licensed,Core Staff,11.5,0.0,11.5,56.37,648.26
2026-03-13_U_INT_S08_DAY,2026-03-13,U_INT,S08_DAY,STF_INT_060,Registered Nurse,Licensed,Agency/Traveler,7.5,0.0,7.5,57.9,434.25
2026-03-13_U_INT_S08_DAY,2026-03-13,U_INT,S08_DAY,STF_INT_010,Certified Nursing Assistant,Unlicensed,Core Staff,7.5,0.0,7.5,35.09,263.18
2026-03-13_U_INT_S08_DAY,2026-03-13,U_INT,S08_DAY,STF_INT_043,Registered Nurse,Licensed,Overtime,7.5,0.0,7.5,59.44,445.8
2026-03-13_U_INT_S08_DAY,2026-03-13,U_INT,S08_DAY,STF_INT_063,Licensed Practical Nurse,Licensed,Core Staff,7.5,0.0,7.5,45.07,338.02
2026-03-13_U_INT_S08_DAY,2026-03-13,U_INT,S08_DAY,STF_INT_020,Certified Nursing Assistant,Unlicensed,Core Staff,7.5,0.0,7.5,35.31,264.83
2026-03-13_U_INT_S08_DAY,2026-03-13,U_INT,S08_DAY,STF_INT_049,Registered Nurse,Licensed,Core Staff,7.5,0.0,7.5,56.54,424.05
2026-03-13_U_INT_S08_DAY,2026-03-13,U_INT,S08_DAY,STF_INT_055,Registered Nurse,Licensed,Overtime,7.5,0.0,7.5,52.53,393.98
2026-03-13_U_INT_S08_DAY,2026-03-13,U_INT,S08_DAY,STF_INT_021,Licensed Practical Nurse,Licensed,Core Staff,7.5,0.0,7.5,43.02,322.65
2026-03-13_U_INT_S08_DAY,2026-03-13,U_INT,S08_DAY,STF_INT_044,Certified Nursing Assistant,Unlicensed,Core Staff,7.5,0.0,7.5,30.19,226.42
2026-03-13_U_INT_S08_EVE,2026-03-13,U_INT,S08_EVE,STF_INT_024,Licensed Practical Nurse,Licensed,Core Staff,7.5,0.0,7.5,40.45,303.38
2026-03-13_U_INT_S08_EVE,2026-03-13,U_INT,S08_EVE,STF_INT_016,Registered Nurse,Licensed,Core Staff,7.5,0.0,7.5,54.8,411.0
2026-03-13_U_INT_S08_EVE,2026-03-13,U_INT,S08_EVE,STF_INT_009,Certified Nursing Assistant,Unlicensed,Float Pool,7.5,0.0,7.5,30.48,228.6
2026-03-13_U_INT_S08_EVE,2026-03-13,U_INT,S08_EVE,STF_INT_008,Registered Nurse,Licensed,Agency/Traveler,7.5,0.0,7.5,58.75,440.62
2026-03-13_U_INT_S08_EVE,2026-03-13,U_INT,S08_EVE,STF_INT_014,Registered Nurse,Licensed,Overtime,7.5,0.0,7.5,57.39,430.42
2026-03-13_U_INT_S08_EVE,2026-03-13,U_INT,S08_EVE,STF_INT_010,Certified Nursing Assistant,Unlicensed,Core Staff,7.5,0.0,7.5,35.19,263.92
2026-03-13_U_INT_S08_EVE,2026-03-13,U_INT,S08_EVE,STF_INT_002,Registered Nurse,Licensed,Core Staff,7.5,0.0,7.5,52.89,396.68
2026-03-13_U_INT_S08_EVE,2026-03-13,U_INT,S08_EVE,STF_INT_004,Registered Nurse,Licensed,Core Staff,7.5,0.0,7.5,51.33,384.98
2026-03-13_U_INT_S08_EVE,2026-03-13,U_INT,S08_EVE,STF_INT_012,Registered Nurse,Licensed,Core Staff,7.5,0.0,7.5,49.74,373.05
2026-03-13_U_INT_S08_NIGHT,2026-03-13,U_INT,S08_NIGHT,STF_INT_044,Certified Nursing Assistant,Unlicensed,Core Staff,7.5,0.0,7.5,35.75,268.12
2026-03-13_U_INT_S08_NIGHT,2026-03-13,U_INT,S08_NIGHT,STF_INT_001,Certified Nursing Assistant,Unlicensed,Float Pool,7.5,0.0,7.5,33.47,251.02
2026-03-13_U_INT_S08_NIGHT,2026-03-13,U_INT,S08_NIGHT,STF_INT_061,Registered Nurse,Licensed,Core Staff,7.5,0.0,7.5,49.78,373.35
2026-03-13_U_INT_S08_NIGHT,2026-03-13,U_INT,S08_NIGHT,STF_INT_052,Licensed Practical Nurse,Licensed,Core Staff,7.5,0.0,7.5,38.65,289.88
2026-03-13_U_INT_S08_NIGHT,2026-03-13,U_INT,S08_NIGHT,STF_INT_043,Registered Nurse,Licensed,Overtime,7.5,0.0,7.5,56.82,426.15
2026-03-13_U_INT_S08_NIGHT,2026-03-13,U_INT,S08_NIGHT,STF_INT_064,Licensed Practical Nurse,Licensed,Core Staff,7.5,0.0,7.5,43.61,327.08
2026-03-13_U_INT_S08_NIGHT,2026-03-13,U_INT,S08_NIGHT,STF_INT_029,Licensed Practical Nurse,Licensed,Core Staff,7.5,0.0,7.5,45.24,339.3
2026-03-14_U_ICU_S12_DAY,2026-03-14,U_ICU,S12_DAY,STF_ICU_034,Certified Nursing Assistant,Unlicensed,Agency/Traveler,11.5,0.0,11.5,33.85,389.28
2026-03-14_U_ICU_S12_DAY,2026-03-14,U_ICU,S12_DAY,STF_ICU_002,Registered Nurse,Licensed,Agency/Traveler,11.5,0.0,11.5,59.99,689.88
2026-03-14_U_ICU_S12_DAY,2026-03-14,U_ICU,S12_DAY,STF_ICU_017,Registered Nurse,Licensed,Core Staff,11.5,0.0,11.5,57.89,665.74
2026-03-14_U_ICU_S12_DAY,2026-03-14,U_ICU,S12_DAY,STF_ICU_001,Registered Nurse,Licensed,Core Staff,11.5,0.0,11.5,50.56,581.44
2026-03-14_U_ICU_S12_DAY,2026-03-14,U_ICU,S12_DAY,STF_ICU_005,Registered Nurse,Licensed,Core Staff,9.5,2.0,11.5,55.73,640.9
2026-03-14_U_ICU_S12_DAY,2026-03-14,U_ICU,S12_DAY,STF_ICU_010,Registered Nurse,Licensed,Core Staff,11.5,0.0,11.5,51.59,593.29
2026-03-14_U_ICU_S12_NIGHT,2026-03-14,U_ICU,S12_NIGHT,STF_ICU_035,Certified Nursing Assistant,Unlicensed,Agency/Traveler,11.5,0.0,11.5,35.85,412.28
2026-03-14_U_ICU_S12_NIGHT,2026-03-14,U_ICU,S12_NIGHT,STF_ICU_025,Registered Nurse,Licensed,Core Staff,11.5,0.0,11.5,57.05,656.08
2026-03-14_U_ICU_S12_NIGHT,2026-03-14,U_ICU,S12_NIGHT,STF_ICU_006,Registered Nurse,Licensed,Core Staff,11.5,0.0,11.5,56.09,645.04
2026-03-14_U_ICU_S12_NIGHT,2026-03-14,U_ICU,S12_NIGHT,STF_ICU_011,Registered Nurse,Licensed,Core Staff,9.5,2.0,11.5,50.4,579.6
2026-03-14_U_ICU_S12_NIGHT,2026-03-14,U_ICU,S12_NIGHT,STF_ICU_034,Certified Nursing Assistant,Unlicensed,Agency/Traveler,11.5,0.0,11.5,36.36,418.14
2026-03-14_U_ICU_S12_NIGHT,2026-03-14,U_ICU,S12_NIGHT,STF_ICU_024,Registered Nurse,Licensed,Core Staff,11.5,0.0,11.5,50.08,575.92
2026-03-14_U_INT_S08_DAY,2026-03-14,U_INT,S08_DAY,STF_INT_048,Registered Nurse,Licensed,Core Staff,7.5,0.0,7.5,53.48,401.1
2026-03-14_U_INT_S08_DAY,2026-03-14,U_INT,S08_DAY,STF_INT_044,Certified Nursing Assistant,Unlicensed,Core Staff,7.5,0.0,7.5,31.56,236.7
2026-03-14_U_INT_S08_DAY,2026-03-14,U_INT,S08_DAY,STF_INT_019,Registered Nurse,Licensed,Core Staff,7.5,0.0,7.5,58.5,438.75
2026-03-14_U_INT_S08_DAY,2026-03-14,U_INT,S08_DAY,STF_INT_025,Registered Nurse,Licensed,Core Staff,7.5,0.0,7.5,48.49,363.68
2026-03-14_U_INT_S08_DAY,2026-03-14,U_INT,S08_DAY,STF_INT_004,Registered Nurse,Licensed,Core Staff,7.5,0.0,7.5,59.87,449.02
2026-03-14_U_INT_S08_DAY,2026-03-14,U_INT,S08_DAY,STF_INT_061,Registered Nurse,Licensed,Core Staff,7.5,0.0,7.5,55.89,419.18
2026-03-14_U_INT_S08_DAY,2026-03-14,U_INT,S08_DAY,STF_INT_059,Registered Nurse,Licensed,Core Staff,7.5,0.0,7.5,51.7,387.75
2026-03-14_U_INT_S08_DAY,2026-03-14,U_INT,S08_DAY,STF_INT_036,Registered Nurse,Licensed,Core Staff,7.5,0.0,7.5,58.13,435.98
2026-03-14_U_INT_S08_DAY,2026-03-14,U_INT,S08_DAY,STF_INT_047,Certified Nursing Assistant,Unlicensed,Agency/Traveler,7.5,0.0,7.5,33.02,247.65
2026-03-14_U_INT_S08_EVE,2026-03-14,U_INT,S08_EVE,STF_INT_064,Licensed Practical Nurse,Licensed,Core Staff,7.5,0.0,7.5,42.0,315.0
2026-03-14_U_INT_S08_EVE,2026-03-14,U_INT,S08_EVE,STF_INT_041,Certified Nursing Assistant,Unlicensed,Agency/Traveler,7.5,0.0,7.5,31.06,232.95
2026-03-14_U_INT_S08_EVE,2026-03-14,U_INT,S08_EVE,STF_INT_059,Registered Nurse,Licensed,Core Staff,7.5,0.0,7.5,50.8,381.0
2026-03-14_U_INT_S08_EVE,2026-03-14,U_INT,S08_EVE,STF_INT_028,Registered Nurse,Licensed,Core Staff,7.5,0.0,7.5,50.28,377.1
2026-03-14_U_INT_S08_EVE,2026-03-14,U_INT,S08_EVE,STF_INT_058,Registered Nurse,Licensed,Float Pool,7.5,0.0,7.5,49.01,367.58
2026-03-14_U_INT_S08_EVE,2026-03-14,U_INT,S08_EVE,STF_INT_057,Registered Nurse,Licensed,Core Staff,7.5,0.0,7.5,60.0,450.0
2026-03-14_U_INT_S08_EVE,2026-03-14,U_INT,S08_EVE,STF_INT_036,Registered Nurse,Licensed,Core Staff,7.5,0.0,7.5,56.12,420.9
2026-03-14_U_INT_S08_EVE,2026-03-14,U_INT,S08_EVE,STF_INT_020,Certified Nursing Assistant,Unlicensed,Core Staff,7.5,0.0,7.5,33.34,250.05
2026-03-14_U_INT_S08_NIGHT,2026-03-14,U_INT,S08_NIGHT,STF_INT_024,Licensed Practical Nurse,Licensed,Core Staff,7.5,0.0,7.5,40.88,306.6
2026-03-14_U_INT_S08_NIGHT,2026-03-14,U_INT,S08_NIGHT,STF_INT_062,Certified Nursing Assistant,Unlicensed,Core Staff,7.5,0.0,7.5,31.71,237.82
2026-03-14_U_INT_S08_NIGHT,2026-03-14,U_INT,S08_NIGHT,STF_INT_020,Certified Nursing Assistant,Unlicensed,Core Staff,7.5,0.0,7.5,32.28,242.1
2026-03-14_U_INT_S08_NIGHT,2026-03-14,U_INT,S08_NIGHT,STF_INT_015,Registered Nurse,Licensed,Core Staff,7.5,0.0,7.5,57.86,433.95
2026-03-14_U_INT_S08_NIGHT,2026-03-14,U_INT,S08_NIGHT,STF_INT_008,Registered Nurse,Licensed,Overtime,7.5,0.0,7.5,55.5,416.25
2026-03-15_U_ICU_S12_DAY,2026-03-15,U_ICU,S12_DAY,STF_ICU_001,Registered Nurse,Licensed,Core Staff,11.5,0.0,11.5,55.11,633.76
2026-03-15_U_ICU_S12_DAY,2026-03-15,U_ICU,S12_DAY,STF_ICU_032,Certified Nursing Assistant,Unlicensed,Core Staff,11.5,0.0,11.5,32.16,369.84
2026-03-15_U_ICU_S12_DAY,2026-03-15,U_ICU,S12_DAY,STF_ICU_007,Registered Nurse,Licensed,Core Staff,11.5,0.0,11.5,59.22,681.03
2026-03-15_U_ICU_S12_DAY,2026-03-15,U_ICU,S12_DAY,STF_ICU_004,Registered Nurse,Licensed,Core Staff,11.5,0.0,11.5,59.74,687.01
2026-03-15_U_ICU_S12_DAY,2026-03-15,U_ICU,S12_DAY,STF_ICU_017,Registered Nurse,Licensed,Overtime,11.5,0.0,11.5,48.47,557.4
2026-03-15_U_ICU_S12_DAY,2026-03-15,U_ICU,S12_DAY,STF_ICU_008,Registered Nurse,Licensed,Float Pool,11.5,0.0,11.5,57.32,659.18
2026-03-15_U_ICU_S12_NIGHT,2026-03-15,U_ICU,S12_NIGHT,STF_ICU_018,Registered Nurse,Licensed,Core Staff,11.5,0.0,11.5,56.84,653.66
2026-03-15_U_ICU_S12_NIGHT,2026-03-15,U_ICU,S12_NIGHT,STF_ICU_016,Registered Nurse,Licensed,Core Staff,11.5,0.0,11.5,49.28,566.72
2026-03-15_U_ICU_S12_NIGHT,2026-03-15,U_ICU,S12_NIGHT,STF_ICU_030,Registered Nurse,Licensed,Agency/Traveler,11.5,0.0,11.5,55.45,637.68
2026-03-15_U_ICU_S12_NIGHT,2026-03-15,U_ICU,S12_NIGHT,STF_ICU_022,Registered Nurse,Licensed,Core Staff,9.5,2.0,11.5,49.2,565.8
2026-03-15_U_ICU_S12_NIGHT,2026-03-15,U_ICU,S12_NIGHT,STF_ICU_012,Registered Nurse,Licensed,Float Pool,11.5,0.0,11.5,50.03,575.34
2026-03-15_U_ICU_S12_NIGHT,2026-03-15,U_ICU,S12_NIGHT,STF_ICU_014,Registered Nurse,Licensed,Core Staff,11.5,0.0,11.5,57.3,658.95
2026-03-15_U_ICU_S12_NIGHT,2026-03-15,U_ICU,S12_NIGHT,STF_ICU_034,Certified Nursing Assistant,Unlicensed,Agency/Traveler,11.5,0.0,11.5,31.96,367.54
2026-03-15_U_ICU_S12_NIGHT,2026-03-15,U_ICU,S12_NIGHT,STF_ICU_015,Registered Nurse,Licensed,Core Staff,11.5,0.0,11.5,49.97,574.66
2026-03-15_U_INT_S08_DAY,2026-03-15,U_INT,S08_DAY,STF_INT_015,Registered Nurse,Licensed,Core Staff,7.5,0.0,7.5,48.83,366.22
2026-03-15_U_INT_S08_DAY,2026-03-15,U_INT,S08_DAY,STF_INT_024,Licensed Practical Nurse,Licensed,Core Staff,7.5,0.0,7.5,43.77,328.28
2026-03-15_U_INT_S08_DAY,2026-03-15,U_INT,S08_DAY,STF_INT_055,Registered Nurse,Licensed,Core Staff,7.5,0.0,7.5,52.97,397.28
2026-03-15_U_INT_S08_DAY,2026-03-15,U_INT,S08_DAY,STF_INT_063,Licensed Practical Nurse,Licensed,Core Staff,7.5,0.0,7.5,43.3,324.75
2026-03-15_U_INT_S08_DAY,2026-03-15,U_INT,S08_DAY,STF_INT_052,Licensed Practical Nurse,Licensed,Core Staff,7.5,0.0,7.5,41.96,314.7
2026-03-15_U_INT_S08_DAY,2026-03-15,U_INT,S08_DAY,STF_INT_030,Licensed Practical Nurse,Licensed,Core Staff,7.5,0.0,7.5,39.54,296.55
2026-03-15_U_INT_S08_DAY,2026-03-15,U_INT,S08_DAY,STF_INT_033,Registered Nurse,Licensed,Core Staff,7.5,0.0,7.5,51.66,387.45
2026-03-15_U_INT_S08_DAY,2026-03-15,U_INT,S08_DAY,STF_INT_062,Certified Nursing Assistant,Unlicensed,Core Staff,7.5,0.0,7.5,33.58,251.85
2026-03-15_U_INT_S08_EVE,2026-03-15,U_INT,S08_EVE,STF_INT_050,Registered Nurse,Licensed,Float Pool,7.5,0.0,7.5,48.79,365.92
2026-03-15_U_INT_S08_EVE,2026-03-15,U_INT,S08_EVE,STF_INT_045,Registered Nurse,Licensed,Core Staff,7.5,0.0,7.5,50.24,376.8
2026-03-15_U_INT_S08_EVE,2026-03-15,U_INT,S08_EVE,STF_INT_024,Licensed Practical Nurse,Licensed,Core Staff,7.5,0.0,7.5,44.81,336.08
2026-03-15_U_INT_S08_EVE,2026-03-15,U_INT,S08_EVE,STF_INT_041,Certified Nursing Assistant,Unlicensed,Overtime,7.5,0.0,7.5,33.84,253.8
2026-03-15_U_INT_S08_EVE,2026-03-15,U_INT,S08_EVE,STF_INT_054,Registered Nurse,Licensed,Core Staff,7.5,0.0,7.5,56.75,425.62
2026-03-15_U_INT_S08_EVE,2026-03-15,U_INT,S08_EVE,STF_INT_032,Registered Nurse,Licensed,Core Staff,7.5,0.0,7.5,55.68,417.6
2026-03-15_U_INT_S08_EVE,2026-03-15,U_INT,S08_EVE,STF_INT_014,Registered Nurse,Licensed,Agency/Traveler,5.5,2.0,7.5,50.35,377.62
2026-03-15_U_INT_S08_EVE,2026-03-15,U_INT,S08_EVE,STF_INT_007,Registered Nurse,Licensed,Core Staff,7.5,0.0,7.5,58.95,442.12
2026-03-15_U_INT_S08_EVE,2026-03-15,U_INT,S08_EVE,STF_INT_037,Certified Nursing Assistant,Unlicensed,Core Staff,7.5,0.0,7.5,33.61,252.08
2026-03-15_U_INT_S08_EVE,2026-03-15,U_INT,S08_EVE,STF_INT_011,Certified Nursing Assistant,Unlicensed,Core Staff,7.5,0.0,7.5,32.61,244.58
2026-03-15_U_INT_S08_NIGHT,2026-03-15,U_INT,S08_NIGHT,STF_INT_036,Registered Nurse,Licensed,Core Staff,7.5,0.0,7.5,56.7,425.25
2026-03-15_U_INT_S08_NIGHT,2026-03-15,U_INT,S08_NIGHT,STF_INT_021,Licensed Practical Nurse,Licensed,Core Staff,7.5,0.0,7.5,43.84,328.8
2026-03-15_U_INT_S08_NIGHT,2026-03-15,U_INT,S08_NIGHT,STF_INT_005,Certified Nursing Assistant,Unlicensed,Core Staff,7.5,0.0,7.5,31.03,232.73
2026-03-15_U_INT_S08_NIGHT,2026-03-15,U_INT,S08_NIGHT,STF_INT_013,Registered Nurse,Licensed,Core Staff,7.5,0.0,7.5,49.15,368.62
2026-03-15_U_INT_S08_NIGHT,2026-03-15,U_INT,S08_NIGHT,STF_INT_020,Certified Nursing Assistant,Unlicensed,Core Staff,7.5,0.0,7.5,33.84,253.8
2026-03-15_U_INT_S08_NIGHT,2026-03-15,U_INT,S08_NIGHT,STF_INT_002,Registered Nurse,Licensed,Core Staff,5.5,2.0,7.5,51.09,383.18
2026-03-16_U_ICU_S12_DAY,2026-03-16,U_ICU,S12_DAY,STF_ICU_029,Registered Nurse,Licensed,Core Staff,11.5,0.0,11.5,53.29,612.84
2026-03-16_U_ICU_S12_DAY,2026-03-16,U_ICU,S12_DAY,STF_ICU_035,Certified Nursing Assistant,Unlicensed,Agency/Traveler,11.5,0.0,11.5,35.29,405.84
2026-03-16_U_ICU_S12_DAY,2026-03-16,U_ICU,S12_DAY,STF_ICU_003,Registered Nurse,Licensed,Core Staff,11.5,0.0,11.5,58.99,678.38
2026-03-16_U_ICU_S12_DAY,2026-03-16,U_ICU,S12_DAY,STF_ICU_013,Registered Nurse,Licensed,Overtime,11.5,0.0,11.5,52.34,601.91
2026-03-16_U_ICU_S12_DAY,2026-03-16,U_ICU,S12_DAY,STF_ICU_011,Registered Nurse,Licensed,Core Staff,11.5,0.0,11.5,50.64,582.36
2026-03-16_U_ICU_S12_DAY,2026-03-16,U_ICU,S12_DAY,STF_ICU_001,Registered Nurse,Licensed,Core Staff,11.5,0.0,11.5,59.65,685.98
2026-03-16_U_ICU_S12_NIGHT,2026-03-16,U_ICU,S12_NIGHT,STF_ICU_030,Registered Nurse,Licensed,Core Staff,11.5,0.0,11.5,59.3,681.95
2026-03-16_U_ICU_S12_NIGHT,2026-03-16,U_ICU,S12_NIGHT,STF_ICU_021,Registered Nurse,Licensed,Core Staff,11.5,0.0,11.5,57.74,664.01
2026-03-16_U_ICU_S12_NIGHT,2026-03-16,U_ICU,S12_NIGHT,STF_ICU_015,Registered Nurse,Licensed,Core Staff,11.5,0.0,11.5,56.2,646.3
2026-03-16_U_ICU_S12_NIGHT,2026-03-16,U_ICU,S12_NIGHT,STF_ICU_017,Registered Nurse,Licensed,Overtime,11.5,0.0,11.5,59.59,685.29
2026-03-16_U_ICU_S12_NIGHT,2026-03-16,U_ICU,S12_NIGHT,STF_ICU_001,Registered Nurse,Licensed,Core Staff,11.5,0.0,11.5,53.58,616.17
2026-03-16_U_ICU_S12_NIGHT,2026-03-16,U_ICU,S12_NIGHT,STF_ICU_005,Registered Nurse,Licensed,Agency/Traveler,11.5,0.0,11.5,59.02,678.73
2026-03-16_U_INT_S08_DAY,2026-03-16,U_INT,S08_DAY,STF_INT_062,Certified Nursing Assistant,Unlicensed,Core Staff,7.5,0.0,7.5,30.43,228.22
2026-03-16_U_INT_S08_DAY,2026-03-16,U_INT,S08_DAY,STF_INT_002,Registered Nurse,Licensed,Core Staff,7.5,0.0,7.5,52.45,393.38
2026-03-16_U_INT_S08_DAY,2026-03-16,U_INT,S08_DAY,STF_INT_001,Certified Nursing Assistant,Unlicensed,Core Staff,7.5,0.0,7.5,32.2,241.5
2026-03-16_U_INT_S08_DAY,2026-03-16,U_INT,S08_DAY,STF_INT_003,Registered Nurse,Licensed,Core Staff,5.5,2.0,7.5,49.38,370.35
2026-03-16_U_INT_S08_DAY,2026-03-16,U_INT,S08_DAY,STF_INT_049,Registered Nurse,Licensed,Core Staff,7.5,0.0,7.5,51.52,386.4
2026-03-16_U_INT_S08_DAY,2026-03-16,U_INT,S08_DAY,STF_INT_040,Certified Nursing Assistant,Unlicensed,Core Staff,7.5,0.0,7.5,31.53,236.48
2026-03-16_U_INT_S08_DAY,2026-03-16,U_INT,S08_DAY,STF_INT_004,Registered Nurse,Licensed,Core Staff,7.5,0.0,7.5,54.58,409.35
2026-03-16_U_INT_S08_EVE,2026-03-16,U_INT,S08_EVE,STF_INT_059,Registered Nurse,Licensed,Core Staff,7.5,0.0,7.5,57.28,429.6
2026-03-16_U_INT_S08_EVE,2026-03-16,U_INT,S08_EVE,STF_INT_064,Licensed Practical Nurse,Licensed,Core Staff,7.5,0.0,7.5,41.25,309.38
2026-03-16_U_INT_S08_EVE,2026-03-16,U_INT,S08_EVE,STF_INT_016,Registered Nurse,Licensed,Core Staff,7.5,0.0,7.5,51.12,383.4
2026-03-16_U_INT_S08_EVE,2026-03-16,U_INT,S08_EVE,STF_INT_046,Registered Nurse,Licensed,Overtime,7.5,0.0,7.5,53.43,400.72
2026-03-16_U_INT_S08_EVE,2026-03-16,U_INT,S08_EVE,STF_INT_027,Licensed Practical Nurse,Licensed,Overtime,7.5,0.0,7.5,45.39,340.42
2026-03-16_U_INT_S08_EVE,2026-03-16,U_INT,S08_EVE,STF_INT_041,Certified Nursing Assistant,Unlicensed,Overtime,7.5,0.0,7.5,31.77,238.28
2026-03-16_U_INT_S08_EVE,2026-03-16,U_INT,S08_EVE,STF_INT_019,Registered Nurse,Licensed,Core Staff,7.5,0.0,7.5,49.31,369.83
2026-03-16_U_INT_S08_EVE,2026-03-16,U_INT,S08_EVE,STF_INT_001,Certified Nursing Assistant,Unlicensed,Core Staff,7.5,0.0,7.5,30.93,231.98
2026-03-16_U_INT_S08_NIGHT,2026-03-16,U_INT,S08_NIGHT,STF_INT_041,Certified Nursing Assistant,Unlicensed,Overtime,7.5,0.0,7.5,34.7,260.25
2026-03-16_U_INT_S08_NIGHT,2026-03-16,U_INT,S08_NIGHT,STF_INT_028,Registered Nurse,Licensed,Core Staff,7.5,0.0,7.5,49.9,374.25
2026-03-16_U_INT_S08_NIGHT,2026-03-16,U_INT,S08_NIGHT,STF_INT_003,Registered Nurse,Licensed,Core Staff,7.5,0.0,7.5,50.8,381.0
2026-03-16_U_INT_S08_NIGHT,2026-03-16,U_INT,S08_NIGHT,STF_INT_059,Registered Nurse,Licensed,Core Staff,7.5,0.0,7.5,52.96,397.2
2026-03-16_U_INT_S08_NIGHT,2026-03-16,U_INT,S08_NIGHT,STF_INT_043,Registered Nurse,Licensed,Overtime,7.5,0.0,7.5,50.19,376.42
2026-03-16_U_INT_S08_NIGHT,2026-03-16,U_INT,S08_NIGHT,STF_INT_016,Registered Nurse,Licensed,Core Staff,7.5,0.0,7.5,59.77,448.28
2026-03-16_U_INT_S08_NIGHT,2026-03-16,U_INT,S08_NIGHT,STF_INT_009,Certified Nursing Assistant,Unlicensed,Float Pool,7.5,0.0,7.5,30.05,225.38
2026-03-17_U_ICU_S12_DAY,2026-03-17,U_ICU,S12_DAY,STF_ICU_022,Registered Nurse,Licensed,Core Staff,11.5,0.0,11.5,48.78,560.97
2026-03-17_U_ICU_S12_DAY,2026-03-17,U_ICU,S12_DAY,STF_ICU_019,Registered Nurse,Licensed,Core Staff,11.5,0.0,11.5,53.6,616.4
2026-03-17_U_ICU_S12_DAY,2026-03-17,U_ICU,S12_DAY,STF_ICU_027,Registered Nurse,Licensed,Core Staff,11.5,0.0,11.5,54.95,631.93
2026-03-17_U_ICU_S12_DAY,2026-03-17,U_ICU,S12_DAY,STF_ICU_030,Registered Nurse,Licensed,Float Pool,11.5,0.0,11.5,54.54,627.21
2026-03-17_U_ICU_S12_DAY,2026-03-17,U_ICU,S12_DAY,STF_ICU_034,Certified Nursing Assistant,Unlicensed,Agency/Traveler,11.5,0.0,11.5,32.99,379.39
2026-03-17_U_ICU_S12_DAY,2026-03-17,U_ICU,S12_DAY,STF_ICU_029,Registered Nurse,Licensed,Core Staff,11.5,0.0,11.5,48.48,557.52
2026-03-17_U_ICU_S12_DAY,2026-03-17,U_ICU,S12_DAY,STF_ICU_026,Registered Nurse,Licensed,Float Pool,11.5,0.0,11.5,48.63,559.24
2026-03-17_U_ICU_S12_DAY,2026-03-17,U_ICU,S12_DAY,STF_ICU_002,Registered Nurse,Licensed,Agency/Traveler,11.5,0.0,11.5,48.29,555.34
2026-03-17_U_ICU_S12_NIGHT,2026-03-17,U_ICU,S12_NIGHT,STF_ICU_029,Registered Nurse,Licensed,Core Staff,11.5,0.0,11.5,56.44,649.06
2026-03-17_U_ICU_S12_NIGHT,2026-03-17,U_ICU,S12_NIGHT,STF_ICU_007,Registered Nurse,Licensed,Core Staff,11.5,0.0,11.5,52.29,601.34
2026-03-17_U_ICU_S12_NIGHT,2026-03-17,U_ICU,S12_NIGHT,STF_ICU_011,Registered Nurse,Licensed,Core Staff,9.5,2.0,11.5,54.17,622.96
2026-03-17_U_ICU_S12_NIGHT,2026-03-17,U_ICU,S12_NIGHT,STF_ICU_025,Registered Nurse,Licensed,Core Staff,11.5,0.0,11.5,49.67,571.21
2026-03-17_U_ICU_S12_NIGHT,2026-03-17,U_ICU,S12_NIGHT,STF_ICU_017,Registered Nurse,Licensed,Core Staff,11.5,0.0,11.5,49.78,572.47
2026-03-17_U_ICU_S12_NIGHT,2026-03-17,U_ICU,S12_NIGHT,STF_ICU_020,Registered Nurse,Licensed,Agency/Traveler,11.5,0.0,11.5,49.28,566.72
2026-03-17_U_ICU_S12_NIGHT,2026-03-17,U_ICU,S12_NIGHT,STF_ICU_001,Registered Nurse,Licensed,Float Pool,11.5,0.0,11.5,55.59,639.29
2026-03-17_U_ICU_S12_NIGHT,2026-03-17,U_ICU,S12_NIGHT,STF_ICU_012,Registered Nurse,Licensed,Agency/Traveler,11.5,0.0,11.5,51.48,592.02
2026-03-17_U_INT_S08_DAY,2026-03-17,U_INT,S08_DAY,STF_INT_054,Registered Nurse,Licensed,Core Staff,7.5,0.0,7.5,52.52,393.9
2026-03-17_U_INT_S08_DAY,2026-03-17,U_INT,S08_DAY,STF_INT_001,Certified Nursing Assistant,Unlicensed,Agency/Traveler,7.5,0.0,7.5,32.67,245.02
2026-03-17_U_INT_S08_DAY,2026-03-17,U_INT,S08_DAY,STF_INT_061,Registered Nurse,Licensed,Core Staff,7.5,0.0,7.5,53.28,399.6
2026-03-17_U_INT_S08_DAY,2026-03-17,U_INT,S08_DAY,STF_INT_011,Certified Nursing Assistant,Unlicensed,Core Staff,7.5,0.0,7.5,35.46,265.95
2026-03-17_U_INT_S08_DAY,2026-03-17,U_INT,S08_DAY,STF_INT_047,Certified Nursing Assistant,Unlicensed,Core Staff,7.5,0.0,7.5,33.79,253.42
2026-03-17_U_INT_S08_DAY,2026-03-17,U_INT,S08_DAY,STF_INT_027,Licensed Practical Nurse,Licensed,Overtime,7.5,0.0,7.5,42.7,320.25
2026-03-17_U_INT_S08_DAY,2026-03-17,U_INT,S08_DAY,STF_INT_064,Licensed Practical Nurse,Licensed,Agency/Traveler,7.5,0.0,7.5,41.57,311.77
2026-03-17_U_INT_S08_DAY,2026-03-17,U_INT,S08_DAY,STF_INT_045,Registered Nurse,Licensed,Core Staff,7.5,0.0,7.5,48.6,364.5
2026-03-17_U_INT_S08_DAY,2026-03-17,U_INT,S08_DAY,STF_INT_003,Registered Nurse,Licensed,Agency/Traveler,7.5,0.0,7.5,52.92,396.9
2026-03-17_U_INT_S08_EVE,2026-03-17,U_INT,S08_EVE,STF_INT_057,Registered Nurse,Licensed,Core Staff,7.5,0.0,7.5,57.55,431.62
2026-03-17_U_INT_S08_EVE,2026-03-17,U_INT,S08_EVE,STF_INT_033,Registered Nurse,Licensed,Core Staff,7.5,0.0,7.5,53.41,400.58
2026-03-17_U_INT_S08_EVE,2026-03-17,U_INT,S08_EVE,STF_INT_021,Licensed Practical Nurse,Licensed,Core Staff,7.5,0.0,7.5,45.96,344.7
2026-03-17_U_INT_S08_EVE,2026-03-17,U_INT,S08_EVE,STF_INT_007,Registered Nurse,Licensed,Core Staff,7.5,0.0,7.5,54.32,407.4
2026-03-17_U_INT_S08_EVE,2026-03-17,U_INT,S08_EVE,STF_INT_009,Certified Nursing Assistant,Unlicensed,Agency/Traveler,7.5,0.0,7.5,31.01,232.58
2026-03-17_U_INT_S08_EVE,2026-03-17,U_INT,S08_EVE,STF_INT_063,Licensed Practical Nurse,Licensed,Float Pool,7.5,0.0,7.5,45.18,338.85
2026-03-17_U_INT_S08_EVE,2026-03-17,U_INT,S08_EVE,STF_INT_006,Licensed Practical Nurse,Licensed,Core Staff,7.5,0.0,7.5,46.04,345.3
2026-03-17_U_INT_S08_NIGHT,2026-03-17,U_INT,S08_NIGHT,STF_INT_031,Registered Nurse,Licensed,Float Pool,7.5,0.0,7.5,53.9,404.25
2026-03-17_U_INT_S08_NIGHT,2026-03-17,U_INT,S08_NIGHT,STF_INT_005,Certified Nursing Assistant,Unlicensed,Core Staff,7.5,0.0,7.5,33.03,247.73
2026-03-17_U_INT_S08_NIGHT,2026-03-17,U_INT,S08_NIGHT,STF_INT_062,Certified Nursing Assistant,Unlicensed,Core Staff,7.5,0.0,7.5,34.11,255.82
2026-03-17_U_INT_S08_NIGHT,2026-03-17,U_INT,S08_NIGHT,STF_INT_006,Licensed Practical Nurse,Licensed,Core Staff,7.5,0.0,7.5,46.72,350.4
2026-03-17_U_INT_S08_NIGHT,2026-03-17,U_INT,S08_NIGHT,STF_INT_002,Registered Nurse,Licensed,Core Staff,7.5,0.0,7.5,50.58,379.35
2026-03-17_U_INT_S08_NIGHT,2026-03-17,U_INT,S08_NIGHT,STF_INT_060,Registered Nurse,Licensed,Agency/Traveler,7.5,0.0,7.5,58.52,438.9
2026-03-18_U_ICU_S12_DAY,2026-03-18,U_ICU,S12_DAY,STF_ICU_017,Registered Nurse,Licensed,Float Pool,11.5,0.0,11.5,56.03,644.34
2026-03-18_U_ICU_S12_DAY,2026-03-18,U_ICU,S12_DAY,STF_ICU_025,Registered Nurse,Licensed,Core Staff,11.5,0.0,11.5,48.97,563.16
2026-03-18_U_ICU_S12_DAY,2026-03-18,U_ICU,S12_DAY,STF_ICU_027,Registered Nurse,Licensed,Core Staff,11.5,0.0,11.5,51.2,588.8
2026-03-18_U_ICU_S12_DAY,2026-03-18,U_ICU,S12_DAY,STF_ICU_013,Registered Nurse,Licensed,Overtime,11.5,0.0,11.5,58.97,678.16
2026-03-18_U_ICU_S12_DAY,2026-03-18,U_ICU,S12_DAY,STF_ICU_029,Registered Nurse,Licensed,Core Staff,11.5,0.0,11.5,50.22,577.53
2026-03-18_U_ICU_S12_DAY,2026-03-18,U_ICU,S12_DAY,STF_ICU_024,Registered Nurse,Licensed,Agency/Traveler,11.5,0.0,11.5,51.99,597.88
2026-03-18_U_ICU_S12_DAY,2026-03-18,U_ICU,S12_DAY,STF_ICU_020,Registered Nurse,Licensed,Float Pool,11.5,0.0,11.5,54.9,631.35
2026-03-18_U_ICU_S12_DAY,2026-03-18,U_ICU,S12_DAY,STF_ICU_021,Registered Nurse,Licensed,Core Staff,11.5,0.0,11.5,49.59,570.29
2026-03-18_U_ICU_S12_NIGHT,2026-03-18,U_ICU,S12_NIGHT,STF_ICU_034,Certified Nursing Assistant,Unlicensed,Agency/Traveler,11.5,0.0,11.5,32.18,370.07
2026-03-18_U_ICU_S12_NIGHT,2026-03-18,U_ICU,S12_NIGHT,STF_ICU_019,Registered Nurse,Licensed,Core Staff,11.5,0.0,11.5,52.57,604.55
2026-03-18_U_ICU_S12_NIGHT,2026-03-18,U_ICU,S12_NIGHT,STF_ICU_015,Registered Nurse,Licensed,Core Staff,9.5,2.0,11.5,55.6,639.4
2026-03-18_U_ICU_S12_NIGHT,2026-03-18,U_ICU,S12_NIGHT,STF_ICU_024,Registered Nurse,Licensed,Core Staff,11.5,0.0,11.5,55.76,641.24
2026-03-18_U_ICU_S12_NIGHT,2026-03-18,U_ICU,S12_NIGHT,STF_ICU_014,Registered Nurse,Licensed,Core Staff,11.5,0.0,11.5,53.88,619.62
2026-03-18_U_INT_S08_DAY,2026-03-18,U_INT,S08_DAY,STF_INT_048,Registered Nurse,Licensed,Core Staff,7.5,0.0,7.5,48.07,360.52
2026-03-18_U_INT_S08_DAY,2026-03-18,U_INT,S08_DAY,STF_INT_060,Registered Nurse,Licensed,Agency/Traveler,7.5,0.0,7.5,57.25,429.38
2026-03-18_U_INT_S08_DAY,2026-03-18,U_INT,S08_DAY,STF_INT_053,Certified Nursing Assistant,Unlicensed,Agency/Traveler,7.5,0.0,7.5,32.65,244.88
2026-03-18_U_INT_S08_DAY,2026-03-18,U_INT,S08_DAY,STF_INT_010,Certified Nursing Assistant,Unlicensed,Overtime,7.5,0.0,7.5,35.38,265.35
2026-03-18_U_INT_S08_DAY,2026-03-18,U_INT,S08_DAY,STF_INT_031,Registered Nurse,Licensed,Core Staff,7.5,0.0,7.5,56.13,420.98
2026-03-18_U_INT_S08_DAY,2026-03-18,U_INT,S08_DAY,STF_INT_032,Registered Nurse,Licensed,Core Staff,7.5,0.0,7.5,57.08,428.1
2026-03-18_U_INT_S08_DAY,2026-03-18,U_INT,S08_DAY,STF_INT_034,Licensed Practical Nurse,Licensed,Core Staff,7.5,0.0,7.5,43.34,325.05
2026-03-18_U_INT_S08_DAY,2026-03-18,U_INT,S08_DAY,STF_INT_021,Licensed Practical Nurse,Licensed,Core Staff,7.5,0.0,7.5,38.19,286.42
2026-03-18_U_INT_S08_DAY,2026-03-18,U_INT,S08_DAY,STF_INT_003,Registered Nurse,Licensed,Core Staff,7.5,0.0,7.5,51.54,386.55
2026-03-18_U_INT_S08_EVE,2026-03-18,U_INT,S08_EVE,STF_INT_058,Registered Nurse,Licensed,Float Pool,7.5,0.0,7.5,58.27,437.02
2026-03-18_U_INT_S08_EVE,2026-03-18,U_INT,S08_EVE,STF_INT_002,Registered Nurse,Licensed,Core Staff,7.5,0.0,7.5,52.97,397.28
2026-03-18_U_INT_S08_EVE,2026-03-18,U_INT,S08_EVE,STF_INT_004,Registered Nurse,Licensed,Float Pool,7.5,0.0,7.5,52.68,395.1
2026-03-18_U_INT_S08_EVE,2026-03-18,U_INT,S08_EVE,STF_INT_016,Registered Nurse,Licensed,Core Staff,7.5,0.0,7.5,54.91,411.82
2026-03-18_U_INT_S08_EVE,2026-03-18,U_INT,S08_EVE,STF_INT_051,Registered Nurse,Licensed,Overtime,7.5,0.0,7.5,52.76,395.7
2026-03-18_U_INT_S08_EVE,2026-03-18,U_INT,S08_EVE,STF_INT_025,Registered Nurse,Licensed,Core Staff,7.5,0.0,7.5,53.05,397.88
2026-03-18_U_INT_S08_EVE,2026-03-18,U_INT,S08_EVE,STF_INT_010,Certified Nursing Assistant,Unlicensed,Core Staff,7.5,0.0,7.5,33.14,248.55
2026-03-18_U_INT_S08_NIGHT,2026-03-18,U_INT,S08_NIGHT,STF_INT_016,Registered Nurse,Licensed,Core Staff,7.5,0.0,7.5,48.07,360.52
2026-03-18_U_INT_S08_NIGHT,2026-03-18,U_INT,S08_NIGHT,STF_INT_012,Registered Nurse,Licensed,Core Staff,7.5,0.0,7.5,56.19,421.42
2026-03-18_U_INT_S08_NIGHT,2026-03-18,U_INT,S08_NIGHT,STF_INT_013,Registered Nurse,Licensed,Core Staff,7.5,0.0,7.5,51.04,382.8
2026-03-18_U_INT_S08_NIGHT,2026-03-18,U_INT,S08_NIGHT,STF_INT_021,Licensed Practical Nurse,Licensed,Agency/Traveler,7.5,0.0,7.5,43.28,324.6
2026-03-18_U_INT_S08_NIGHT,2026-03-18,U_INT,S08_NIGHT,STF_INT_051,Registered Nurse,Licensed,Core Staff,7.5,0.0,7.5,59.92,449.4
2026-03-18_U_INT_S08_NIGHT,2026-03-18,U_INT,S08_NIGHT,STF_INT_064,Licensed Practical Nurse,Licensed,Core Staff,7.5,0.0,7.5,42.67,320.03
2026-03-18_U_INT_S08_NIGHT,2026-03-18,U_INT,S08_NIGHT,STF_INT_001,Certified Nursing Assistant,Unlicensed,Core Staff,7.5,0.0,7.5,34.08,255.6
2026-03-19_U_ICU_S12_DAY,2026-03-19,U_ICU,S12_DAY,STF_ICU_005,Registered Nurse,Licensed,Core Staff,11.5,0.0,11.5,53.02,609.73
2026-03-19_U_ICU_S12_DAY,2026-03-19,U_ICU,S12_DAY,STF_ICU_014,Registered Nurse,Licensed,Core Staff,9.5,2.0,11.5,54.84,630.66
2026-03-19_U_ICU_S12_DAY,2026-03-19,U_ICU,S12_DAY,STF_ICU_006,Registered Nurse,Licensed,Core Staff,11.5,0.0,11.5,51.89,596.74
2026-03-19_U_ICU_S12_DAY,2026-03-19,U_ICU,S12_DAY,STF_ICU_010,Registered Nurse,Licensed,Agency/Traveler,11.5,0.0,11.5,51.29,589.84
2026-03-19_U_ICU_S12_DAY,2026-03-19,U_ICU,S12_DAY,STF_ICU_007,Registered Nurse,Licensed,Core Staff,11.5,0.0,11.5,56.94,654.81
2026-03-19_U_ICU_S12_DAY,2026-03-19,U_ICU,S12_DAY,STF_ICU_025,Registered Nurse,Licensed,Agency/Traveler,9.5,2.0,11.5,53.21,611.92
2026-03-19_U_ICU_S12_DAY,2026-03-19,U_ICU,S12_DAY,STF_ICU_003,Registered Nurse,Licensed,Core Staff,11.5,0.0,11.5,56.42,648.83
2026-03-19_U_ICU_S12_NIGHT,2026-03-19,U_ICU,S12_NIGHT,STF_ICU_014,Registered Nurse,Licensed,Core Staff,11.5,0.0,11.5,54.63,628.24
2026-03-19_U_ICU_S12_NIGHT,2026-03-19,U_ICU,S12_NIGHT,STF_ICU_007,Registered Nurse,Licensed,Core Staff,11.5,0.0,11.5,58.79,676.08
2026-03-19_U_ICU_S12_NIGHT,2026-03-19,U_ICU,S12_NIGHT,STF_ICU_024,Registered Nurse,Licensed,Core Staff,11.5,0.0,11.5,57.57,662.06
2026-03-19_U_ICU_S12_NIGHT,2026-03-19,U_ICU,S12_NIGHT,STF_ICU_019,Registered Nurse,Licensed,Core Staff,11.5,0.0,11.5,56.87,654.0
2026-03-19_U_ICU_S12_NIGHT,2026-03-19,U_ICU,S12_NIGHT,STF_ICU_033,Certified Nursing Assistant,Unlicensed,Core Staff,11.5,0.0,11.5,35.07,403.3
2026-03-19_U_ICU_S12_NIGHT,2026-03-19,U_ICU,S12_NIGHT,STF_ICU_015,Registered Nurse,Licensed,Core Staff,11.5,0.0,11.5,51.83,596.04
2026-03-19_U_INT_S08_DAY,2026-03-19,U_INT,S08_DAY,STF_INT_030,Licensed Practical Nurse,Licensed,Core Staff,7.5,0.0,7.5,39.87,299.02
2026-03-19_U_INT_S08_DAY,2026-03-19,U_INT,S08_DAY,STF_INT_017,Certified Nursing Assistant,Unlicensed,Core Staff,7.5,0.0,7.5,31.5,236.25
2026-03-19_U_INT_S08_DAY,2026-03-19,U_INT,S08_DAY,STF_INT_048,Registered Nurse,Licensed,Core Staff,7.5,0.0,7.5,57.76,433.2
2026-03-19_U_INT_S08_DAY,2026-03-19,U_INT,S08_DAY,STF_INT_003,Registered Nurse,Licensed,Overtime,7.5,0.0,7.5,57.48,431.1
2026-03-19_U_INT_S08_DAY,2026-03-19,U_INT,S08_DAY,STF_INT_026,Registered Nurse,Licensed,Core Staff,7.5,0.0,7.5,54.12,405.9
2026-03-19_U_INT_S08_DAY,2026-03-19,U_INT,S08_DAY,STF_INT_037,Certified Nursing Assistant,Unlicensed,Core Staff,7.5,0.0,7.5,32.76,245.7
2026-03-19_U_INT_S08_DAY,2026-03-19,U_INT,S08_DAY,STF_INT_010,Certified Nursing Assistant,Unlicensed,Core Staff,7.5,0.0,7.5,36.38,272.85
2026-03-19_U_INT_S08_EVE,2026-03-19,U_INT,S08_EVE,STF_INT_019,Registered Nurse,Licensed,Core Staff,7.5,0.0,7.5,54.44,408.3
2026-03-19_U_INT_S08_EVE,2026-03-19,U_INT,S08_EVE,STF_INT_053,Certified Nursing Assistant,Unlicensed,Agency/Traveler,7.5,0.0,7.5,34.91,261.82
2026-03-19_U_INT_S08_EVE,2026-03-19,U_INT,S08_EVE,STF_INT_044,Certified Nursing Assistant,Unlicensed,Core Staff,7.5,0.0,7.5,30.28,227.1
2026-03-19_U_INT_S08_EVE,2026-03-19,U_INT,S08_EVE,STF_INT_043,Registered Nurse,Licensed,Overtime,7.5,0.0,7.5,52.7,395.25
2026-03-19_U_INT_S08_EVE,2026-03-19,U_INT,S08_EVE,STF_INT_025,Registered Nurse,Licensed,Core Staff,7.5,0.0,7.5,49.79,373.42
2026-03-19_U_INT_S08_EVE,2026-03-19,U_INT,S08_EVE,STF_INT_063,Licensed Practical Nurse,Licensed,Core Staff,7.5,0.0,7.5,41.19,308.92
2026-03-19_U_INT_S08_EVE,2026-03-19,U_INT,S08_EVE,STF_INT_049,Registered Nurse,Licensed,Core Staff,7.5,0.0,7.5,49.92,374.4
2026-03-19_U_INT_S08_EVE,2026-03-19,U_INT,S08_EVE,STF_INT_017,Certified Nursing Assistant,Unlicensed,Core Staff,7.5,0.0,7.5,32.43,243.22
2026-03-19_U_INT_S08_NIGHT,2026-03-19,U_INT,S08_NIGHT,STF_INT_061,Registered Nurse,Licensed,Core Staff,7.5,0.0,7.5,55.64,417.3
2026-03-19_U_INT_S08_NIGHT,2026-03-19,U_INT,S08_NIGHT,STF_INT_052,Licensed Practical Nurse,Licensed,Core Staff,7.5,0.0,7.5,38.33,287.47
2026-03-19_U_INT_S08_NIGHT,2026-03-19,U_INT,S08_NIGHT,STF_INT_057,Registered Nurse,Licensed,Core Staff,7.5,0.0,7.5,55.9,419.25
2026-03-19_U_INT_S08_NIGHT,2026-03-19,U_INT,S08_NIGHT,STF_INT_048,Registered Nurse,Licensed,Core Staff,7.5,0.0,7.5,51.05,382.88
2026-03-19_U_INT_S08_NIGHT,2026-03-19,U_INT,S08_NIGHT,STF_INT_045,Registered Nurse,Licensed,Core Staff,5.5,2.0,7.5,48.2,361.5
2026-03-20_U_ICU_S12_DAY,2026-03-20,U_ICU,S12_DAY,STF_ICU_024,Registered Nurse,Licensed,Core Staff,11.5,0.0,11.5,56.36,648.14
2026-03-20_U_ICU_S12_DAY,2026-03-20,U_ICU,S12_DAY,STF_ICU_023,Registered Nurse,Licensed,Core Staff,9.5,2.0,11.5,54.5,626.75
2026-03-20_U_ICU_S12_DAY,2026-03-20,U_ICU,S12_DAY,STF_ICU_034,Certified Nursing Assistant,Unlicensed,Agency/Traveler,11.5,0.0,11.5,34.89,401.24
2026-03-20_U_ICU_S12_DAY,2026-03-20,U_ICU,S12_DAY,STF_ICU_029,Registered Nurse,Licensed,Core Staff,11.5,0.0,11.5,53.65,616.98
2026-03-20_U_ICU_S12_DAY,2026-03-20,U_ICU,S12_DAY,STF_ICU_018,Registered Nurse,Licensed,Core Staff,11.5,0.0,11.5,49.7,571.55
2026-03-20_U_ICU_S12_DAY,2026-03-20,U_ICU,S12_DAY,STF_ICU_006,Registered Nurse,Licensed,Float Pool,11.5,0.0,11.5,58.78,675.97
2026-03-20_U_ICU_S12_NIGHT,2026-03-20,U_ICU,S12_NIGHT,STF_ICU_004,Registered Nurse,Licensed,Core Staff,11.5,0.0,11.5,50.78,583.97
2026-03-20_U_ICU_S12_NIGHT,2026-03-20,U_ICU,S12_NIGHT,STF_ICU_008,Registered Nurse,Licensed,Float Pool,11.5,0.0,11.5,57.92,666.08
2026-03-20_U_ICU_S12_NIGHT,2026-03-20,U_ICU,S12_NIGHT,STF_ICU_033,Certified Nursing Assistant,Unlicensed,Core Staff,11.5,0.0,11.5,31.23,359.14
2026-03-20_U_ICU_S12_NIGHT,2026-03-20,U_ICU,S12_NIGHT,STF_ICU_006,Registered Nurse,Licensed,Core Staff,11.5,0.0,11.5,54.37,625.26
2026-03-20_U_ICU_S12_NIGHT,2026-03-20,U_ICU,S12_NIGHT,STF_ICU_021,Registered Nurse,Licensed,Core Staff,11.5,0.0,11.5,56.72,652.28
2026-03-20_U_ICU_S12_NIGHT,2026-03-20,U_ICU,S12_NIGHT,STF_ICU_023,Registered Nurse,Licensed,Overtime,11.5,0.0,11.5,55.97,643.66
2026-03-20_U_ICU_S12_NIGHT,2026-03-20,U_ICU,S12_NIGHT,STF_ICU_019,Registered Nurse,Licensed,Core Staff,11.5,0.0,11.5,49.49,569.14
2026-03-20_U_INT_S08_DAY,2026-03-20,U_INT,S08_DAY,STF_INT_013,Registered Nurse,Licensed,Agency/Traveler,7.5,0.0,7.5,58.84,441.3
2026-03-20_U_INT_S08_DAY,2026-03-20,U_INT,S08_DAY,STF_INT_061,Registered Nurse,Licensed,Core Staff,7.5,0.0,7.5,56.96,427.2
2026-03-20_U_INT_S08_DAY,2026-03-20,U_INT,S08_DAY,STF_INT_043,Registered Nurse,Licensed,Overtime,7.5,0.0,7.5,52.09,390.68
2026-03-20_U_INT_S08_DAY,2026-03-20,U_INT,S08_DAY,STF_INT_019,Registered Nurse,Licensed,Core Staff,7.5,0.0,7.5,52.12,390.9
2026-03-20_U_INT_S08_DAY,2026-03-20,U_INT,S08_DAY,STF_INT_063,Licensed Practical Nurse,Licensed,Core Staff,7.5,0.0,7.5,46.12,345.9
2026-03-20_U_INT_S08_DAY,2026-03-20,U_INT,S08_DAY,STF_INT_004,Registered Nurse,Licensed,Core Staff,7.5,0.0,7.5,58.6,439.5
2026-03-20_U_INT_S08_DAY,2026-03-20,U_INT,S08_DAY,STF_INT_017,Certified Nursing Assistant,Unlicensed,Core Staff,7.5,0.0,7.5,32.25,241.88
2026-03-20_U_INT_S08_DAY,2026-03-20,U_INT,S08_DAY,STF_INT_049,Registered Nurse,Licensed,Core Staff,7.5,0.0,7.5,48.79,365.92
2026-03-20_U_INT_S08_DAY,2026-03-20,U_INT,S08_DAY,STF_INT_010,Certified Nursing Assistant,Unlicensed,Core Staff,7.5,0.0,7.5,32.46,243.45
2026-03-20_U_INT_S08_EVE,2026-03-20,U_INT,S08_EVE,STF_INT_064,Licensed Practical Nurse,Licensed,Core Staff,7.5,0.0,7.5,46.32,347.4
2026-03-20_U_INT_S08_EVE,2026-03-20,U_INT,S08_EVE,STF_INT_039,Registered Nurse,Licensed,Float Pool,7.5,0.0,7.5,53.56,401.7
2026-03-20_U_INT_S08_EVE,2026-03-20,U_INT,S08_EVE,STF_INT_006,Licensed Practical Nurse,Licensed,Core Staff,7.5,0.0,7.5,39.84,298.8
2026-03-20_U_INT_S08_EVE,2026-03-20,U_INT,S08_EVE,STF_INT_060,Registered Nurse,Licensed,Agency/Traveler,7.5,0.0,7.5,52.67,395.02
2026-03-20_U_INT_S08_EVE,2026-03-20,U_INT,S08_EVE,STF_INT_021,Licensed Practical Nurse,Licensed,Core Staff,7.5,0.0,7.5,39.28,294.6
2026-03-20_U_INT_S08_EVE,2026-03-20,U_INT,S08_EVE,STF_INT_004,Registered Nurse,Licensed,Core Staff,7.5,0.0,7.5,52.63,394.72
2026-03-20_U_INT_S08_EVE,2026-03-20,U_INT,S08_EVE,STF_INT_024,Licensed Practical Nurse,Licensed,Core Staff,7.5,0.0,7.5,43.09,323.18
2026-03-20_U_INT_S08_EVE,2026-03-20,U_INT,S08_EVE,STF_INT_048,Registered Nurse,Licensed,Core Staff,7.5,0.0,7.5,54.26,406.95
2026-03-20_U_INT_S08_EVE,2026-03-20,U_INT,S08_EVE,STF_INT_014,Registered Nurse,Licensed,Overtime,5.5,2.0,7.5,54.87,411.52
2026-03-20_U_INT_S08_NIGHT,2026-03-20,U_INT,S08_NIGHT,STF_INT_023,Registered Nurse,Licensed,Overtime,7.5,0.0,7.5,58.12,435.9
2026-03-20_U_INT_S08_NIGHT,2026-03-20,U_INT,S08_NIGHT,STF_INT_042,Registered Nurse,Licensed,Overtime,7.5,0.0,7.5,52.59,394.42
2026-03-20_U_INT_S08_NIGHT,2026-03-20,U_INT,S08_NIGHT,STF_INT_020,Certified Nursing Assistant,Unlicensed,Agency/Traveler,7.5,0.0,7.5,30.81,231.08
2026-03-20_U_INT_S08_NIGHT,2026-03-20,U_INT,S08_NIGHT,STF_INT_030,Licensed Practical Nurse,Licensed,Core Staff,7.5,0.0,7.5,40.01,300.08
2026-03-20_U_INT_S08_NIGHT,2026-03-20,U_INT,S08_NIGHT,STF_INT_041,Certified Nursing Assistant,Unlicensed,Overtime,7.5,0.0,7.5,34.21,256.58
2026-03-20_U_INT_S08_NIGHT,2026-03-20,U_INT,S08_NIGHT,STF_INT_043,Registered Nurse,Licensed,Overtime,7.5,0.0,7.5,52.95,397.12
2026-03-21_U_ICU_S12_DAY,2026-03-21,U_ICU,S12_DAY,STF_ICU_013,Registered Nurse,Licensed,Overtime,11.5,0.0,11.5,50.0,575.0
2026-03-21_U_ICU_S12_DAY,2026-03-21,U_ICU,S12_DAY,STF_ICU_027,Registered Nurse,Licensed,Core Staff,11.5,0.0,11.5,57.15,657.22
2026-03-21_U_ICU_S12_DAY,2026-03-21,U_ICU,S12_DAY,STF_ICU_016,Registered Nurse,Licensed,Core Staff,11.5,0.0,11.5,54.27,624.1
2026-03-21_U_ICU_S12_DAY,2026-03-21,U_ICU,S12_DAY,STF_ICU_029,Registered Nurse,Licensed,Core Staff,11.5,0.0,11.5,56.28,647.22
2026-03-21_U_ICU_S12_DAY,2026-03-21,U_ICU,S12_DAY,STF_ICU_031,Certified Nursing Assistant,Unlicensed,Core Staff,11.5,0.0,11.5,32.14,369.61
2026-03-21_U_ICU_S12_NIGHT,2026-03-21,U_ICU,S12_NIGHT,STF_ICU_006,Registered Nurse,Licensed,Core Staff,11.5,0.0,11.5,48.67,559.71
2026-03-21_U_ICU_S12_NIGHT,2026-03-21,U_ICU,S12_NIGHT,STF_ICU_027,Registered Nurse,Licensed,Core Staff,11.5,0.0,11.5,57.95,666.42
2026-03-21_U_ICU_S12_NIGHT,2026-03-21,U_ICU,S12_NIGHT,STF_ICU_001,Registered Nurse,Licensed,Core Staff,11.5,0.0,11.5,52.19,600.18
2026-03-21_U_ICU_S12_NIGHT,2026-03-21,U_ICU,S12_NIGHT,STF_ICU_021,Registered Nurse,Licensed,Agency/Traveler,11.5,0.0,11.5,56.34,647.91
2026-03-21_U_ICU_S12_NIGHT,2026-03-21,U_ICU,S12_NIGHT,STF_ICU_008,Registered Nurse,Licensed,Float Pool,11.5,0.0,11.5,51.88,596.62
2026-03-21_U_ICU_S12_NIGHT,2026-03-21,U_ICU,S12_NIGHT,STF_ICU_005,Registered Nurse,Licensed,Core Staff,9.5,2.0,11.5,51.94,597.31
2026-03-21_U_INT_S08_DAY,2026-03-21,U_INT,S08_DAY,STF_INT_060,Registered Nurse,Licensed,Agency/Traveler,7.5,0.0,7.5,55.75,418.12
2026-03-21_U_INT_S08_DAY,2026-03-21,U_INT,S08_DAY,STF_INT_027,Licensed Practical Nurse,Licensed,Overtime,7.5,0.0,7.5,38.59,289.42
2026-03-21_U_INT_S08_DAY,2026-03-21,U_INT,S08_DAY,STF_INT_056,Registered Nurse,Licensed,Core Staff,7.5,0.0,7.5,53.84,403.8
2026-03-21_U_INT_S08_DAY,2026-03-21,U_INT,S08_DAY,STF_INT_009,Certified Nursing Assistant,Unlicensed,Float Pool,7.5,0.0,7.5,35.36,265.2
2026-03-21_U_INT_S08_DAY,2026-03-21,U_INT,S08_DAY,STF_INT_028,Registered Nurse,Licensed,Core Staff,7.5,0.0,7.5,55.98,419.85
2026-03-21_U_INT_S08_DAY,2026-03-21,U_INT,S08_DAY,STF_INT_042,Registered Nurse,Licensed,Float Pool,7.5,0.0,7.5,51.99,389.92
2026-03-21_U_INT_S08_DAY,2026-03-21,U_INT,S08_DAY,STF_INT_043,Registered Nurse,Licensed,Overtime,7.5,0.0,7.5,57.57,431.78
2026-03-21_U_INT_S08_DAY,2026-03-21,U_INT,S08_DAY,STF_INT_001,Certified Nursing Assistant,Unlicensed,Core Staff,7.5,0.0,7.5,31.93,239.48
2026-03-21_U_INT_S08_DAY,2026-03-21,U_INT,S08_DAY,STF_INT_006,Licensed Practical Nurse,Licensed,Core Staff,7.5,0.0,7.5,44.69,335.17
2026-03-21_U_INT_S08_EVE,2026-03-21,U_INT,S08_EVE,STF_INT_014,Registered Nurse,Licensed,Overtime,7.5,0.0,7.5,56.3,422.25
2026-03-21_U_INT_S08_EVE,2026-03-21,U_INT,S08_EVE,STF_INT_056,Registered Nurse,Licensed,Core Staff,7.5,0.0,7.5,56.74,425.55
2026-03-21_U_INT_S08_EVE,2026-03-21,U_INT,S08_EVE,STF_INT_019,Registered Nurse,Licensed,Core Staff,7.5,0.0,7.5,49.22,369.15
2026-03-21_U_INT_S08_EVE,2026-03-21,U_INT,S08_EVE,STF_INT_002,Registered Nurse,Licensed,Core Staff,7.5,0.0,7.5,56.43,423.22
2026-03-21_U_INT_S08_EVE,2026-03-21,U_INT,S08_EVE,STF_INT_003,Registered Nurse,Licensed,Core Staff,7.5,0.0,7.5,55.04,412.8
2026-03-21_U_INT_S08_EVE,2026-03-21,U_INT,S08_EVE,STF_INT_006,Licensed Practical Nurse,Licensed,Core Staff,7.5,0.0,7.5,46.39,347.92
2026-03-21_U_INT_S08_EVE,2026-03-21,U_INT,S08_EVE,STF_INT_011,Certified Nursing Assistant,Unlicensed,Core Staff,7.5,0.0,7.5,34.15,256.12
2026-03-21_U_INT_S08_EVE,2026-03-21,U_INT,S08_EVE,STF_INT_061,Registered Nurse,Licensed,Core Staff,7.5,0.0,7.5,56.59,424.42
2026-03-21_U_INT_S08_EVE,2026-03-21,U_INT,S08_EVE,STF_INT_015,Registered Nurse,Licensed,Core Staff,7.5,0.0,7.5,49.68,372.6
2026-03-21_U_INT_S08_NIGHT,2026-03-21,U_INT,S08_NIGHT,STF_INT_028,Registered Nurse,Licensed,Core Staff,7.5,0.0,7.5,53.84,403.8
2026-03-21_U_INT_S08_NIGHT,2026-03-21,U_INT,S08_NIGHT,STF_INT_021,Licensed Practical Nurse,Licensed,Core Staff,7.5,0.0,7.5,38.93,291.98
2026-03-21_U_INT_S08_NIGHT,2026-03-21,U_INT,S08_NIGHT,STF_INT_050,Registered Nurse,Licensed,Agency/Traveler,7.5,0.0,7.5,55.29,414.68
2026-03-21_U_INT_S08_NIGHT,2026-03-21,U_INT,S08_NIGHT,STF_INT_022,Registered Nurse,Licensed,Core Staff,7.5,0.0,7.5,55.19,413.92
2026-03-21_U_INT_S08_NIGHT,2026-03-21,U_INT,S08_NIGHT,STF_INT_024,Licensed Practical Nurse,Licensed,Core Staff,7.5,0.0,7.5,46.63,349.72
2026-03-21_U_INT_S08_NIGHT,2026-03-21,U_INT,S08_NIGHT,STF_INT_048,Registered Nurse,Licensed,Core Staff,7.5,0.0,7.5,56.51,423.82
2026-03-21_U_INT_S08_NIGHT,2026-03-21,U_INT,S08_NIGHT,STF_INT_063,Licensed Practical Nurse,Licensed,Core Staff,7.5,0.0,7.5,47.32,354.9
2026-03-21_U_INT_S08_NIGHT,2026-03-21,U_INT,S08_NIGHT,STF_INT_039,Registered Nurse,Licensed,Float Pool,7.5,0.0,7.5,49.43,370.72
2026-03-22_U_ICU_S12_DAY,2026-03-22,U_ICU,S12_DAY,STF_ICU_025,Registered Nurse,Licensed,Core Staff,11.5,0.0,11.5,49.76,572.24
2026-03-22_U_ICU_S12_DAY,2026-03-22,U_ICU,S12_DAY,STF_ICU_029,Registered Nurse,Licensed,Core Staff,11.5,0.0,11.5,52.44,603.06
2026-03-22_U_ICU_S12_DAY,2026-03-22,U_ICU,S12_DAY,STF_ICU_034,Certified Nursing Assistant,Unlicensed,Agency/Traveler,11.5,0.0,11.5,31.86,366.39
2026-03-22_U_ICU_S12_DAY,2026-03-22,U_ICU,S12_DAY,STF_ICU_031,Certified Nursing Assistant,Unlicensed,Core Staff,11.5,0.0,11.5,33.1,380.65
2026-03-22_U_ICU_S12_DAY,2026-03-22,U_ICU,S12_DAY,STF_ICU_012,Registered Nurse,Licensed,Float Pool,11.5,0.0,11.5,56.42,648.83
2026-03-22_U_ICU_S12_DAY,2026-03-22,U_ICU,S12_DAY,STF_ICU_001,Registered Nurse,Licensed,Core Staff,11.5,0.0,11.5,48.92,562.58
2026-03-22_U_ICU_S12_NIGHT,2026-03-22,U_ICU,S12_NIGHT,STF_ICU_025,Registered Nurse,Licensed,Float Pool,11.5,0.0,11.5,50.95,585.93
2026-03-22_U_ICU_S12_NIGHT,2026-03-22,U_ICU,S12_NIGHT,STF_ICU_024,Registered Nurse,Licensed,Core Staff,11.5,0.0,11.5,54.54,627.21
2026-03-22_U_ICU_S12_NIGHT,2026-03-22,U_ICU,S12_NIGHT,STF_ICU_027,Registered Nurse,Licensed,Core Staff,11.5,0.0,11.5,51.56,592.94
2026-03-22_U_ICU_S12_NIGHT,2026-03-22,U_ICU,S12_NIGHT,STF_ICU_003,Registered Nurse,Licensed,Core Staff,9.5,2.0,11.5,54.02,621.23
2026-03-22_U_ICU_S12_NIGHT,2026-03-22,U_ICU,S12_NIGHT,STF_ICU_022,Registered Nurse,Licensed,Core Staff,11.5,0.0,11.5,51.48,592.02
2026-03-22_U_ICU_S12_NIGHT,2026-03-22,U_ICU,S12_NIGHT,STF_ICU_006,Registered Nurse,Licensed,Core Staff,11.5,0.0,11.5,57.42,660.33
2026-03-22_U_ICU_S12_NIGHT,2026-03-22,U_ICU,S12_NIGHT,STF_ICU_029,Registered Nurse,Licensed,Core Staff,11.5,0.0,11.5,54.9,631.35
2026-03-22_U_ICU_S12_NIGHT,2026-03-22,U_ICU,S12_NIGHT,STF_ICU_033,Certified Nursing Assistant,Unlicensed,Core Staff,11.5,0.0,11.5,33.58,386.17
2026-03-22_U_INT_S08_DAY,2026-03-22,U_INT,S08_DAY,STF_INT_008,Registered Nurse,Licensed,Agency/Traveler,7.5,0.0,7.5,57.33,429.98
2026-03-22_U_INT_S08_DAY,2026-03-22,U_INT,S08_DAY,STF_INT_033,Registered Nurse,Licensed,Core Staff,7.5,0.0,7.5,56.09,420.68
2026-03-22_U_INT_S08_DAY,2026-03-22,U_INT,S08_DAY,STF_INT_054,Registered Nurse,Licensed,Core Staff,7.5,0.0,7.5,56.4,423.0
2026-03-22_U_INT_S08_DAY,2026-03-22,U_INT,S08_DAY,STF_INT_017,Certified Nursing Assistant,Unlicensed,Float Pool,7.5,0.0,7.5,30.25,226.88
2026-03-22_U_INT_S08_DAY,2026-03-22,U_INT,S08_DAY,STF_INT_025,Registered Nurse,Licensed,Core Staff,7.5,0.0,7.5,48.95,367.12
2026-03-22_U_INT_S08_DAY,2026-03-22,U_INT,S08_DAY,STF_INT_046,Registered Nurse,Licensed,Overtime,7.5,0.0,7.5,48.64,364.8
2026-03-22_U_INT_S08_DAY,2026-03-22,U_INT,S08_DAY,STF_INT_048,Registered Nurse,Licensed,Core Staff,7.5,0.0,7.5,58.0,435.0
2026-03-22_U_INT_S08_DAY,2026-03-22,U_INT,S08_DAY,STF_INT_027,Licensed Practical Nurse,Licensed,Overtime,7.5,0.0,7.5,45.92,344.4
2026-03-22_U_INT_S08_DAY,2026-03-22,U_INT,S08_DAY,STF_INT_038,Registered Nurse,Licensed,Core Staff,7.5,0.0,7.5,50.39,377.92
2026-03-22_U_INT_S08_EVE,2026-03-22,U_INT,S08_EVE,STF_INT_056,Registered Nurse,Licensed,Float Pool,7.5,0.0,7.5,48.43,363.22
2026-03-22_U_INT_S08_EVE,2026-03-22,U_INT,S08_EVE,STF_INT_031,Registered Nurse,Licensed,Agency/Traveler,7.5,0.0,7.5,53.03,397.72
2026-03-22_U_INT_S08_EVE,2026-03-22,U_INT,S08_EVE,STF_INT_039,Registered Nurse,Licensed,Float Pool,7.5,0.0,7.5,51.36,385.2
2026-03-22_U_INT_S08_EVE,2026-03-22,U_INT,S08_EVE,STF_INT_019,Registered Nurse,Licensed,Core Staff,7.5,0.0,7.5,56.46,423.45
2026-03-22_U_INT_S08_EVE,2026-03-22,U_INT,S08_EVE,STF_INT_052,Licensed Practical Nurse,Licensed,Core Staff,7.5,0.0,7.5,41.67,312.53
2026-03-22_U_INT_S08_EVE,2026-03-22,U_INT,S08_EVE,STF_INT_059,Registered Nurse,Licensed,Core Staff,7.5,0.0,7.5,54.94,412.05
2026-03-22_U_INT_S08_NIGHT,2026-03-22,U_INT,S08_NIGHT,STF_INT_028,Registered Nurse,Licensed,Core Staff,7.5,0.0,7.5,54.5,408.75
2026-03-22_U_INT_S08_NIGHT,2026-03-22,U_INT,S08_NIGHT,STF_INT_012,Registered Nurse,Licensed,Core Staff,7.5,0.0,7.5,56.06,420.45
2026-03-22_U_INT_S08_NIGHT,2026-03-22,U_INT,S08_NIGHT,STF_INT_021,Licensed Practical Nurse,Licensed,Core Staff,7.5,0.0,7.5,44.0,330.0
2026-03-22_U_INT_S08_NIGHT,2026-03-22,U_INT,S08_NIGHT,STF_INT_045,Registered Nurse,Licensed,Core Staff,7.5,0.0,7.5,52.5,393.75
2026-03-22_U_INT_S08_NIGHT,2026-03-22,U_INT,S08_NIGHT,STF_INT_061,Registered Nurse,Licensed,Core Staff,7.5,0.0,7.5,58.45,438.38
2026-03-22_U_INT_S08_NIGHT,2026-03-22,U_INT,S08_NIGHT,STF_INT_053,Certified Nursing Assistant,Unlicensed,Agency/Traveler,7.5,0.0,7.5,32.23,241.72
2026-03-23_U_ICU_S12_DAY,2026-03-23,U_ICU,S12_DAY,STF_ICU_022,Registered Nurse,Licensed,Core Staff,11.5,0.0,11.5,49.31,567.07
2026-03-23_U_ICU_S12_DAY,2026-03-23,U_ICU,S12_DAY,STF_ICU_028,Registered Nurse,Licensed,Core Staff,11.5,0.0,11.5,57.38,659.87
2026-03-23_U_ICU_S12_DAY,2026-03-23,U_ICU,S12_DAY,STF_ICU_007,Registered Nurse,Licensed,Core Staff,11.5,0.0,11.5,53.14,611.11
2026-03-23_U_ICU_S12_DAY,2026-03-23,U_ICU,S12_DAY,STF_ICU_015,Registered Nurse,Licensed,Core Staff,11.5,0.0,11.5,50.07,575.8
2026-03-23_U_ICU_S12_DAY,2026-03-23,U_ICU,S12_DAY,STF_ICU_010,Registered Nurse,Licensed,Float Pool,11.5,0.0,11.5,55.31,636.07
2026-03-23_U_ICU_S12_DAY,2026-03-23,U_ICU,S12_DAY,STF_ICU_031,Certified Nursing Assistant,Unlicensed,Core Staff,11.5,0.0,11.5,30.99,356.38
2026-03-23_U_ICU_S12_NIGHT,2026-03-23,U_ICU,S12_NIGHT,STF_ICU_030,Registered Nurse,Licensed,Core Staff,11.5,0.0,11.5,49.41,568.21
2026-03-23_U_ICU_S12_NIGHT,2026-03-23,U_ICU,S12_NIGHT,STF_ICU_026,Registered Nurse,Licensed,Overtime,11.5,0.0,11.5,49.09,564.54
2026-03-23_U_ICU_S12_NIGHT,2026-03-23,U_ICU,S12_NIGHT,STF_ICU_002,Registered Nurse,Licensed,Agency/Traveler,11.5,0.0,11.5,52.26,600.99
2026-03-23_U_ICU_S12_NIGHT,2026-03-23,U_ICU,S12_NIGHT,STF_ICU_016,Registered Nurse,Licensed,Core Staff,11.5,0.0,11.5,55.99,643.88
2026-03-23_U_ICU_S12_NIGHT,2026-03-23,U_ICU,S12_NIGHT,STF_ICU_014,Registered Nurse,Licensed,Core Staff,11.5,0.0,11.5,49.49,569.14
2026-03-23_U_INT_S08_DAY,2026-03-23,U_INT,S08_DAY,STF_INT_033,Registered Nurse,Licensed,Core Staff,7.5,0.0,7.5,57.43,430.72
2026-03-23_U_INT_S08_DAY,2026-03-23,U_INT,S08_DAY,STF_INT_054,Registered Nurse,Licensed,Core Staff,7.5,0.0,7.5,52.82,396.15
2026-03-23_U_INT_S08_DAY,2026-03-23,U_INT,S08_DAY,STF_INT_015,Registered Nurse,Licensed,Core Staff,7.5,0.0,7.5,59.05,442.88
2026-03-23_U_INT_S08_DAY,2026-03-23,U_INT,S08_DAY,STF_INT_052,Licensed Practical Nurse,Licensed,Core Staff,7.5,0.0,7.5,46.16,346.2
2026-03-23_U_INT_S08_DAY,2026-03-23,U_INT,S08_DAY,STF_INT_048,Registered Nurse,Licensed,Agency/Traveler,7.5,0.0,7.5,50.19,376.42
2026-03-23_U_INT_S08_DAY,2026-03-23,U_INT,S08_DAY,STF_INT_036,Registered Nurse,Licensed,Core Staff,7.5,0.0,7.5,58.26,436.95
2026-03-23_U_INT_S08_DAY,2026-03-23,U_INT,S08_DAY,STF_INT_008,Registered Nurse,Licensed,Agency/Traveler,5.5,2.0,7.5,48.43,363.22
2026-03-23_U_INT_S08_DAY,2026-03-23,U_INT,S08_DAY,STF_INT_032,Registered Nurse,Licensed,Core Staff,7.5,0.0,7.5,56.83,426.22
2026-03-23_U_INT_S08_EVE,2026-03-23,U_INT,S08_EVE,STF_INT_037,Certified Nursing Assistant,Unlicensed,Core Staff,7.5,0.0,7.5,33.88,254.1
2026-03-23_U_INT_S08_EVE,2026-03-23,U_INT,S08_EVE,STF_INT_001,Certified Nursing Assistant,Unlicensed,Core Staff,7.5,0.0,7.5,33.44,250.8
2026-03-23_U_INT_S08_EVE,2026-03-23,U_INT,S08_EVE,STF_INT_035,Registered Nurse,Licensed,Float Pool,7.5,0.0,7.5,57.43,430.72
2026-03-23_U_INT_S08_EVE,2026-03-23,U_INT,S08_EVE,STF_INT_047,Certified Nursing Assistant,Unlicensed,Core Staff,7.5,0.0,7.5,32.12,240.9
2026-03-23_U_INT_S08_EVE,2026-03-23,U_INT,S08_EVE,STF_INT_027,Licensed Practical Nurse,Licensed,Overtime,7.5,0.0,7.5,45.19,338.92
2026-03-23_U_INT_S08_EVE,2026-03-23,U_INT,S08_EVE,STF_INT_007,Registered Nurse,Licensed,Core Staff,7.5,0.0,7.5,49.84,373.8
2026-03-23_U_INT_S08_EVE,2026-03-23,U_INT,S08_EVE,STF_INT_019,Registered Nurse,Licensed,Core Staff,7.5,0.0,7.5,57.1,428.25
2026-03-23_U_INT_S08_NIGHT,2026-03-23,U_INT,S08_NIGHT,STF_INT_050,Registered Nurse,Licensed,Overtime,7.5,0.0,7.5,54.75,410.62
2026-03-23_U_INT_S08_NIGHT,2026-03-23,U_INT,S08_NIGHT,STF_INT_053,Certified Nursing Assistant,Unlicensed,Agency/Traveler,7.5,0.0,7.5,33.63,252.23
2026-03-23_U_INT_S08_NIGHT,2026-03-23,U_INT,S08_NIGHT,STF_INT_038,Registered Nurse,Licensed,Core Staff,7.5,0.0,7.5,56.9,426.75
2026-03-23_U_INT_S08_NIGHT,2026-03-23,U_INT,S08_NIGHT,STF_INT_044,Certified Nursing Assistant,Unlicensed,Core Staff,7.5,0.0,7.5,30.48,228.6
2026-03-23_U_INT_S08_NIGHT,2026-03-23,U_INT,S08_NIGHT,STF_INT_051,Registered Nurse,Licensed,Core Staff,7.5,0.0,7.5,55.36,415.2
2026-03-23_U_INT_S08_NIGHT,2026-03-23,U_INT,S08_NIGHT,STF_INT_016,Registered Nurse,Licensed,Core Staff,7.5,0.0,7.5,58.23,436.72
2026-03-23_U_INT_S08_NIGHT,2026-03-23,U_INT,S08_NIGHT,STF_INT_022,Registered Nurse,Licensed,Overtime,7.5,0.0,7.5,50.74,380.55
2026-03-23_U_INT_S08_NIGHT,2026-03-23,U_INT,S08_NIGHT,STF_INT_023,Registered Nurse,Licensed,Overtime,7.5,0.0,7.5,54.72,410.4
2026-03-24_U_ICU_S12_DAY,2026-03-24,U_ICU,S12_DAY,STF_ICU_020,Registered Nurse,Licensed,Core Staff,11.5,0.0,11.5,59.49,684.14
2026-03-24_U_ICU_S12_DAY,2026-03-24,U_ICU,S12_DAY,STF_ICU_030,Registered Nurse,Licensed,Core Staff,11.5,0.0,11.5,54.68,628.82
2026-03-24_U_ICU_S12_DAY,2026-03-24,U_ICU,S12_DAY,STF_ICU_029,Registered Nurse,Licensed,Overtime,11.5,0.0,11.5,49.32,567.18
2026-03-24_U_ICU_S12_DAY,2026-03-24,U_ICU,S12_DAY,STF_ICU_007,Registered Nurse,Licensed,Core Staff,11.5,0.0,11.5,48.95,562.93
2026-03-24_U_ICU_S12_DAY,2026-03-24,U_ICU,S12_DAY,STF_ICU_022,Registered Nurse,Licensed,Core Staff,11.5,0.0,11.5,56.95,654.93
2026-03-24_U_ICU_S12_DAY,2026-03-24,U_ICU,S12_DAY,STF_ICU_010,Registered Nurse,Licensed,Core Staff,11.5,0.0,11.5,52.45,603.18
2026-03-24_U_ICU_S12_DAY,2026-03-24,U_ICU,S12_DAY,STF_ICU_008,Registered Nurse,Licensed,Float Pool,11.5,0.0,11.5,57.52,661.48
2026-03-24_U_ICU_S12_DAY,2026-03-24,U_ICU,S12_DAY,STF_ICU_002,Registered Nurse,Licensed,Float Pool,11.5,0.0,11.5,49.99,574.88
2026-03-24_U_ICU_S12_DAY,2026-03-24,U_ICU,S12_DAY,STF_ICU_004,Registered Nurse,Licensed,Core Staff,11.5,0.0,11.5,53.04,609.96
2026-03-24_U_ICU_S12_NIGHT,2026-03-24,U_ICU,S12_NIGHT,STF_ICU_034,Certified Nursing Assistant,Unlicensed,Overtime,11.5,0.0,11.5,31.97,367.66
2026-03-24_U_ICU_S12_NIGHT,2026-03-24,U_ICU,S12_NIGHT,STF_ICU_022,Registered Nurse,Licensed,Core Staff,11.5,0.0,11.5,49.89,573.74
2026-03-24_U_ICU_S12_NIGHT,2026-03-24,U_ICU,S12_NIGHT,STF_ICU_004,Registered Nurse,Licensed,Core Staff,11.5,0.0,11.5,52.95,608.93
2026-03-24_U_ICU_S12_NIGHT,2026-03-24,U_ICU,S12_NIGHT,STF_ICU_024,Registered Nurse,Licensed,Core Staff,11.5,0.0,11.5,48.83,561.54
2026-03-24_U_ICU_S12_NIGHT,2026-03-24,U_ICU,S12_NIGHT,STF_ICU_010,Registered Nurse,Licensed,Core Staff,11.5,0.0,11.5,59.87,688.5
2026-03-24_U_ICU_S12_NIGHT,2026-03-24,U_ICU,S12_NIGHT,STF_ICU_025,Registered Nurse,Licensed,Core Staff,11.5,0.0,11.5,53.44,614.56
2026-03-24_U_ICU_S12_NIGHT,2026-03-24,U_ICU,S12_NIGHT,STF_ICU_019,Registered Nurse,Licensed,Core Staff,11.5,0.0,11.5,57.33,659.3
2026-03-24_U_INT_S08_DAY,2026-03-24,U_INT,S08_DAY,STF_INT_008,Registered Nurse,Licensed,Agency/Traveler,7.5,0.0,7.5,57.33,429.98
2026-03-24_U_INT_S08_DAY,2026-03-24,U_INT,S08_DAY,STF_INT_017,Certified Nursing Assistant,Unlicensed,Core Staff,7.5,0.0,7.5,35.27,264.53
2026-03-24_U_INT_S08_DAY,2026-03-24,U_INT,S08_DAY,STF_INT_036,Registered Nurse,Licensed,Float Pool,7.5,0.0,7.5,48.99,367.42
2026-03-24_U_INT_S08_DAY,2026-03-24,U_INT,S08_DAY,STF_INT_044,Certified Nursing Assistant,Unlicensed,Core Staff,7.5,0.0,7.5,35.7,267.75
2026-03-24_U_INT_S08_DAY,2026-03-24,U_INT,S08_DAY,STF_INT_018,Certified Nursing Assistant,Unlicensed,Float Pool,7.5,0.0,7.5,30.96,232.2
2026-03-24_U_INT_S08_DAY,2026-03-24,U_INT,S08_DAY,STF_INT_057,Registered Nurse,Licensed,Core Staff,7.5,0.0,7.5,48.78,365.85
2026-03-24_U_INT_S08_DAY,2026-03-24,U_INT,S08_DAY,STF_INT_056,Registered Nurse,Licensed,Core Staff,7.5,0.0,7.5,51.29,384.68
2026-03-24_U_INT_S08_DAY,2026-03-24,U_INT,S08_DAY,STF_INT_064,Licensed Practical Nurse,Licensed,Core Staff,7.5,0.0,7.5,47.38,355.35
2026-03-24_U_INT_S08_EVE,2026-03-24,U_INT,S08_EVE,STF_INT_027,Licensed Practical Nurse,Licensed,Overtime,7.5,0.0,7.5,46.18,346.35
2026-03-24_U_INT_S08_EVE,2026-03-24,U_INT,S08_EVE,STF_INT_024,Licensed Practical Nurse,Licensed,Core Staff,7.5,0.0,7.5,46.31,347.33
2026-03-24_U_INT_S08_EVE,2026-03-24,U_INT,S08_EVE,STF_INT_037,Certified Nursing Assistant,Unlicensed,Core Staff,7.5,0.0,7.5,30.86,231.45
2026-03-24_U_INT_S08_EVE,2026-03-24,U_INT,S08_EVE,STF_INT_019,Registered Nurse,Licensed,Core Staff,7.5,0.0,7.5,55.81,418.58
2026-03-24_U_INT_S08_EVE,2026-03-24,U_INT,S08_EVE,STF_INT_060,Registered Nurse,Licensed,Agency/Traveler,7.5,0.0,7.5,54.06,405.45
2026-03-24_U_INT_S08_EVE,2026-03-24,U_INT,S08_EVE,STF_INT_056,Registered Nurse,Licensed,Core Staff,7.5,0.0,7.5,56.99,427.42
2026-03-24_U_INT_S08_EVE,2026-03-24,U_INT,S08_EVE,STF_INT_051,Registered Nurse,Licensed,Core Staff,7.5,0.0,7.5,56.84,426.3
2026-03-24_U_INT_S08_EVE,2026-03-24,U_INT,S08_EVE,STF_INT_053,Certified Nursing Assistant,Unlicensed,Agency/Traveler,7.5,0.0,7.5,30.79,230.92
2026-03-24_U_INT_S08_EVE,2026-03-24,U_INT,S08_EVE,STF_INT_039,Registered Nurse,Licensed,Float Pool,7.5,0.0,7.5,49.39,370.42
2026-03-24_U_INT_S08_NIGHT,2026-03-24,U_INT,S08_NIGHT,STF_INT_058,Registered Nurse,Licensed,Float Pool,7.5,0.0,7.5,55.74,418.05
2026-03-24_U_INT_S08_NIGHT,2026-03-24,U_INT,S08_NIGHT,STF_INT_023,Registered Nurse,Licensed,Overtime,7.5,0.0,7.5,54.23,406.72
2026-03-24_U_INT_S08_NIGHT,2026-03-24,U_INT,S08_NIGHT,STF_INT_060,Registered Nurse,Licensed,Agency/Traveler,7.5,0.0,7.5,55.22,414.15
2026-03-24_U_INT_S08_NIGHT,2026-03-24,U_INT,S08_NIGHT,STF_INT_027,Licensed Practical Nurse,Licensed,Overtime,7.5,0.0,7.5,46.57,349.28
2026-03-24_U_INT_S08_NIGHT,2026-03-24,U_INT,S08_NIGHT,STF_INT_009,Certified Nursing Assistant,Unlicensed,Float Pool,7.5,0.0,7.5,30.06,225.45
2026-03-24_U_INT_S08_NIGHT,2026-03-24,U_INT,S08_NIGHT,STF_INT_038,Registered Nurse,Licensed,Core Staff,7.5,0.0,7.5,51.83,388.72
2026-03-25_U_ICU_S12_DAY,2026-03-25,U_ICU,S12_DAY,STF_ICU_024,Registered Nurse,Licensed,Float Pool,11.5,0.0,11.5,55.72,640.78
2026-03-25_U_ICU_S12_DAY,2026-03-25,U_ICU,S12_DAY,STF_ICU_029,Registered Nurse,Licensed,Core Staff,11.5,0.0,11.5,49.87,573.5
2026-03-25_U_ICU_S12_DAY,2026-03-25,U_ICU,S12_DAY,STF_ICU_031,Certified Nursing Assistant,Unlicensed,Core Staff,11.5,0.0,11.5,33.42,384.33
2026-03-25_U_ICU_S12_DAY,2026-03-25,U_ICU,S12_DAY,STF_ICU_001,Registered Nurse,Licensed,Core Staff,11.5,0.0,11.5,49.48,569.02
2026-03-25_U_ICU_S12_DAY,2026-03-25,U_ICU,S12_DAY,STF_ICU_033,Certified Nursing Assistant,Unlicensed,Core Staff,11.5,0.0,11.5,33.62,386.63
2026-03-25_U_ICU_S12_DAY,2026-03-25,U_ICU,S12_DAY,STF_ICU_028,Registered Nurse,Licensed,Core Staff,11.5,0.0,11.5,50.2,577.3
2026-03-25_U_ICU_S12_DAY,2026-03-25,U_ICU,S12_DAY,STF_ICU_021,Registered Nurse,Licensed,Core Staff,11.5,0.0,11.5,48.5,557.75
2026-03-25_U_ICU_S12_NIGHT,2026-03-25,U_ICU,S12_NIGHT,STF_ICU_010,Registered Nurse,Licensed,Core Staff,11.5,0.0,11.5,55.73,640.9
2026-03-25_U_ICU_S12_NIGHT,2026-03-25,U_ICU,S12_NIGHT,STF_ICU_020,Registered Nurse,Licensed,Core Staff,11.5,0.0,11.5,49.94,574.31
2026-03-25_U_ICU_S12_NIGHT,2026-03-25,U_ICU,S12_NIGHT,STF_ICU_011,Registered Nurse,Licensed,Core Staff,11.5,0.0,11.5,50.59,581.79
2026-03-25_U_ICU_S12_NIGHT,2026-03-25,U_ICU,S12_NIGHT,STF_ICU_003,Registered Nurse,Licensed,Core Staff,11.5,0.0,11.5,59.05,679.08
2026-03-25_U_ICU_S12_NIGHT,2026-03-25,U_ICU,S12_NIGHT,STF_ICU_012,Registered Nurse,Licensed,Agency/Traveler,11.5,0.0,11.5,51.83,596.04
2026-03-25_U_ICU_S12_NIGHT,2026-03-25,U_ICU,S12_NIGHT,STF_ICU_031,Certified Nursing Assistant,Unlicensed,Core Staff,11.5,0.0,11.5,33.98,390.77
2026-03-25_U_ICU_S12_NIGHT,2026-03-25,U_ICU,S12_NIGHT,STF_ICU_026,Registered Nurse,Licensed,Overtime,9.5,2.0,11.5,52.37,602.26
2026-03-25_U_ICU_S12_NIGHT,2026-03-25,U_ICU,S12_NIGHT,STF_ICU_017,Registered Nurse,Licensed,Core Staff,9.5,2.0,11.5,57.28,658.72
2026-03-25_U_ICU_S12_NIGHT,2026-03-25,U_ICU,S12_NIGHT,STF_ICU_019,Registered Nurse,Licensed,Core Staff,11.5,0.0,11.5,55.68,640.32
2026-03-25_U_INT_S08_DAY,2026-03-25,U_INT,S08_DAY,STF_INT_001,Certified Nursing Assistant,Unlicensed,Core Staff,7.5,0.0,7.5,31.96,239.7
2026-03-25_U_INT_S08_DAY,2026-03-25,U_INT,S08_DAY,STF_INT_042,Registered Nurse,Licensed,Overtime,7.5,0.0,7.5,52.31,392.33
2026-03-25_U_INT_S08_DAY,2026-03-25,U_INT,S08_DAY,STF_INT_037,Certified Nursing Assistant,Unlicensed,Float Pool,7.5,0.0,7.5,33.21,249.08
2026-03-25_U_INT_S08_DAY,2026-03-25,U_INT,S08_DAY,STF_INT_039,Registered Nurse,Licensed,Float Pool,7.5,0.0,7.5,57.52,431.4
2026-03-25_U_INT_S08_DAY,2026-03-25,U_INT,S08_DAY,STF_INT_005,Certified Nursing Assistant,Unlicensed,Core Staff,7.5,0.0,7.5,34.67,260.03
2026-03-25_U_INT_S08_DAY,2026-03-25,U_INT,S08_DAY,STF_INT_061,Registered Nurse,Licensed,Core Staff,7.5,0.0,7.5,51.77,388.28
2026-03-25_U_INT_S08_DAY,2026-03-25,U_INT,S08_DAY,STF_INT_062,Certified Nursing Assistant,Unlicensed,Core Staff,7.5,0.0,7.5,33.39,250.42
2026-03-25_U_INT_S08_DAY,2026-03-25,U_INT,S08_DAY,STF_INT_043,Registered Nurse,Licensed,Overtime,7.5,0.0,7.5,58.95,442.12
2026-03-25_U_INT_S08_EVE,2026-03-25,U_INT,S08_EVE,STF_INT_012,Registered Nurse,Licensed,Core Staff,5.5,2.0,7.5,51.49,386.18
2026-03-25_U_INT_S08_EVE,2026-03-25,U_INT,S08_EVE,STF_INT_035,Registered Nurse,Licensed,Float Pool,7.5,0.0,7.5,56.69,425.17
2026-03-25_U_INT_S08_EVE,2026-03-25,U_INT,S08_EVE,STF_INT_004,Registered Nurse,Licensed,Core Staff,7.5,0.0,7.5,51.87,389.02
2026-03-25_U_INT_S08_EVE,2026-03-25,U_INT,S08_EVE,STF_INT_016,Registered Nurse,Licensed,Core Staff,7.5,0.0,7.5,59.2,444.0
2026-03-25_U_INT_S08_EVE,2026-03-25,U_INT,S08_EVE,STF_INT_020,Certified Nursing Assistant,Unlicensed,Core Staff,7.5,0.0,7.5,30.18,226.35
2026-03-25_U_INT_S08_EVE,2026-03-25,U_INT,S08_EVE,STF_INT_034,Licensed Practical Nurse,Licensed,Core Staff,7.5,0.0,7.5,42.25,316.88
2026-03-25_U_INT_S08_EVE,2026-03-25,U_INT,S08_EVE,STF_INT_038,Registered Nurse,Licensed,Core Staff,7.5,0.0,7.5,50.06,375.45
2026-03-25_U_INT_S08_NIGHT,2026-03-25,U_INT,S08_NIGHT,STF_INT_051,Registered Nurse,Licensed,Overtime,7.5,0.0,7.5,55.7,417.75
2026-03-25_U_INT_S08_NIGHT,2026-03-25,U_INT,S08_NIGHT,STF_INT_058,Registered Nurse,Licensed,Float Pool,7.5,0.0,7.5,50.67,380.02
2026-03-25_U_INT_S08_NIGHT,2026-03-25,U_INT,S08_NIGHT,STF_INT_008,Registered Nurse,Licensed,Agency/Traveler,7.5,0.0,7.5,52.33,392.48
2026-03-25_U_INT_S08_NIGHT,2026-03-25,U_INT,S08_NIGHT,STF_INT_053,Certified Nursing Assistant,Unlicensed,Agency/Traveler,7.5,0.0,7.5,30.01,225.08
2026-03-25_U_INT_S08_NIGHT,2026-03-25,U_INT,S08_NIGHT,STF_INT_017,Certified Nursing Assistant,Unlicensed,Overtime,7.5,0.0,7.5,33.34,250.05
2026-03-26_U_ICU_S12_DAY,2026-03-26,U_ICU,S12_DAY,STF_ICU_012,Registered Nurse,Licensed,Agency/Traveler,11.5,0.0,11.5,57.85,665.28
2026-03-26_U_ICU_S12_DAY,2026-03-26,U_ICU,S12_DAY,STF_ICU_015,Registered Nurse,Licensed,Core Staff,11.5,0.0,11.5,51.45,591.68
2026-03-26_U_ICU_S12_DAY,2026-03-26,U_ICU,S12_DAY,STF_ICU_004,Registered Nurse,Licensed,Core Staff,11.5,0.0,11.5,55.79,641.58
2026-03-26_U_ICU_S12_DAY,2026-03-26,U_ICU,S12_DAY,STF_ICU_026,Registered Nurse,Licensed,Overtime,11.5,0.0,11.5,49.88,573.62
2026-03-26_U_ICU_S12_DAY,2026-03-26,U_ICU,S12_DAY,STF_ICU_009,Registered Nurse,Licensed,Core Staff,11.5,0.0,11.5,57.69,663.44
2026-03-26_U_ICU_S12_DAY,2026-03-26,U_ICU,S12_DAY,STF_ICU_035,Certified Nursing Assistant,Unlicensed,Agency/Traveler,11.5,0.0,11.5,31.94,367.31
2026-03-26_U_ICU_S12_NIGHT,2026-03-26,U_ICU,S12_NIGHT,STF_ICU_017,Registered Nurse,Licensed,Core Staff,11.5,0.0,11.5,52.85,607.78
2026-03-26_U_ICU_S12_NIGHT,2026-03-26,U_ICU,S12_NIGHT,STF_ICU_035,Certified Nursing Assistant,Unlicensed,Agency/Traveler,11.5,0.0,11.5,31.61,363.52
2026-03-26_U_ICU_S12_NIGHT,2026-03-26,U_ICU,S12_NIGHT,STF_ICU_004,Registered Nurse,Licensed,Core Staff,11.5,0.0,11.5,59.39,682.98
2026-03-26_U_ICU_S12_NIGHT,2026-03-26,U_ICU,S12_NIGHT,STF_ICU_016,Registered Nurse,Licensed,Core Staff,11.5,0.0,11.5,49.36,567.64
2026-03-26_U_ICU_S12_NIGHT,2026-03-26,U_ICU,S12_NIGHT,STF_ICU_013,Registered Nurse,Licensed,Overtime,11.5,0.0,11.5,49.87,573.5
2026-03-26_U_ICU_S12_NIGHT,2026-03-26,U_ICU,S12_NIGHT,STF_ICU_019,Registered Nurse,Licensed,Core Staff,11.5,0.0,11.5,49.29,566.84
2026-03-26_U_ICU_S12_NIGHT,2026-03-26,U_ICU,S12_NIGHT,STF_ICU_001,Registered Nurse,Licensed,Agency/Traveler,11.5,0.0,11.5,53.27,612.6
2026-03-26_U_INT_S08_DAY,2026-03-26,U_INT,S08_DAY,STF_INT_001,Certified Nursing Assistant,Unlicensed,Core Staff,7.5,0.0,7.5,31.45,235.88
2026-03-26_U_INT_S08_DAY,2026-03-26,U_INT,S08_DAY,STF_INT_049,Registered Nurse,Licensed,Core Staff,7.5,0.0,7.5,57.67,432.52
2026-03-26_U_INT_S08_DAY,2026-03-26,U_INT,S08_DAY,STF_INT_051,Registered Nurse,Licensed,Core Staff,7.5,0.0,7.5,56.02,420.15
2026-03-26_U_INT_S08_DAY,2026-03-26,U_INT,S08_DAY,STF_INT_037,Certified Nursing Assistant,Unlicensed,Core Staff,7.5,0.0,7.5,33.39,250.42
2026-03-26_U_INT_S08_DAY,2026-03-26,U_INT,S08_DAY,STF_INT_014,Registered Nurse,Licensed,Overtime,7.5,0.0,7.5,48.47,363.52
2026-03-26_U_INT_S08_DAY,2026-03-26,U_INT,S08_DAY,STF_INT_054,Registered Nurse,Licensed,Core Staff,7.5,0.0,7.5,51.26,384.45
2026-03-26_U_INT_S08_DAY,2026-03-26,U_INT,S08_DAY,STF_INT_031,Registered Nurse,Licensed,Overtime,7.5,0.0,7.5,49.48,371.1
2026-03-26_U_INT_S08_DAY,2026-03-26,U_INT,S08_DAY,STF_INT_041,Certified Nursing Assistant,Unlicensed,Overtime,7.5,0.0,7.5,33.18,248.85
2026-03-26_U_INT_S08_EVE,2026-03-26,U_INT,S08_EVE,STF_INT_034,Licensed Practical Nurse,Licensed,Core Staff,7.5,0.0,7.5,46.78,350.85
2026-03-26_U_INT_S08_EVE,2026-03-26,U_INT,S08_EVE,STF_INT_033,Registered Nurse,Licensed,Core Staff,7.5,0.0,7.5,53.46,400.95
2026-03-26_U_INT_S08_EVE,2026-03-26,U_INT,S08_EVE,STF_INT_013,Registered Nurse,Licensed,Core Staff,7.5,0.0,7.5,52.05,390.38
2026-03-26_U_INT_S08_EVE,2026-03-26,U_INT,S08_EVE,STF_INT_028,Registered Nurse,Licensed,Core Staff,7.5,0.0,7.5,52.3,392.25
2026-03-26_U_INT_S08_EVE,2026-03-26,U_INT,S08_EVE,STF_INT_044,Certified Nursing Assistant,Unlicensed,Core Staff,7.5,0.0,7.5,35.88,269.1
2026-03-26_U_INT_S08_EVE,2026-03-26,U_INT,S08_EVE,STF_INT_045,Registered Nurse,Licensed,Core Staff,7.5,0.0,7.5,51.9,389.25
2026-03-26_U_INT_S08_EVE,2026-03-26,U_INT,S08_EVE,STF_INT_062,Certified Nursing Assistant,Unlicensed,Core Staff,7.5,0.0,7.5,35.93,269.48
2026-03-26_U_INT_S08_EVE,2026-03-26,U_INT,S08_EVE,STF_INT_039,Registered Nurse,Licensed,Float Pool,7.5,0.0,7.5,53.81,403.58
2026-03-26_U_INT_S08_NIGHT,2026-03-26,U_INT,S08_NIGHT,STF_INT_046,Registered Nurse,Licensed,Overtime,7.5,0.0,7.5,48.81,366.08
2026-03-26_U_INT_S08_NIGHT,2026-03-26,U_INT,S08_NIGHT,STF_INT_014,Registered Nurse,Licensed,Overtime,7.5,0.0,7.5,49.46,370.95
2026-03-26_U_INT_S08_NIGHT,2026-03-26,U_INT,S08_NIGHT,STF_INT_005,Certified Nursing Assistant,Unlicensed,Core Staff,7.5,0.0,7.5,33.54,251.55
2026-03-26_U_INT_S08_NIGHT,2026-03-26,U_INT,S08_NIGHT,STF_INT_037,Certified Nursing Assistant,Unlicensed,Core Staff,7.5,0.0,7.5,31.44,235.8
2026-03-26_U_INT_S08_NIGHT,2026-03-26,U_INT,S08_NIGHT,STF_INT_001,Certified Nursing Assistant,Unlicensed,Core Staff,7.5,0.0,7.5,32.42,243.15
2026-03-26_U_INT_S08_NIGHT,2026-03-26,U_INT,S08_NIGHT,STF_INT_013,Registered Nurse,Licensed,Core Staff,7.5,0.0,7.5,52.64,394.8
2026-03-26_U_INT_S08_NIGHT,2026-03-26,U_INT,S08_NIGHT,STF_INT_060,Registered Nurse,Licensed,Agency/Traveler,7.5,0.0,7.5,55.45,415.88
2026-03-27_U_ICU_S12_DAY,2026-03-27,U_ICU,S12_DAY,STF_ICU_013,Registered Nurse,Licensed,Overtime,11.5,0.0,11.5,48.95,562.93
2026-03-27_U_ICU_S12_DAY,2026-03-27,U_ICU,S12_DAY,STF_ICU_001,Registered Nurse,Licensed,Core Staff,11.5,0.0,11.5,59.69,686.44
2026-03-27_U_ICU_S12_DAY,2026-03-27,U_ICU,S12_DAY,STF_ICU_024,Registered Nurse,Licensed,Core Staff,11.5,0.0,11.5,51.86,596.39
2026-03-27_U_ICU_S12_DAY,2026-03-27,U_ICU,S12_DAY,STF_ICU_011,Registered Nurse,Licensed,Core Staff,11.5,0.0,11.5,53.88,619.62
2026-03-27_U_ICU_S12_DAY,2026-03-27,U_ICU,S12_DAY,STF_ICU_016,Registered Nurse,Licensed,Agency/Traveler,11.5,0.0,11.5,49.55,569.82
2026-03-27_U_ICU_S12_DAY,2026-03-27,U_ICU,S12_DAY,STF_ICU_003,Registered Nurse,Licensed,Core Staff,11.5,0.0,11.5,48.33,555.79
2026-03-27_U_ICU_S12_NIGHT,2026-03-27,U_ICU,S12_NIGHT,STF_ICU_006,Registered Nurse,Licensed,Core Staff,11.5,0.0,11.5,57.37,659.76
2026-03-27_U_ICU_S12_NIGHT,2026-03-27,U_ICU,S12_NIGHT,STF_ICU_032,Certified Nursing Assistant,Unlicensed,Core Staff,11.5,0.0,11.5,33.34,383.41
2026-03-27_U_ICU_S12_NIGHT,2026-03-27,U_ICU,S12_NIGHT,STF_ICU_019,Registered Nurse,Licensed,Core Staff,11.5,0.0,11.5,53.73,617.9
2026-03-27_U_ICU_S12_NIGHT,2026-03-27,U_ICU,S12_NIGHT,STF_ICU_022,Registered Nurse,Licensed,Core Staff,11.5,0.0,11.5,54.23,623.64
2026-03-27_U_ICU_S12_NIGHT,2026-03-27,U_ICU,S12_NIGHT,STF_ICU_026,Registered Nurse,Licensed,Overtime,11.5,0.0,11.5,54.89,631.24
2026-03-27_U_INT_S08_DAY,2026-03-27,U_INT,S08_DAY,STF_INT_059,Registered Nurse,Licensed,Core Staff,7.5,0.0,7.5,54.13,405.98
2026-03-27_U_INT_S08_DAY,2026-03-27,U_INT,S08_DAY,STF_INT_063,Licensed Practical Nurse,Licensed,Core Staff,7.5,0.0,7.5,42.32,317.4
2026-03-27_U_INT_S08_DAY,2026-03-27,U_INT,S08_DAY,STF_INT_041,Certified Nursing Assistant,Unlicensed,Overtime,7.5,0.0,7.5,32.12,240.9
2026-03-27_U_INT_S08_DAY,2026-03-27,U_INT,S08_DAY,STF_INT_011,Certified Nursing Assistant,Unlicensed,Agency/Traveler,7.5,0.0,7.5,31.29,234.68
2026-03-27_U_INT_S08_DAY,2026-03-27,U_INT,S08_DAY,STF_INT_005,Certified Nursing Assistant,Unlicensed,Core Staff,7.5,0.0,7.5,32.27,242.03
2026-03-27_U_INT_S08_DAY,2026-03-27,U_INT,S08_DAY,STF_INT_032,Registered Nurse,Licensed,Core Staff,7.5,0.0,7.5,56.36,422.7
2026-03-27_U_INT_S08_DAY,2026-03-27,U_INT,S08_DAY,STF_INT_031,Registered Nurse,Licensed,Core Staff,7.5,0.0,7.5,50.91,381.82
2026-03-27_U_INT_S08_DAY,2026-03-27,U_INT,S08_DAY,STF_INT_008,Registered Nurse,Licensed,Agency/Traveler,7.5,0.0,7.5,55.68,417.6
2026-03-27_U_INT_S08_DAY,2026-03-27,U_INT,S08_DAY,STF_INT_009,Certified Nursing Assistant,Unlicensed,Float Pool,7.5,0.0,7.5,34.03,255.23
2026-03-27_U_INT_S08_EVE,2026-03-27,U_INT,S08_EVE,STF_INT_006,Licensed Practical Nurse,Licensed,Core Staff,7.5,0.0,7.5,41.4,310.5
2026-03-27_U_INT_S08_EVE,2026-03-27,U_INT,S08_EVE,STF_INT_039,Registered Nurse,Licensed,Float Pool,7.5,0.0,7.5,51.18,383.85
2026-03-27_U_INT_S08_EVE,2026-03-27,U_INT,S08_EVE,STF_INT_003,Registered Nurse,Licensed,Core Staff,7.5,0.0,7.5,56.87,426.52
2026-03-27_U_INT_S08_EVE,2026-03-27,U_INT,S08_EVE,STF_INT_017,Certified Nursing Assistant,Unlicensed,Core Staff,7.5,0.0,7.5,36.38,272.85
2026-03-27_U_INT_S08_EVE,2026-03-27,U_INT,S08_EVE,STF_INT_046,Registered Nurse,Licensed,Overtime,7.5,0.0,7.5,55.31,414.83
2026-03-27_U_INT_S08_EVE,2026-03-27,U_INT,S08_EVE,STF_INT_043,Registered Nurse,Licensed,Overtime,7.5,0.0,7.5,52.92,396.9
2026-03-27_U_INT_S08_EVE,2026-03-27,U_INT,S08_EVE,STF_INT_025,Registered Nurse,Licensed,Core Staff,7.5,0.0,7.5,50.89,381.68
2026-03-27_U_INT_S08_NIGHT,2026-03-27,U_INT,S08_NIGHT,STF_INT_048,Registered Nurse,Licensed,Core Staff,7.5,0.0,7.5,53.47,401.02
2026-03-27_U_INT_S08_NIGHT,2026-03-27,U_INT,S08_NIGHT,STF_INT_039,Registered Nurse,Licensed,Float Pool,7.5,0.0,7.5,51.49,386.18
2026-03-27_U_INT_S08_NIGHT,2026-03-27,U_INT,S08_NIGHT,STF_INT_005,Certified Nursing Assistant,Unlicensed,Core Staff,7.5,0.0,7.5,35.37,265.27
2026-03-27_U_INT_S08_NIGHT,2026-03-27,U_INT,S08_NIGHT,STF_INT_044,Certified Nursing Assistant,Unlicensed,Core Staff,7.5,0.0,7.5,32.26,241.95
2026-03-27_U_INT_S08_NIGHT,2026-03-27,U_INT,S08_NIGHT,STF_INT_025,Registered Nurse,Licensed,Core Staff,7.5,0.0,7.5,57.02,427.65
2026-03-27_U_INT_S08_NIGHT,2026-03-27,U_INT,S08_NIGHT,STF_INT_059,Registered Nurse,Licensed,Core Staff,7.5,0.0,7.5,52.67,395.02
2026-03-27_U_INT_S08_NIGHT,2026-03-27,U_INT,S08_NIGHT,STF_INT_049,Registered Nurse,Licensed,Core Staff,7.5,0.0,7.5,51.08,383.1
2026-03-28_U_ICU_S12_DAY,2026-03-28,U_ICU,S12_DAY,STF_ICU_005,Registered Nurse,Licensed,Core Staff,11.5,0.0,11.5,57.56,661.94
2026-03-28_U_ICU_S12_DAY,2026-03-28,U_ICU,S12_DAY,STF_ICU_025,Registered Nurse,Licensed,Core Staff,11.5,0.0,11.5,50.79,584.08
2026-03-28_U_ICU_S12_DAY,2026-03-28,U_ICU,S12_DAY,STF_ICU_020,Registered Nurse,Licensed,Core Staff,11.5,0.0,11.5,58.0,667.0
2026-03-28_U_ICU_S12_DAY,2026-03-28,U_ICU,S12_DAY,STF_ICU_017,Registered Nurse,Licensed,Overtime,11.5,0.0,11.5,58.81,676.32
2026-03-28_U_ICU_S12_DAY,2026-03-28,U_ICU,S12_DAY,STF_ICU_031,Certified Nursing Assistant,Unlicensed,Core Staff,11.5,0.0,11.5,32.15,369.72
2026-03-28_U_ICU_S12_DAY,2026-03-28,U_ICU,S12_DAY,STF_ICU_026,Registered Nurse,Licensed,Overtime,11.5,0.0,11.5,53.06,610.19
2026-03-28_U_ICU_S12_DAY,2026-03-28,U_ICU,S12_DAY,STF_ICU_014,Registered Nurse,Licensed,Core Staff,11.5,0.0,11.5,54.62,628.13
2026-03-28_U_ICU_S12_DAY,2026-03-28,U_ICU,S12_DAY,STF_ICU_019,Registered Nurse,Licensed,Core Staff,11.5,0.0,11.5,58.26,669.99
2026-03-28_U_ICU_S12_NIGHT,2026-03-28,U_ICU,S12_NIGHT,STF_ICU_008,Registered Nurse,Licensed,Float Pool,11.5,0.0,11.5,49.31,567.07
2026-03-28_U_ICU_S12_NIGHT,2026-03-28,U_ICU,S12_NIGHT,STF_ICU_017,Registered Nurse,Licensed,Core Staff,11.5,0.0,11.5,49.2,565.8
2026-03-28_U_ICU_S12_NIGHT,2026-03-28,U_ICU,S12_NIGHT,STF_ICU_021,Registered Nurse,Licensed,Core Staff,11.5,0.0,11.5,54.03,621.34
2026-03-28_U_ICU_S12_NIGHT,2026-03-28,U_ICU,S12_NIGHT,STF_ICU_030,Registered Nurse,Licensed,Core Staff,11.5,0.0,11.5,53.02,609.73
2026-03-28_U_ICU_S12_NIGHT,2026-03-28,U_ICU,S12_NIGHT,STF_ICU_033,Certified Nursing Assistant,Unlicensed,Core Staff,11.5,0.0,11.5,34.14,392.61
2026-03-28_U_ICU_S12_NIGHT,2026-03-28,U_ICU,S12_NIGHT,STF_ICU_002,Registered Nurse,Licensed,Overtime,11.5,0.0,11.5,57.71,663.66
2026-03-28_U_INT_S08_DAY,2026-03-28,U_INT,S08_DAY,STF_INT_010,Certified Nursing Assistant,Unlicensed,Core Staff,7.5,0.0,7.5,32.76,245.7
2026-03-28_U_INT_S08_DAY,2026-03-28,U_INT,S08_DAY,STF_INT_039,Registered Nurse,Licensed,Float Pool,7.5,0.0,7.5,59.78,448.35
2026-03-28_U_INT_S08_DAY,2026-03-28,U_INT,S08_DAY,STF_INT_046,Registered Nurse,Licensed,Overtime,7.5,0.0,7.5,52.36,392.7
2026-03-28_U_INT_S08_DAY,2026-03-28,U_INT,S08_DAY,STF_INT_018,Certified Nursing Assistant,Unlicensed,Float Pool,7.5,0.0,7.5,31.04,232.8
2026-03-28_U_INT_S08_DAY,2026-03-28,U_INT,S08_DAY,STF_INT_060,Registered Nurse,Licensed,Agency/Traveler,7.5,0.0,7.5,57.56,431.7
2026-03-28_U_INT_S08_DAY,2026-03-28,U_INT,S08_DAY,STF_INT_014,Registered Nurse,Licensed,Overtime,7.5,0.0,7.5,57.68,432.6
2026-03-28_U_INT_S08_DAY,2026-03-28,U_INT,S08_DAY,STF_INT_053,Certified Nursing Assistant,Unlicensed,Agency/Traveler,7.5,0.0,7.5,35.21,264.08
2026-03-28_U_INT_S08_DAY,2026-03-28,U_INT,S08_DAY,STF_INT_054,Registered Nurse,Licensed,Core Staff,7.5,0.0,7.5,56.43,423.22
2026-03-28_U_INT_S08_DAY,2026-03-28,U_INT,S08_DAY,STF_INT_026,Registered Nurse,Licensed,Core Staff,7.5,0.0,7.5,55.25,414.38
2026-03-28_U_INT_S08_EVE,2026-03-28,U_INT,S08_EVE,STF_INT_051,Registered Nurse,Licensed,Core Staff,7.5,0.0,7.5,59.69,447.67
2026-03-28_U_INT_S08_EVE,2026-03-28,U_INT,S08_EVE,STF_INT_053,Certified Nursing Assistant,Unlicensed,Agency/Traveler,7.5,0.0,7.5,33.39,250.42
2026-03-28_U_INT_S08_EVE,2026-03-28,U_INT,S08_EVE,STF_INT_052,Licensed Practical Nurse,Licensed,Core Staff,7.5,0.0,7.5,44.42,333.15
2026-03-28_U_INT_S08_EVE,2026-03-28,U_INT,S08_EVE,STF_INT_059,Registered Nurse,Licensed,Core Staff,7.5,0.0,7.5,54.81,411.08
2026-03-28_U_INT_S08_EVE,2026-03-28,U_INT,S08_EVE,STF_INT_032,Registered Nurse,Licensed,Float Pool,7.5,0.0,7.5,48.87,366.52
2026-03-28_U_INT_S08_EVE,2026-03-28,U_INT,S08_EVE,STF_INT_006,Licensed Practical Nurse,Licensed,Core Staff,7.5,0.0,7.5,47.43,355.72
2026-03-28_U_INT_S08_EVE,2026-03-28,U_INT,S08_EVE,STF_INT_023,Registered Nurse,Licensed,Overtime,7.5,0.0,7.5,51.2,384.0
2026-03-28_U_INT_S08_EVE,2026-03-28,U_INT,S08_EVE,STF_INT_050,Registered Nurse,Licensed,Float Pool,5.5,2.0,7.5,48.67,365.02
2026-03-28_U_INT_S08_EVE,2026-03-28,U_INT,S08_EVE,STF_INT_042,Registered Nurse,Licensed,Overtime,7.5,0.0,7.5,50.14,376.05
2026-03-28_U_INT_S08_NIGHT,2026-03-28,U_INT,S08_NIGHT,STF_INT_001,Certified Nursing Assistant,Unlicensed,Agency/Traveler,7.5,0.0,7.5,36.4,273.0
2026-03-28_U_INT_S08_NIGHT,2026-03-28,U_INT,S08_NIGHT,STF_INT_048,Registered Nurse,Licensed,Core Staff,7.5,0.0,7.5,55.45,415.88
2026-03-28_U_INT_S08_NIGHT,2026-03-28,U_INT,S08_NIGHT,STF_INT_025,Registered Nurse,Licensed,Core Staff,7.5,0.0,7.5,56.69,425.17
2026-03-28_U_INT_S08_NIGHT,2026-03-28,U_INT,S08_NIGHT,STF_INT_038,Registered Nurse,Licensed,Core Staff,7.5,0.0,7.5,52.45,393.38
2026-03-28_U_INT_S08_NIGHT,2026-03-28,U_INT,S08_NIGHT,STF_INT_024,Licensed Practical Nurse,Licensed,Core Staff,7.5,0.0,7.5,47.08,353.1
2026-03-28_U_INT_S08_NIGHT,2026-03-28,U_INT,S08_NIGHT,STF_INT_051,Registered Nurse,Licensed,Core Staff,7.5,0.0,7.5,55.59,416.92
2026-03-28_U_INT_S08_NIGHT,2026-03-28,U_INT,S08_NIGHT,STF_INT_004,Registered Nurse,Licensed,Core Staff,7.5,0.0,7.5,56.58,424.35
2026-03-29_U_ICU_S12_DAY,2026-03-29,U_ICU,S12_DAY,STF_ICU_023,Registered Nurse,Licensed,Core Staff,11.5,0.0,11.5,53.39,613.98
2026-03-29_U_ICU_S12_DAY,2026-03-29,U_ICU,S12_DAY,STF_ICU_018,Registered Nurse,Licensed,Core Staff,11.5,0.0,11.5,50.56,581.44
2026-03-29_U_ICU_S12_DAY,2026-03-29,U_ICU,S12_DAY,STF_ICU_028,Registered Nurse,Licensed,Core Staff,11.5,0.0,11.5,51.36,590.64
2026-03-29_U_ICU_S12_DAY,2026-03-29,U_ICU,S12_DAY,STF_ICU_032,Certified Nursing Assistant,Unlicensed,Core Staff,11.5,0.0,11.5,30.93,355.7
2026-03-29_U_ICU_S12_DAY,2026-03-29,U_ICU,S12_DAY,STF_ICU_008,Registered Nurse,Licensed,Float Pool,11.5,0.0,11.5,49.66,571.09
2026-03-29_U_ICU_S12_DAY,2026-03-29,U_ICU,S12_DAY,STF_ICU_030,Registered Nurse,Licensed,Core Staff,11.5,0.0,11.5,57.2,657.8
2026-03-29_U_ICU_S12_DAY,2026-03-29,U_ICU,S12_DAY,STF_ICU_011,Registered Nurse,Licensed,Core Staff,11.5,0.0,11.5,58.11,668.26
2026-03-29_U_ICU_S12_DAY,2026-03-29,U_ICU,S12_DAY,STF_ICU_031,Certified Nursing Assistant,Unlicensed,Core Staff,11.5,0.0,11.5,32.77,376.86
2026-03-29_U_ICU_S12_NIGHT,2026-03-29,U_ICU,S12_NIGHT,STF_ICU_006,Registered Nurse,Licensed,Core Staff,11.5,0.0,11.5,55.4,637.1
2026-03-29_U_ICU_S12_NIGHT,2026-03-29,U_ICU,S12_NIGHT,STF_ICU_030,Registered Nurse,Licensed,Core Staff,11.5,0.0,11.5,56.67,651.71
2026-03-29_U_ICU_S12_NIGHT,2026-03-29,U_ICU,S12_NIGHT,STF_ICU_017,Registered Nurse,Licensed,Core Staff,11.5,0.0,11.5,56.32,647.68
2026-03-29_U_ICU_S12_NIGHT,2026-03-29,U_ICU,S12_NIGHT,STF_ICU_035,Certified Nursing Assistant,Unlicensed,Agency/Traveler,11.5,0.0,11.5,33.41,384.22
2026-03-29_U_ICU_S12_NIGHT,2026-03-29,U_ICU,S12_NIGHT,STF_ICU_002,Registered Nurse,Licensed,Agency/Traveler,11.5,0.0,11.5,58.52,672.98
2026-03-29_U_ICU_S12_NIGHT,2026-03-29,U_ICU,S12_NIGHT,STF_ICU_028,Registered Nurse,Licensed,Core Staff,11.5,0.0,11.5,48.17,553.96
2026-03-29_U_INT_S08_DAY,2026-03-29,U_INT,S08_DAY,STF_INT_022,Registered Nurse,Licensed,Core Staff,7.5,0.0,7.5,50.22,376.65
2026-03-29_U_INT_S08_DAY,2026-03-29,U_INT,S08_DAY,STF_INT_061,Registered Nurse,Licensed,Core Staff,7.5,0.0,7.5,54.56,409.2
2026-03-29_U_INT_S08_DAY,2026-03-29,U_INT,S08_DAY,STF_INT_033,Registered Nurse,Licensed,Core Staff,7.5,0.0,7.5,57.83,433.72
2026-03-29_U_INT_S08_DAY,2026-03-29,U_INT,S08_DAY,STF_INT_038,Registered Nurse,Licensed,Core Staff,5.5,2.0,7.5,50.8,381.0
2026-03-29_U_INT_S08_DAY,2026-03-29,U_INT,S08_DAY,STF_INT_042,Registered Nurse,Licensed,Overtime,7.5,0.0,7.5,57.52,431.4
2026-03-29_U_INT_S08_DAY,2026-03-29,U_INT,S08_DAY,STF_INT_004,Registered Nurse,Licensed,Core Staff,7.5,0.0,7.5,53.32,399.9
2026-03-29_U_INT_S08_DAY,2026-03-29,U_INT,S08_DAY,STF_INT_020,Certified Nursing Assistant,Unlicensed,Core Staff,7.5,0.0,7.5,30.16,226.2
2026-03-29_U_INT_S08_DAY,2026-03-29,U_INT,S08_DAY,STF_INT_056,Registered Nurse,Licensed,Core Staff,7.5,0.0,7.5,55.49,416.18
2026-03-29_U_INT_S08_DAY,2026-03-29,U_INT,S08_DAY,STF_INT_037,Certified Nursing Assistant,Unlicensed,Core Staff,7.5,0.0,7.5,33.99,254.92
2026-03-29_U_INT_S08_DAY,2026-03-29,U_INT,S08_DAY,STF_INT_035,Registered Nurse,Licensed,Float Pool,7.5,0.0,7.5,55.77,418.28
2026-03-29_U_INT_S08_EVE,2026-03-29,U_INT,S08_EVE,STF_INT_059,Registered Nurse,Licensed,Core Staff,7.5,0.0,7.5,50.93,381.98
2026-03-29_U_INT_S08_EVE,2026-03-29,U_INT,S08_EVE,STF_INT_018,Certified Nursing Assistant,Unlicensed,Core Staff,7.5,0.0,7.5,34.78,260.85
2026-03-29_U_INT_S08_EVE,2026-03-29,U_INT,S08_EVE,STF_INT_015,Registered Nurse,Licensed,Core Staff,7.5,0.0,7.5,56.26,421.95
2026-03-29_U_INT_S08_EVE,2026-03-29,U_INT,S08_EVE,STF_INT_050,Registered Nurse,Licensed,Float Pool,7.5,0.0,7.5,56.72,425.4
2026-03-29_U_INT_S08_EVE,2026-03-29,U_INT,S08_EVE,STF_INT_051,Registered Nurse,Licensed,Core Staff,7.5,0.0,7.5,55.84,418.8
2026-03-29_U_INT_S08_EVE,2026-03-29,U_INT,S08_EVE,STF_INT_002,Registered Nurse,Licensed,Core Staff,7.5,0.0,7.5,54.55,409.12
2026-03-29_U_INT_S08_EVE,2026-03-29,U_INT,S08_EVE,STF_INT_035,Registered Nurse,Licensed,Float Pool,7.5,0.0,7.5,54.38,407.85
2026-03-29_U_INT_S08_NIGHT,2026-03-29,U_INT,S08_NIGHT,STF_INT_062,Certified Nursing Assistant,Unlicensed,Core Staff,7.5,0.0,7.5,33.31,249.82
2026-03-29_U_INT_S08_NIGHT,2026-03-29,U_INT,S08_NIGHT,STF_INT_034,Licensed Practical Nurse,Licensed,Core Staff,7.5,0.0,7.5,42.64,319.8
2026-03-29_U_INT_S08_NIGHT,2026-03-29,U_INT,S08_NIGHT,STF_INT_063,Licensed Practical Nurse,Licensed,Core Staff,7.5,0.0,7.5,45.86,343.95
2026-03-29_U_INT_S08_NIGHT,2026-03-29,U_INT,S08_NIGHT,STF_INT_017,Certified Nursing Assistant,Unlicensed,Core Staff,7.5,0.0,7.5,33.7,252.75
2026-03-29_U_INT_S08_NIGHT,2026-03-29,U_INT,S08_NIGHT,STF_INT_014,Registered Nurse,Licensed,Overtime,7.5,0.0,7.5,55.28,414.6
2026-03-29_U_INT_S08_NIGHT,2026-03-29,U_INT,S08_NIGHT,STF_INT_064,Licensed Practical Nurse,Licensed,Core Staff,7.5,0.0,7.5,42.04,315.3
2026-03-29_U_INT_S08_NIGHT,2026-03-29,U_INT,S08_NIGHT,STF_INT_037,Certified Nursing Assistant,Unlicensed,Agency/Traveler,7.5,0.0,7.5,35.46,265.95
2026-03-30_U_ICU_S12_DAY,2026-03-30,U_ICU,S12_DAY,STF_ICU_008,Registered Nurse,Licensed,Float Pool,11.5,0.0,11.5,52.94,608.81
2026-03-30_U_ICU_S12_DAY,2026-03-30,U_ICU,S12_DAY,STF_ICU_035,Certified Nursing Assistant,Unlicensed,Agency/Traveler,11.5,0.0,11.5,31.74,365.01
2026-03-30_U_ICU_S12_DAY,2026-03-30,U_ICU,S12_DAY,STF_ICU_016,Registered Nurse,Licensed,Core Staff,11.5,0.0,11.5,51.67,594.21
2026-03-30_U_ICU_S12_DAY,2026-03-30,U_ICU,S12_DAY,STF_ICU_010,Registered Nurse,Licensed,Core Staff,11.5,0.0,11.5,52.57,604.55
2026-03-30_U_ICU_S12_DAY,2026-03-30,U_ICU,S12_DAY,STF_ICU_004,Registered Nurse,Licensed,Core Staff,11.5,0.0,11.5,48.58,558.67
2026-03-30_U_ICU_S12_DAY,2026-03-30,U_ICU,S12_DAY,STF_ICU_019,Registered Nurse,Licensed,Core Staff,11.5,0.0,11.5,50.16,576.84
2026-03-30_U_ICU_S12_DAY,2026-03-30,U_ICU,S12_DAY,STF_ICU_025,Registered Nurse,Licensed,Core Staff,11.5,0.0,11.5,52.45,603.18
2026-03-30_U_ICU_S12_DAY,2026-03-30,U_ICU,S12_DAY,STF_ICU_011,Registered Nurse,Licensed,Core Staff,11.5,0.0,11.5,57.13,657.0
2026-03-30_U_ICU_S12_NIGHT,2026-03-30,U_ICU,S12_NIGHT,STF_ICU_022,Registered Nurse,Licensed,Core Staff,11.5,0.0,11.5,52.17,599.96
2026-03-30_U_ICU_S12_NIGHT,2026-03-30,U_ICU,S12_NIGHT,STF_ICU_024,Registered Nurse,Licensed,Core Staff,11.5,0.0,11.5,51.91,596.96
2026-03-30_U_ICU_S12_NIGHT,2026-03-30,U_ICU,S12_NIGHT,STF_ICU_032,Certified Nursing Assistant,Unlicensed,Core Staff,11.5,0.0,11.5,31.37,360.76
2026-03-30_U_ICU_S12_NIGHT,2026-03-30,U_ICU,S12_NIGHT,STF_ICU_011,Registered Nurse,Licensed,Core Staff,11.5,0.0,11.5,53.44,614.56
2026-03-30_U_ICU_S12_NIGHT,2026-03-30,U_ICU,S12_NIGHT,STF_ICU_027,Registered Nurse,Licensed,Core Staff,11.5,0.0,11.5,50.36,579.14
2026-03-30_U_ICU_S12_NIGHT,2026-03-30,U_ICU,S12_NIGHT,STF_ICU_010,Registered Nurse,Licensed,Core Staff,11.5,0.0,11.5,53.09,610.54
2026-03-30_U_INT_S08_DAY,2026-03-30,U_INT,S08_DAY,STF_INT_033,Registered Nurse,Licensed,Core Staff,7.5,0.0,7.5,55.4,415.5
2026-03-30_U_INT_S08_DAY,2026-03-30,U_INT,S08_DAY,STF_INT_053,Certified Nursing Assistant,Unlicensed,Agency/Traveler,7.5,0.0,7.5,31.74,238.05
2026-03-30_U_INT_S08_DAY,2026-03-30,U_INT,S08_DAY,STF_INT_040,Certified Nursing Assistant,Unlicensed,Core Staff,7.5,0.0,7.5,30.08,225.6
2026-03-30_U_INT_S08_DAY,2026-03-30,U_INT,S08_DAY,STF_INT_037,Certified Nursing Assistant,Unlicensed,Core Staff,7.5,0.0,7.5,33.97,254.77
2026-03-30_U_INT_S08_DAY,2026-03-30,U_INT,S08_DAY,STF_INT_016,Registered Nurse,Licensed,Core Staff,7.5,0.0,7.5,55.84,418.8
2026-03-30_U_INT_S08_DAY,2026-03-30,U_INT,S08_DAY,STF_INT_029,Licensed Practical Nurse,Licensed,Core Staff,7.5,0.0,7.5,38.61,289.58
2026-03-30_U_INT_S08_DAY,2026-03-30,U_INT,S08_DAY,STF_INT_012,Registered Nurse,Licensed,Core Staff,7.5,0.0,7.5,59.91,449.32
2026-03-30_U_INT_S08_DAY,2026-03-30,U_INT,S08_DAY,STF_INT_045,Registered Nurse,Licensed,Core Staff,5.5,2.0,7.5,52.97,397.28
2026-03-30_U_INT_S08_EVE,2026-03-30,U_INT,S08_EVE,STF_INT_023,Registered Nurse,Licensed,Overtime,7.5,0.0,7.5,48.1,360.75
2026-03-30_U_INT_S08_EVE,2026-03-30,U_INT,S08_EVE,STF_INT_054,Registered Nurse,Licensed,Core Staff,7.5,0.0,7.5,59.33,444.98
2026-03-30_U_INT_S08_EVE,2026-03-30,U_INT,S08_EVE,STF_INT_009,Certified Nursing Assistant,Unlicensed,Float Pool,7.5,0.0,7.5,32.82,246.15
2026-03-30_U_INT_S08_EVE,2026-03-30,U_INT,S08_EVE,STF_INT_042,Registered Nurse,Licensed,Overtime,7.5,0.0,7.5,50.0,375.0
2026-03-30_U_INT_S08_EVE,2026-03-30,U_INT,S08_EVE,STF_INT_041,Certified Nursing Assistant,Unlicensed,Overtime,7.5,0.0,7.5,32.53,243.98
2026-03-30_U_INT_S08_EVE,2026-03-30,U_INT,S08_EVE,STF_INT_034,Licensed Practical Nurse,Licensed,Core Staff,7.5,0.0,7.5,38.19,286.42
2026-03-30_U_INT_S08_EVE,2026-03-30,U_INT,S08_EVE,STF_INT_047,Certified Nursing Assistant,Unlicensed,Float Pool,7.5,0.0,7.5,31.69,237.68
2026-03-30_U_INT_S08_NIGHT,2026-03-30,U_INT,S08_NIGHT,STF_INT_009,Certified Nursing Assistant,Unlicensed,Float Pool,7.5,0.0,7.5,36.05,270.38
2026-03-30_U_INT_S08_NIGHT,2026-03-30,U_INT,S08_NIGHT,STF_INT_041,Certified Nursing Assistant,Unlicensed,Overtime,7.5,0.0,7.5,30.74,230.55
2026-03-30_U_INT_S08_NIGHT,2026-03-30,U_INT,S08_NIGHT,STF_INT_043,Registered Nurse,Licensed,Overtime,7.5,0.0,7.5,52.6,394.5
2026-03-30_U_INT_S08_NIGHT,2026-03-30,U_INT,S08_NIGHT,STF_INT_053,Certified Nursing Assistant,Unlicensed,Agency/Traveler,7.5,0.0,7.5,32.75,245.62
2026-03-30_U_INT_S08_NIGHT,2026-03-30,U_INT,S08_NIGHT,STF_INT_014,Registered Nurse,Licensed,Overtime,7.5,0.0,7.5,51.95,389.62
2026-03-30_U_INT_S08_NIGHT,2026-03-30,U_INT,S08_NIGHT,STF_INT_013,Registered Nurse,Licensed,Core Staff,7.5,0.0,7.5,48.49,363.68
2026-03-31_U_ICU_S12_DAY,2026-03-31,U_ICU,S12_DAY,STF_ICU_023,Registered Nurse,Licensed,Core Staff,11.5,0.0,11.5,48.72,560.28
2026-03-31_U_ICU_S12_DAY,2026-03-31,U_ICU,S12_DAY,STF_ICU_030,Registered Nurse,Licensed,Core Staff,9.5,2.0,11.5,59.31,682.06
2026-03-31_U_ICU_S12_DAY,2026-03-31,U_ICU,S12_DAY,STF_ICU_025,Registered Nurse,Licensed,Core Staff,11.5,0.0,11.5,49.82,572.93
2026-03-31_U_ICU_S12_DAY,2026-03-31,U_ICU,S12_DAY,STF_ICU_035,Certified Nursing Assistant,Unlicensed,Agency/Traveler,11.5,0.0,11.5,31.6,363.4
2026-03-31_U_ICU_S12_DAY,2026-03-31,U_ICU,S12_DAY,STF_ICU_013,Registered Nurse,Licensed,Overtime,11.5,0.0,11.5,51.99,597.88
2026-03-31_U_ICU_S12_DAY,2026-03-31,U_ICU,S12_DAY,STF_ICU_008,Registered Nurse,Licensed,Float Pool,11.5,0.0,11.5,53.04,609.96
2026-03-31_U_ICU_S12_DAY,2026-03-31,U_ICU,S12_DAY,STF_ICU_012,Registered Nurse,Licensed,Agency/Traveler,11.5,0.0,11.5,53.81,618.82
2026-03-31_U_ICU_S12_NIGHT,2026-03-31,U_ICU,S12_NIGHT,STF_ICU_012,Registered Nurse,Licensed,Agency/Traveler,11.5,0.0,11.5,54.38,625.37
2026-03-31_U_ICU_S12_NIGHT,2026-03-31,U_ICU,S12_NIGHT,STF_ICU_030,Registered Nurse,Licensed,Core Staff,11.5,0.0,11.5,57.88,665.62
2026-03-31_U_ICU_S12_NIGHT,2026-03-31,U_ICU,S12_NIGHT,STF_ICU_024,Registered Nurse,Licensed,Core Staff,11.5,0.0,11.5,58.76,675.74
2026-03-31_U_ICU_S12_NIGHT,2026-03-31,U_ICU,S12_NIGHT,STF_ICU_022,Registered Nurse,Licensed,Core Staff,11.5,0.0,11.5,52.53,604.1
2026-03-31_U_ICU_S12_NIGHT,2026-03-31,U_ICU,S12_NIGHT,STF_ICU_002,Registered Nurse,Licensed,Agency/Traveler,11.5,0.0,11.5,58.29,670.34
2026-03-31_U_ICU_S12_NIGHT,2026-03-31,U_ICU,S12_NIGHT,STF_ICU_033,Certified Nursing Assistant,Unlicensed,Core Staff,11.5,0.0,11.5,33.88,389.62
2026-03-31_U_INT_S08_DAY,2026-03-31,U_INT,S08_DAY,STF_INT_063,Licensed Practical Nurse,Licensed,Core Staff,7.5,0.0,7.5,38.71,290.32
2026-03-31_U_INT_S08_DAY,2026-03-31,U_INT,S08_DAY,STF_INT_057,Registered Nurse,Licensed,Core Staff,7.5,0.0,7.5,52.96,397.2
2026-03-31_U_INT_S08_DAY,2026-03-31,U_INT,S08_DAY,STF_INT_013,Registered Nurse,Licensed,Core Staff,7.5,0.0,7.5,56.99,427.42
2026-03-31_U_INT_S08_DAY,2026-03-31,U_INT,S08_DAY,STF_INT_044,Certified Nursing Assistant,Unlicensed,Core Staff,7.5,0.0,7.5,33.32,249.9
2026-03-31_U_INT_S08_DAY,2026-03-31,U_INT,S08_DAY,STF_INT_038,Registered Nurse,Licensed,Core Staff,7.5,0.0,7.5,52.16,391.2
2026-03-31_U_INT_S08_DAY,2026-03-31,U_INT,S08_DAY,STF_INT_035,Registered Nurse,Licensed,Float Pool,7.5,0.0,7.5,54.59,409.42
2026-03-31_U_INT_S08_DAY,2026-03-31,U_INT,S08_DAY,STF_INT_002,Registered Nurse,Licensed,Core Staff,7.5,0.0,7.5,52.87,396.52
2026-03-31_U_INT_S08_DAY,2026-03-31,U_INT,S08_DAY,STF_INT_026,Registered Nurse,Licensed,Overtime,7.5,0.0,7.5,57.73,432.98
2026-03-31_U_INT_S08_DAY,2026-03-31,U_INT,S08_DAY,STF_INT_001,Certified Nursing Assistant,Unlicensed,Core Staff,7.5,0.0,7.5,34.0,255.0
2026-03-31_U_INT_S08_EVE,2026-03-31,U_INT,S08_EVE,STF_INT_064,Licensed Practical Nurse,Licensed,Core Staff,7.5,0.0,7.5,44.15,331.12
2026-03-31_U_INT_S08_EVE,2026-03-31,U_INT,S08_EVE,STF_INT_004,Registered Nurse,Licensed,Core Staff,7.5,0.0,7.5,56.38,422.85
2026-03-31_U_INT_S08_EVE,2026-03-31,U_INT,S08_EVE,STF_INT_056,Registered Nurse,Licensed,Core Staff,7.5,0.0,7.5,52.0,390.0
2026-03-31_U_INT_S08_EVE,2026-03-31,U_INT,S08_EVE,STF_INT_034,Licensed Practical Nurse,Licensed,Core Staff,7.5,0.0,7.5,42.75,320.62
2026-03-31_U_INT_S08_EVE,2026-03-31,U_INT,S08_EVE,STF_INT_002,Registered Nurse,Licensed,Core Staff,7.5,0.0,7.5,49.01,367.58
2026-03-31_U_INT_S08_EVE,2026-03-31,U_INT,S08_EVE,STF_INT_021,Licensed Practical Nurse,Licensed,Core Staff,7.5,0.0,7.5,39.01,292.58
2026-03-31_U_INT_S08_EVE,2026-03-31,U_INT,S08_EVE,STF_INT_003,Registered Nurse,Licensed,Core Staff,7.5,0.0,7.5,53.56,401.7
2026-03-31_U_INT_S08_EVE,2026-03-31,U_INT,S08_EVE,STF_INT_020,Certified Nursing Assistant,Unlicensed,Core Staff,7.5,0.0,7.5,33.83,253.72
2026-03-31_U_INT_S08_NIGHT,2026-03-31,U_INT,S08_NIGHT,STF_INT_004,Registered Nurse,Licensed,Core Staff,7.5,0.0,7.5,54.74,410.55
2026-03-31_U_INT_S08_NIGHT,2026-03-31,U_INT,S08_NIGHT,STF_INT_029,Licensed Practical Nurse,Licensed,Core Staff,7.5,0.0,7.5,45.13,338.48
2026-03-31_U_INT_S08_NIGHT,2026-03-31,U_INT,S08_NIGHT,STF_INT_015,Registered Nurse,Licensed,Core Staff,7.5,0.0,7.5,48.9,366.75
2026-03-31_U_INT_S08_NIGHT,2026-03-31,U_INT,S08_NIGHT,STF_INT_023,Registered Nurse,Licensed,Overtime,7.5,0.0,7.5,55.39,415.42
2026-03-31_U_INT_S08_NIGHT,2026-03-31,U_INT,S08_NIGHT,STF_INT_045,Registered Nurse,Licensed,Core Staff,7.5,0.0,7.5,57.13,428.48
2026-03-31_U_INT_S08_NIGHT,2026-03-31,U_INT,S08_NIGHT,STF_INT_038,Registered Nurse,Licensed,Core Staff,7.5,0.0,7.5,55.38,415.35
2026-03-31_U_INT_S08_NIGHT,2026-03-31,U_INT,S08_NIGHT,STF_INT_031,Registered Nurse,Licensed,Core Staff,7.5,0.0,7.5,54.09,405.68
2026-04-01_U_ICU_S12_DAY,2026-04-01,U_ICU,S12_DAY,STF_ICU_031,Certified Nursing Assistant,Unlicensed,Core Staff,11.5,0.0,11.5,31.55,362.82
2026-04-01_U_ICU_S12_DAY,2026-04-01,U_ICU,S12_DAY,STF_ICU_009,Registered Nurse,Licensed,Core Staff,11.5,0.0,11.5,51.36,590.64
2026-04-01_U_ICU_S12_DAY,2026-04-01,U_ICU,S12_DAY,STF_ICU_018,Registered Nurse,Licensed,Agency/Traveler,11.5,0.0,11.5,56.03,644.34
2026-04-01_U_ICU_S12_DAY,2026-04-01,U_ICU,S12_DAY,STF_ICU_001,Registered Nurse,Licensed,Core Staff,11.5,0.0,11.5,53.05,610.07
2026-04-01_U_ICU_S12_DAY,2026-04-01,U_ICU,S12_DAY,STF_ICU_014,Registered Nurse,Licensed,Core Staff,11.5,0.0,11.5,53.09,610.54
2026-04-01_U_ICU_S12_DAY,2026-04-01,U_ICU,S12_DAY,STF_ICU_004,Registered Nurse,Licensed,Core Staff,11.5,0.0,11.5,48.85,561.78
2026-04-01_U_ICU_S12_NIGHT,2026-04-01,U_ICU,S12_NIGHT,STF_ICU_018,Registered Nurse,Licensed,Core Staff,11.5,0.0,11.5,50.79,584.08
2026-04-01_U_ICU_S12_NIGHT,2026-04-01,U_ICU,S12_NIGHT,STF_ICU_030,Registered Nurse,Licensed,Core Staff,11.5,0.0,11.5,48.18,554.07
2026-04-01_U_ICU_S12_NIGHT,2026-04-01,U_ICU,S12_NIGHT,STF_ICU_013,Registered Nurse,Licensed,Overtime,11.5,0.0,11.5,49.25,566.38
2026-04-01_U_ICU_S12_NIGHT,2026-04-01,U_ICU,S12_NIGHT,STF_ICU_019,Registered Nurse,Licensed,Core Staff,11.5,0.0,11.5,53.32,613.18
2026-04-01_U_ICU_S12_NIGHT,2026-04-01,U_ICU,S12_NIGHT,STF_ICU_005,Registered Nurse,Licensed,Core Staff,11.5,0.0,11.5,59.73,686.9
2026-04-01_U_ICU_S12_NIGHT,2026-04-01,U_ICU,S12_NIGHT,STF_ICU_033,Certified Nursing Assistant,Unlicensed,Core Staff,11.5,0.0,11.5,35.03,402.84
2026-04-01_U_INT_S08_DAY,2026-04-01,U_INT,S08_DAY,STF_INT_033,Registered Nurse,Licensed,Core Staff,7.5,0.0,7.5,50.9,381.75
2026-04-01_U_INT_S08_DAY,2026-04-01,U_INT,S08_DAY,STF_INT_037,Certified Nursing Assistant,Unlicensed,Core Staff,7.5,0.0,7.5,30.32,227.4
2026-04-01_U_INT_S08_DAY,2026-04-01,U_INT,S08_DAY,STF_INT_026,Registered Nurse,Licensed,Core Staff,7.5,0.0,7.5,48.27,362.02
2026-04-01_U_INT_S08_DAY,2026-04-01,U_INT,S08_DAY,STF_INT_013,Registered Nurse,Licensed,Core Staff,7.5,0.0,7.5,59.05,442.88
2026-04-01_U_INT_S08_DAY,2026-04-01,U_INT,S08_DAY,STF_INT_029,Licensed Practical Nurse,Licensed,Core Staff,7.5,0.0,7.5,41.82,313.65
2026-04-01_U_INT_S08_DAY,2026-04-01,U_INT,S08_DAY,STF_INT_063,Licensed Practical Nurse,Licensed,Core Staff,7.5,0.0,7.5,40.69,305.17
2026-04-01_U_INT_S08_DAY,2026-04-01,U_INT,S08_DAY,STF_INT_036,Registered Nurse,Licensed,Core Staff,7.5,0.0,7.5,54.06,405.45
2026-04-01_U_INT_S08_DAY,2026-04-01,U_INT,S08_DAY,STF_INT_021,Licensed Practical Nurse,Licensed,Core Staff,7.5,0.0,7.5,44.61,334.58
2026-04-01_U_INT_S08_DAY,2026-04-01,U_INT,S08_DAY,STF_INT_012,Registered Nurse,Licensed,Core Staff,7.5,0.0,7.5,54.0,405.0
2026-04-01_U_INT_S08_EVE,2026-04-01,U_INT,S08_EVE,STF_INT_023,Registered Nurse,Licensed,Overtime,7.5,0.0,7.5,56.11,420.82
2026-04-01_U_INT_S08_EVE,2026-04-01,U_INT,S08_EVE,STF_INT_034,Licensed Practical Nurse,Licensed,Core Staff,7.5,0.0,7.5,42.91,321.82
2026-04-01_U_INT_S08_EVE,2026-04-01,U_INT,S08_EVE,STF_INT_024,Licensed Practical Nurse,Licensed,Core Staff,7.5,0.0,7.5,45.77,343.28
2026-04-01_U_INT_S08_EVE,2026-04-01,U_INT,S08_EVE,STF_INT_011,Certified Nursing Assistant,Unlicensed,Agency/Traveler,7.5,0.0,7.5,31.14,233.55
2026-04-01_U_INT_S08_EVE,2026-04-01,U_INT,S08_EVE,STF_INT_008,Registered Nurse,Licensed,Agency/Traveler,7.5,0.0,7.5,59.66,447.45
2026-04-01_U_INT_S08_EVE,2026-04-01,U_INT,S08_EVE,STF_INT_010,Certified Nursing Assistant,Unlicensed,Core Staff,7.5,0.0,7.5,36.41,273.08
2026-04-01_U_INT_S08_EVE,2026-04-01,U_INT,S08_EVE,STF_INT_014,Registered Nurse,Licensed,Overtime,7.5,0.0,7.5,49.75,373.12
2026-04-01_U_INT_S08_EVE,2026-04-01,U_INT,S08_EVE,STF_INT_035,Registered Nurse,Licensed,Overtime,5.5,2.0,7.5,49.0,367.5
2026-04-01_U_INT_S08_EVE,2026-04-01,U_INT,S08_EVE,STF_INT_016,Registered Nurse,Licensed,Core Staff,7.5,0.0,7.5,52.03,390.22
2026-04-01_U_INT_S08_NIGHT,2026-04-01,U_INT,S08_NIGHT,STF_INT_039,Registered Nurse,Licensed,Float Pool,7.5,0.0,7.5,48.29,362.18
2026-04-01_U_INT_S08_NIGHT,2026-04-01,U_INT,S08_NIGHT,STF_INT_064,Licensed Practical Nurse,Licensed,Core Staff,7.5,0.0,7.5,42.58,319.35
2026-04-01_U_INT_S08_NIGHT,2026-04-01,U_INT,S08_NIGHT,STF_INT_027,Licensed Practical Nurse,Licensed,Overtime,7.5,0.0,7.5,38.42,288.15
2026-04-01_U_INT_S08_NIGHT,2026-04-01,U_INT,S08_NIGHT,STF_INT_017,Certified Nursing Assistant,Unlicensed,Core Staff,7.5,0.0,7.5,34.41,258.08
2026-04-01_U_INT_S08_NIGHT,2026-04-01,U_INT,S08_NIGHT,STF_INT_011,Certified Nursing Assistant,Unlicensed,Core Staff,7.5,0.0,7.5,33.61,252.08
2026-04-01_U_INT_S08_NIGHT,2026-04-01,U_INT,S08_NIGHT,STF_INT_054,Registered Nurse,Licensed,Core Staff,7.5,0.0,7.5,52.72,395.4
2026-04-02_U_ICU_S12_DAY,2026-04-02,U_ICU,S12_DAY,STF_ICU_028,Registered Nurse,Licensed,Core Staff,11.5,0.0,11.5,58.17,668.96
2026-04-02_U_ICU_S12_DAY,2026-04-02,U_ICU,S12_DAY,STF_ICU_023,Registered Nurse,Licensed,Core Staff,11.5,0.0,11.5,54.92,631.58
2026-04-02_U_ICU_S12_DAY,2026-04-02,U_ICU,S12_DAY,STF_ICU_033,Certified Nursing Assistant,Unlicensed,Core Staff,11.5,0.0,11.5,35.59,409.28
2026-04-02_U_ICU_S12_DAY,2026-04-02,U_ICU,S12_DAY,STF_ICU_018,Registered Nurse,Licensed,Float Pool,11.5,0.0,11.5,53.99,620.88
2026-04-02_U_ICU_S12_DAY,2026-04-02,U_ICU,S12_DAY,STF_ICU_026,Registered Nurse,Licensed,Overtime,11.5,0.0,11.5,53.58,616.17
2026-04-02_U_ICU_S12_DAY,2026-04-02,U_ICU,S12_DAY,STF_ICU_017,Registered Nurse,Licensed,Core Staff,9.5,2.0,11.5,59.43,683.44
2026-04-02_U_ICU_S12_DAY,2026-04-02,U_ICU,S12_DAY,STF_ICU_014,Registered Nurse,Licensed,Core Staff,11.5,0.0,11.5,59.54,684.71
2026-04-02_U_ICU_S12_NIGHT,2026-04-02,U_ICU,S12_NIGHT,STF_ICU_011,Registered Nurse,Licensed,Core Staff,11.5,0.0,11.5,58.85,676.78
2026-04-02_U_ICU_S12_NIGHT,2026-04-02,U_ICU,S12_NIGHT,STF_ICU_008,Registered Nurse,Licensed,Float Pool,11.5,0.0,11.5,48.47,557.4
2026-04-02_U_ICU_S12_NIGHT,2026-04-02,U_ICU,S12_NIGHT,STF_ICU_024,Registered Nurse,Licensed,Core Staff,11.5,0.0,11.5,50.09,576.04
2026-04-02_U_ICU_S12_NIGHT,2026-04-02,U_ICU,S12_NIGHT,STF_ICU_022,Registered Nurse,Licensed,Core Staff,11.5,0.0,11.5,51.46,591.79
2026-04-02_U_ICU_S12_NIGHT,2026-04-02,U_ICU,S12_NIGHT,STF_ICU_014,Registered Nurse,Licensed,Core Staff,11.5,0.0,11.5,54.23,623.64
2026-04-02_U_ICU_S12_NIGHT,2026-04-02,U_ICU,S12_NIGHT,STF_ICU_009,Registered Nurse,Licensed,Core Staff,9.5,2.0,11.5,49.21,565.92
2026-04-02_U_INT_S08_DAY,2026-04-02,U_INT,S08_DAY,STF_INT_028,Registered Nurse,Licensed,Core Staff,7.5,0.0,7.5,48.22,361.65
2026-04-02_U_INT_S08_DAY,2026-04-02,U_INT,S08_DAY,STF_INT_041,Certified Nursing Assistant,Unlicensed,Overtime,7.5,0.0,7.5,30.21,226.58
2026-04-02_U_INT_S08_DAY,2026-04-02,U_INT,S08_DAY,STF_INT_005,Certified Nursing Assistant,Unlicensed,Core Staff,7.5,0.0,7.5,32.98,247.35
2026-04-02_U_INT_S08_DAY,2026-04-02,U_INT,S08_DAY,STF_INT_054,Registered Nurse,Licensed,Core Staff,7.5,0.0,7.5,56.47,423.52
2026-04-02_U_INT_S08_DAY,2026-04-02,U_INT,S08_DAY,STF_INT_046,Registered Nurse,Licensed,Overtime,5.5,2.0,7.5,56.16,421.2
2026-04-02_U_INT_S08_DAY,2026-04-02,U_INT,S08_DAY,STF_INT_022,Registered Nurse,Licensed,Core Staff,7.5,0.0,7.5,50.03,375.22
2026-04-02_U_INT_S08_DAY,2026-04-02,U_INT,S08_DAY,STF_INT_047,Certified Nursing Assistant,Unlicensed,Core Staff,7.5,0.0,7.5,35.02,262.65
2026-04-02_U_INT_S08_DAY,2026-04-02,U_INT,S08_DAY,STF_INT_004,Registered Nurse,Licensed,Core Staff,7.5,0.0,7.5,56.76,425.7
2026-04-02_U_INT_S08_DAY,2026-04-02,U_INT,S08_DAY,STF_INT_015,Registered Nurse,Licensed,Core Staff,7.5,0.0,7.5,59.01,442.58
2026-04-02_U_INT_S08_DAY,2026-04-02,U_INT,S08_DAY,STF_INT_056,Registered Nurse,Licensed,Agency/Traveler,7.5,0.0,7.5,52.98,397.35
2026-04-02_U_INT_S08_EVE,2026-04-02,U_INT,S08_EVE,STF_INT_029,Licensed Practical Nurse,Licensed,Core Staff,7.5,0.0,7.5,39.09,293.18
2026-04-02_U_INT_S08_EVE,2026-04-02,U_INT,S08_EVE,STF_INT_055,Registered Nurse,Licensed,Core Staff,7.5,0.0,7.5,48.12,360.9
2026-04-02_U_INT_S08_EVE,2026-04-02,U_INT,S08_EVE,STF_INT_023,Registered Nurse,Licensed,Float Pool,5.5,2.0,7.5,49.28,369.6
2026-04-02_U_INT_S08_EVE,2026-04-02,U_INT,S08_EVE,STF_INT_004,Registered Nurse,Licensed,Core Staff,7.5,0.0,7.5,57.24,429.3
2026-04-02_U_INT_S08_EVE,2026-04-02,U_INT,S08_EVE,STF_INT_057,Registered Nurse,Licensed,Core Staff,7.5,0.0,7.5,53.05,397.88
2026-04-02_U_INT_S08_EVE,2026-04-02,U_INT,S08_EVE,STF_INT_005,Certified Nursing Assistant,Unlicensed,Core Staff,7.5,0.0,7.5,33.42,250.65
2026-04-02_U_INT_S08_EVE,2026-04-02,U_INT,S08_EVE,STF_INT_044,Certified Nursing Assistant,Unlicensed,Core Staff,7.5,0.0,7.5,34.67,260.03
2026-04-02_U_INT_S08_EVE,2026-04-02,U_INT,S08_EVE,STF_INT_028,Registered Nurse,Licensed,Core Staff,7.5,0.0,7.5,53.15,398.62
2026-04-02_U_INT_S08_EVE,2026-04-02,U_INT,S08_EVE,STF_INT_015,Registered Nurse,Licensed,Core Staff,7.5,0.0,7.5,49.98,374.85
2026-04-02_U_INT_S08_NIGHT,2026-04-02,U_INT,S08_NIGHT,STF_INT_030,Licensed Practical Nurse,Licensed,Core Staff,7.5,0.0,7.5,45.25,339.38
2026-04-02_U_INT_S08_NIGHT,2026-04-02,U_INT,S08_NIGHT,STF_INT_054,Registered Nurse,Licensed,Core Staff,5.5,2.0,7.5,50.57,379.28
2026-04-02_U_INT_S08_NIGHT,2026-04-02,U_INT,S08_NIGHT,STF_INT_006,Licensed Practical Nurse,Licensed,Core Staff,7.5,0.0,7.5,44.37,332.78
2026-04-02_U_INT_S08_NIGHT,2026-04-02,U_INT,S08_NIGHT,STF_INT_022,Registered Nurse,Licensed,Float Pool,7.5,0.0,7.5,57.41,430.58
2026-04-02_U_INT_S08_NIGHT,2026-04-02,U_INT,S08_NIGHT,STF_INT_002,Registered Nurse,Licensed,Core Staff,7.5,0.0,7.5,54.63,409.72
2026-04-02_U_INT_S08_NIGHT,2026-04-02,U_INT,S08_NIGHT,STF_INT_040,Certified Nursing Assistant,Unlicensed,Core Staff,7.5,0.0,7.5,30.42,228.15
2026-04-03_U_ICU_S12_DAY,2026-04-03,U_ICU,S12_DAY,STF_ICU_033,Certified Nursing Assistant,Unlicensed,Core Staff,11.5,0.0,11.5,30.86,354.89
2026-04-03_U_ICU_S12_DAY,2026-04-03,U_ICU,S12_DAY,STF_ICU_022,Registered Nurse,Licensed,Core Staff,11.5,0.0,11.5,57.99,666.88
2026-04-03_U_ICU_S12_DAY,2026-04-03,U_ICU,S12_DAY,STF_ICU_008,Registered Nurse,Licensed,Float Pool,11.5,0.0,11.5,59.05,679.08
2026-04-03_U_ICU_S12_DAY,2026-04-03,U_ICU,S12_DAY,STF_ICU_005,Registered Nurse,Licensed,Core Staff,11.5,0.0,11.5,51.43,591.45
2026-04-03_U_ICU_S12_DAY,2026-04-03,U_ICU,S12_DAY,STF_ICU_002,Registered Nurse,Licensed,Agency/Traveler,11.5,0.0,11.5,50.99,586.38
2026-04-03_U_ICU_S12_DAY,2026-04-03,U_ICU,S12_DAY,STF_ICU_010,Registered Nurse,Licensed,Float Pool,11.5,0.0,11.5,55.4,637.1
2026-04-03_U_ICU_S12_DAY,2026-04-03,U_ICU,S12_DAY,STF_ICU_013,Registered Nurse,Licensed,Overtime,11.5,0.0,11.5,50.54,581.21
2026-04-03_U_ICU_S12_DAY,2026-04-03,U_ICU,S12_DAY,STF_ICU_012,Registered Nurse,Licensed,Agency/Traveler,11.5,0.0,11.5,52.16,599.84
2026-04-03_U_ICU_S12_NIGHT,2026-04-03,U_ICU,S12_NIGHT,STF_ICU_001,Registered Nurse,Licensed,Core Staff,11.5,0.0,11.5,52.1,599.15
2026-04-03_U_ICU_S12_NIGHT,2026-04-03,U_ICU,S12_NIGHT,STF_ICU_003,Registered Nurse,Licensed,Core Staff,11.5,0.0,11.5,50.22,577.53
2026-04-03_U_ICU_S12_NIGHT,2026-04-03,U_ICU,S12_NIGHT,STF_ICU_030,Registered Nurse,Licensed,Core Staff,11.5,0.0,11.5,53.33,613.29
2026-04-03_U_ICU_S12_NIGHT,2026-04-03,U_ICU,S12_NIGHT,STF_ICU_022,Registered Nurse,Licensed,Core Staff,11.5,0.0,11.5,53.6,616.4
2026-04-03_U_ICU_S12_NIGHT,2026-04-03,U_ICU,S12_NIGHT,STF_ICU_009,Registered Nurse,Licensed,Core Staff,9.5,2.0,11.5,48.7,560.05
2026-04-03_U_ICU_S12_NIGHT,2026-04-03,U_ICU,S12_NIGHT,STF_ICU_020,Registered Nurse,Licensed,Core Staff,11.5,0.0,11.5,53.32,613.18
2026-04-03_U_INT_S08_DAY,2026-04-03,U_INT,S08_DAY,STF_INT_032,Registered Nurse,Licensed,Overtime,7.5,0.0,7.5,51.83,388.72
2026-04-03_U_INT_S08_DAY,2026-04-03,U_INT,S08_DAY,STF_INT_061,Registered Nurse,Licensed,Core Staff,5.5,2.0,7.5,55.01,412.58
2026-04-03_U_INT_S08_DAY,2026-04-03,U_INT,S08_DAY,STF_INT_011,Certified Nursing Assistant,Unlicensed,Core Staff,7.5,0.0,7.5,35.74,268.05
2026-04-03_U_INT_S08_DAY,2026-04-03,U_INT,S08_DAY,STF_INT_013,Registered Nurse,Licensed,Core Staff,7.5,0.0,7.5,54.14,406.05
2026-04-03_U_INT_S08_DAY,2026-04-03,U_INT,S08_DAY,STF_INT_053,Certified Nursing Assistant,Unlicensed,Agency/Traveler,7.5,0.0,7.5,32.13,240.98
2026-04-03_U_INT_S08_DAY,2026-04-03,U_INT,S08_DAY,STF_INT_005,Certified Nursing Assistant,Unlicensed,Core Staff,7.5,0.0,7.5,32.89,246.68
2026-04-03_U_INT_S08_DAY,2026-04-03,U_INT,S08_DAY,STF_INT_040,Certified Nursing Assistant,Unlicensed,Core Staff,7.5,0.0,7.5,34.13,255.98
2026-04-03_U_INT_S08_DAY,2026-04-03,U_INT,S08_DAY,STF_INT_019,Registered Nurse,Licensed,Core Staff,7.5,0.0,7.5,54.61,409.58
2026-04-03_U_INT_S08_DAY,2026-04-03,U_INT,S08_DAY,STF_INT_010,Certified Nursing Assistant,Unlicensed,Core Staff,7.5,0.0,7.5,35.73,267.97
2026-04-03_U_INT_S08_EVE,2026-04-03,U_INT,S08_EVE,STF_INT_053,Certified Nursing Assistant,Unlicensed,Agency/Traveler,7.5,0.0,7.5,30.12,225.9
2026-04-03_U_INT_S08_EVE,2026-04-03,U_INT,S08_EVE,STF_INT_040,Certified Nursing Assistant,Unlicensed,Core Staff,7.5,0.0,7.5,32.18,241.35
2026-04-03_U_INT_S08_EVE,2026-04-03,U_INT,S08_EVE,STF_INT_004,Registered Nurse,Licensed,Core Staff,7.5,0.0,7.5,54.28,407.1
2026-04-03_U_INT_S08_EVE,2026-04-03,U_INT,S08_EVE,STF_INT_024,Licensed Practical Nurse,Licensed,Core Staff,7.5,0.0,7.5,40.59,304.42
2026-04-03_U_INT_S08_EVE,2026-04-03,U_INT,S08_EVE,STF_INT_035,Registered Nurse,Licensed,Float Pool,7.5,0.0,7.5,48.8,366.0
2026-04-03_U_INT_S08_EVE,2026-04-03,U_INT,S08_EVE,STF_INT_049,Registered Nurse,Licensed,Core Staff,7.5,0.0,7.5,59.44,445.8
2026-04-03_U_INT_S08_EVE,2026-04-03,U_INT,S08_EVE,STF_INT_028,Registered Nurse,Licensed,Core Staff,7.5,0.0,7.5,59.73,447.98
2026-04-03_U_INT_S08_NIGHT,2026-04-03,U_INT,S08_NIGHT,STF_INT_027,Licensed Practical Nurse,Licensed,Overtime,7.5,0.0,7.5,47.08,353.1
2026-04-03_U_INT_S08_NIGHT,2026-04-03,U_INT,S08_NIGHT,STF_INT_012,Registered Nurse,Licensed,Core Staff,5.5,2.0,7.5,48.38,362.85
2026-04-03_U_INT_S08_NIGHT,2026-04-03,U_INT,S08_NIGHT,STF_INT_032,Registered Nurse,Licensed,Core Staff,7.5,0.0,7.5,52.67,395.02
2026-04-03_U_INT_S08_NIGHT,2026-04-03,U_INT,S08_NIGHT,STF_INT_010,Certified Nursing Assistant,Unlicensed,Core Staff,7.5,0.0,7.5,31.47,236.02
2026-04-03_U_INT_S08_NIGHT,2026-04-03,U_INT,S08_NIGHT,STF_INT_057,Registered Nurse,Licensed,Core Staff,7.5,0.0,7.5,56.08,420.6
2026-04-03_U_INT_S08_NIGHT,2026-04-03,U_INT,S08_NIGHT,STF_INT_033,Registered Nurse,Licensed,Core Staff,7.5,0.0,7.5,53.54,401.55
2026-04-03_U_INT_S08_NIGHT,2026-04-03,U_INT,S08_NIGHT,STF_INT_014,Registered Nurse,Licensed,Overtime,7.5,0.0,7.5,56.49,423.68
2026-04-03_U_INT_S08_NIGHT,2026-04-03,U_INT,S08_NIGHT,STF_INT_050,Registered Nurse,Licensed,Float Pool,7.5,0.0,7.5,50.16,376.2
2026-04-03_U_INT_S08_NIGHT,2026-04-03,U_INT,S08_NIGHT,STF_INT_022,Registered Nurse,Licensed,Core Staff,7.5,0.0,7.5,48.5,363.75
2026-04-04_U_ICU_S12_DAY,2026-04-04,U_ICU,S12_DAY,STF_ICU_024,Registered Nurse,Licensed,Core Staff,11.5,0.0,11.5,59.49,684.14
2026-04-04_U_ICU_S12_DAY,2026-04-04,U_ICU,S12_DAY,STF_ICU_033,Certified Nursing Assistant,Unlicensed,Core Staff,11.5,0.0,11.5,36.06,414.69
2026-04-04_U_ICU_S12_DAY,2026-04-04,U_ICU,S12_DAY,STF_ICU_007,Registered Nurse,Licensed,Core Staff,11.5,0.0,11.5,52.04,598.46
2026-04-04_U_ICU_S12_DAY,2026-04-04,U_ICU,S12_DAY,STF_ICU_008,Registered Nurse,Licensed,Float Pool,11.5,0.0,11.5,50.16,576.84
2026-04-04_U_ICU_S12_DAY,2026-04-04,U_ICU,S12_DAY,STF_ICU_030,Registered Nurse,Licensed,Core Staff,11.5,0.0,11.5,51.77,595.36
2026-04-04_U_ICU_S12_DAY,2026-04-04,U_ICU,S12_DAY,STF_ICU_015,Registered Nurse,Licensed,Core Staff,11.5,0.0,11.5,57.67,663.2
2026-04-04_U_ICU_S12_DAY,2026-04-04,U_ICU,S12_DAY,STF_ICU_012,Registered Nurse,Licensed,Agency/Traveler,11.5,0.0,11.5,50.93,585.7
2026-04-04_U_ICU_S12_DAY,2026-04-04,U_ICU,S12_DAY,STF_ICU_014,Registered Nurse,Licensed,Agency/Traveler,11.5,0.0,11.5,49.28,566.72
2026-04-04_U_ICU_S12_NIGHT,2026-04-04,U_ICU,S12_NIGHT,STF_ICU_002,Registered Nurse,Licensed,Agency/Traveler,11.5,0.0,11.5,49.58,570.17
2026-04-04_U_ICU_S12_NIGHT,2026-04-04,U_ICU,S12_NIGHT,STF_ICU_005,Registered Nurse,Licensed,Core Staff,11.5,0.0,11.5,56.12,645.38
2026-04-04_U_ICU_S12_NIGHT,2026-04-04,U_ICU,S12_NIGHT,STF_ICU_009,Registered Nurse,Licensed,Core Staff,11.5,0.0,11.5,51.31,590.07
2026-04-04_U_ICU_S12_NIGHT,2026-04-04,U_ICU,S12_NIGHT,STF_ICU_032,Certified Nursing Assistant,Unlicensed,Core Staff,11.5,0.0,11.5,31.64,363.86
2026-04-04_U_ICU_S12_NIGHT,2026-04-04,U_ICU,S12_NIGHT,STF_ICU_013,Registered Nurse,Licensed,Overtime,11.5,0.0,11.5,53.92,620.08
2026-04-04_U_ICU_S12_NIGHT,2026-04-04,U_ICU,S12_NIGHT,STF_ICU_017,Registered Nurse,Licensed,Core Staff,11.5,0.0,11.5,51.94,597.31
2026-04-04_U_INT_S08_DAY,2026-04-04,U_INT,S08_DAY,STF_INT_055,Registered Nurse,Licensed,Core Staff,7.5,0.0,7.5,57.38,430.35
2026-04-04_U_INT_S08_DAY,2026-04-04,U_INT,S08_DAY,STF_INT_061,Registered Nurse,Licensed,Float Pool,7.5,0.0,7.5,50.58,379.35
2026-04-04_U_INT_S08_DAY,2026-04-04,U_INT,S08_DAY,STF_INT_026,Registered Nurse,Licensed,Core Staff,7.5,0.0,7.5,59.88,449.1
2026-04-04_U_INT_S08_DAY,2026-04-04,U_INT,S08_DAY,STF_INT_032,Registered Nurse,Licensed,Core Staff,7.5,0.0,7.5,55.78,418.35
2026-04-04_U_INT_S08_DAY,2026-04-04,U_INT,S08_DAY,STF_INT_022,Registered Nurse,Licensed,Core Staff,7.5,0.0,7.5,54.97,412.28
2026-04-04_U_INT_S08_DAY,2026-04-04,U_INT,S08_DAY,STF_INT_014,Registered Nurse,Licensed,Overtime,7.5,0.0,7.5,58.79,440.92
2026-04-04_U_INT_S08_DAY,2026-04-04,U_INT,S08_DAY,STF_INT_021,Licensed Practical Nurse,Licensed,Core Staff,7.5,0.0,7.5,39.91,299.32
2026-04-04_U_INT_S08_DAY,2026-04-04,U_INT,S08_DAY,STF_INT_010,Certified Nursing Assistant,Unlicensed,Agency/Traveler,7.5,0.0,7.5,35.5,266.25
2026-04-04_U_INT_S08_DAY,2026-04-04,U_INT,S08_DAY,STF_INT_023,Registered Nurse,Licensed,Overtime,7.5,0.0,7.5,56.34,422.55
2026-04-04_U_INT_S08_DAY,2026-04-04,U_INT,S08_DAY,STF_INT_012,Registered Nurse,Licensed,Core Staff,7.5,0.0,7.5,50.24,376.8
2026-04-04_U_INT_S08_EVE,2026-04-04,U_INT,S08_EVE,STF_INT_039,Registered Nurse,Licensed,Float Pool,7.5,0.0,7.5,52.83,396.22
2026-04-04_U_INT_S08_EVE,2026-04-04,U_INT,S08_EVE,STF_INT_062,Certified Nursing Assistant,Unlicensed,Core Staff,7.5,0.0,7.5,32.76,245.7
2026-04-04_U_INT_S08_EVE,2026-04-04,U_INT,S08_EVE,STF_INT_002,Registered Nurse,Licensed,Core Staff,7.5,0.0,7.5,52.27,392.02
2026-04-04_U_INT_S08_EVE,2026-04-04,U_INT,S08_EVE,STF_INT_001,Certified Nursing Assistant,Unlicensed,Core Staff,7.5,0.0,7.5,34.12,255.9
2026-04-04_U_INT_S08_EVE,2026-04-04,U_INT,S08_EVE,STF_INT_042,Registered Nurse,Licensed,Overtime,7.5,0.0,7.5,59.63,447.22
2026-04-04_U_INT_S08_EVE,2026-04-04,U_INT,S08_EVE,STF_INT_008,Registered Nurse,Licensed,Agency/Traveler,7.5,0.0,7.5,57.01,427.58
2026-04-04_U_INT_S08_EVE,2026-04-04,U_INT,S08_EVE,STF_INT_059,Registered Nurse,Licensed,Float Pool,7.5,0.0,7.5,50.75,380.62
2026-04-04_U_INT_S08_EVE,2026-04-04,U_INT,S08_EVE,STF_INT_053,Certified Nursing Assistant,Unlicensed,Agency/Traveler,7.5,0.0,7.5,30.72,230.4
2026-04-04_U_INT_S08_NIGHT,2026-04-04,U_INT,S08_NIGHT,STF_INT_004,Registered Nurse,Licensed,Core Staff,7.5,0.0,7.5,58.86,441.45
2026-04-04_U_INT_S08_NIGHT,2026-04-04,U_INT,S08_NIGHT,STF_INT_019,Registered Nurse,Licensed,Core Staff,7.5,0.0,7.5,59.79,448.42
2026-04-04_U_INT_S08_NIGHT,2026-04-04,U_INT,S08_NIGHT,STF_INT_040,Certified Nursing Assistant,Unlicensed,Core Staff,7.5,0.0,7.5,33.67,252.52
2026-04-04_U_INT_S08_NIGHT,2026-04-04,U_INT,S08_NIGHT,STF_INT_006,Licensed Practical Nurse,Licensed,Core Staff,7.5,0.0,7.5,40.1,300.75
2026-04-04_U_INT_S08_NIGHT,2026-04-04,U_INT,S08_NIGHT,STF_INT_051,Registered Nurse,Licensed,Core Staff,7.5,0.0,7.5,56.71,425.32
2026-04-04_U_INT_S08_NIGHT,2026-04-04,U_INT,S08_NIGHT,STF_INT_024,Licensed Practical Nurse,Licensed,Agency/Traveler,7.5,0.0,7.5,38.9,291.75
2026-04-04_U_INT_S08_NIGHT,2026-04-04,U_INT,S08_NIGHT,STF_INT_042,Registered Nurse,Licensed,Overtime,7.5,0.0,7.5,58.76,440.7
2026-04-05_U_ICU_S12_DAY,2026-04-05,U_ICU,S12_DAY,STF_ICU_015,Registered Nurse,Licensed,Core Staff,11.5,0.0,11.5,52.74,606.51
2026-04-05_U_ICU_S12_DAY,2026-04-05,U_ICU,S12_DAY,STF_ICU_025,Registered Nurse,Licensed,Core Staff,11.5,0.0,11.5,53.4,614.1
2026-04-05_U_ICU_S12_DAY,2026-04-05,U_ICU,S12_DAY,STF_ICU_005,Registered Nurse,Licensed,Core Staff,11.5,0.0,11.5,57.94,666.31
2026-04-05_U_ICU_S12_DAY,2026-04-05,U_ICU,S12_DAY,STF_ICU_003,Registered Nurse,Licensed,Core Staff,11.5,0.0,11.5,51.89,596.74
2026-04-05_U_ICU_S12_DAY,2026-04-05,U_ICU,S12_DAY,STF_ICU_023,Registered Nurse,Licensed,Agency/Traveler,11.5,0.0,11.5,52.5,603.75
2026-04-05_U_ICU_S12_NIGHT,2026-04-05,U_ICU,S12_NIGHT,STF_ICU_028,Registered Nurse,Licensed,Core Staff,11.5,0.0,11.5,58.46,672.29
2026-04-05_U_ICU_S12_NIGHT,2026-04-05,U_ICU,S12_NIGHT,STF_ICU_032,Certified Nursing Assistant,Unlicensed,Core Staff,11.5,0.0,11.5,31.88,366.62
2026-04-05_U_ICU_S12_NIGHT,2026-04-05,U_ICU,S12_NIGHT,STF_ICU_005,Registered Nurse,Licensed,Core Staff,11.5,0.0,11.5,54.89,631.24
2026-04-05_U_ICU_S12_NIGHT,2026-04-05,U_ICU,S12_NIGHT,STF_ICU_022,Registered Nurse,Licensed,Core Staff,11.5,0.0,11.5,52.99,609.38
2026-04-05_U_ICU_S12_NIGHT,2026-04-05,U_ICU,S12_NIGHT,STF_ICU_017,Registered Nurse,Licensed,Core Staff,11.5,0.0,11.5,53.95,620.43
2026-04-05_U_ICU_S12_NIGHT,2026-04-05,U_ICU,S12_NIGHT,STF_ICU_003,Registered Nurse,Licensed,Core Staff,11.5,0.0,11.5,49.41,568.21
2026-04-05_U_ICU_S12_NIGHT,2026-04-05,U_ICU,S12_NIGHT,STF_ICU_023,Registered Nurse,Licensed,Core Staff,11.5,0.0,11.5,52.92,608.58
2026-04-05_U_INT_S08_DAY,2026-04-05,U_INT,S08_DAY,STF_INT_041,Certified Nursing Assistant,Unlicensed,Overtime,7.5,0.0,7.5,35.67,267.53
2026-04-05_U_INT_S08_DAY,2026-04-05,U_INT,S08_DAY,STF_INT_043,Registered Nurse,Licensed,Overtime,7.5,0.0,7.5,57.07,428.02
2026-04-05_U_INT_S08_DAY,2026-04-05,U_INT,S08_DAY,STF_INT_055,Registered Nurse,Licensed,Core Staff,7.5,0.0,7.5,56.46,423.45
2026-04-05_U_INT_S08_DAY,2026-04-05,U_INT,S08_DAY,STF_INT_048,Registered Nurse,Licensed,Core Staff,7.5,0.0,7.5,58.18,436.35
2026-04-05_U_INT_S08_DAY,2026-04-05,U_INT,S08_DAY,STF_INT_049,Registered Nurse,Licensed,Core Staff,7.5,0.0,7.5,54.51,408.82
2026-04-05_U_INT_S08_DAY,2026-04-05,U_INT,S08_DAY,STF_INT_063,Licensed Practical Nurse,Licensed,Core Staff,7.5,0.0,7.5,47.19,353.92
2026-04-05_U_INT_S08_DAY,2026-04-05,U_INT,S08_DAY,STF_INT_038,Registered Nurse,Licensed,Float Pool,7.5,0.0,7.5,48.36,362.7
2026-04-05_U_INT_S08_DAY,2026-04-05,U_INT,S08_DAY,STF_INT_011,Certified Nursing Assistant,Unlicensed,Core Staff,7.5,0.0,7.5,34.08,255.6
2026-04-05_U_INT_S08_EVE,2026-04-05,U_INT,S08_EVE,STF_INT_037,Certified Nursing Assistant,Unlicensed,Core Staff,7.5,0.0,7.5,31.2,234.0
2026-04-05_U_INT_S08_EVE,2026-04-05,U_INT,S08_EVE,STF_INT_049,Registered Nurse,Licensed,Core Staff,7.5,0.0,7.5,50.84,381.3
2026-04-05_U_INT_S08_EVE,2026-04-05,U_INT,S08_EVE,STF_INT_005,Certified Nursing Assistant,Unlicensed,Core Staff,7.5,0.0,7.5,33.26,249.45
2026-04-05_U_INT_S08_EVE,2026-04-05,U_INT,S08_EVE,STF_INT_013,Registered Nurse,Licensed,Core Staff,7.5,0.0,7.5,49.4,370.5
2026-04-05_U_INT_S08_EVE,2026-04-05,U_INT,S08_EVE,STF_INT_009,Certified Nursing Assistant,Unlicensed,Float Pool,7.5,0.0,7.5,31.72,237.9
2026-04-05_U_INT_S08_EVE,2026-04-05,U_INT,S08_EVE,STF_INT_018,Certified Nursing Assistant,Unlicensed,Core Staff,7.5,0.0,7.5,30.97,232.27
2026-04-05_U_INT_S08_EVE,2026-04-05,U_INT,S08_EVE,STF_INT_056,Registered Nurse,Licensed,Core Staff,7.5,0.0,7.5,54.07,405.52
2026-04-05_U_INT_S08_NIGHT,2026-04-05,U_INT,S08_NIGHT,STF_INT_064,Licensed Practical Nurse,Licensed,Core Staff,7.5,0.0,7.5,42.74,320.55
2026-04-05_U_INT_S08_NIGHT,2026-04-05,U_INT,S08_NIGHT,STF_INT_040,Certified Nursing Assistant,Unlicensed,Core Staff,7.5,0.0,7.5,35.23,264.22
2026-04-05_U_INT_S08_NIGHT,2026-04-05,U_INT,S08_NIGHT,STF_INT_031,Registered Nurse,Licensed,Core Staff,7.5,0.0,7.5,51.01,382.58
2026-04-05_U_INT_S08_NIGHT,2026-04-05,U_INT,S08_NIGHT,STF_INT_057,Registered Nurse,Licensed,Core Staff,7.5,0.0,7.5,48.61,364.58
2026-04-05_U_INT_S08_NIGHT,2026-04-05,U_INT,S08_NIGHT,STF_INT_017,Certified Nursing Assistant,Unlicensed,Agency/Traveler,7.5,0.0,7.5,32.07,240.52
2026-04-05_U_INT_S08_NIGHT,2026-04-05,U_INT,S08_NIGHT,STF_INT_039,Registered Nurse,Licensed,Float Pool,7.5,0.0,7.5,48.13,360.98
2026-04-05_U_INT_S08_NIGHT,2026-04-05,U_INT,S08_NIGHT,STF_INT_058,Registered Nurse,Licensed,Float Pool,7.5,0.0,7.5,59.54,446.55
2026-04-06_U_ICU_S12_DAY,2026-04-06,U_ICU,S12_DAY,STF_ICU_015,Registered Nurse,Licensed,Core Staff,11.5,0.0,11.5,55.75,641.12
2026-04-06_U_ICU_S12_DAY,2026-04-06,U_ICU,S12_DAY,STF_ICU_007,Registered Nurse,Licensed,Core Staff,11.5,0.0,11.5,56.49,649.64
2026-04-06_U_ICU_S12_DAY,2026-04-06,U_ICU,S12_DAY,STF_ICU_034,Certified Nursing Assistant,Unlicensed,Agency/Traveler,11.5,0.0,11.5,30.8,354.2
2026-04-06_U_ICU_S12_DAY,2026-04-06,U_ICU,S12_DAY,STF_ICU_026,Registered Nurse,Licensed,Overtime,11.5,0.0,11.5,51.65,593.98
2026-04-06_U_ICU_S12_DAY,2026-04-06,U_ICU,S12_DAY,STF_ICU_002,Registered Nurse,Licensed,Agency/Traveler,9.5,2.0,11.5,56.67,651.71
2026-04-06_U_ICU_S12_DAY,2026-04-06,U_ICU,S12_DAY,STF_ICU_011,Registered Nurse,Licensed,Core Staff,11.5,0.0,11.5,49.71,571.66
2026-04-06_U_ICU_S12_DAY,2026-04-06,U_ICU,S12_DAY,STF_ICU_019,Registered Nurse,Licensed,Core Staff,11.5,0.0,11.5,59.98,689.77
2026-04-06_U_ICU_S12_DAY,2026-04-06,U_ICU,S12_DAY,STF_ICU_030,Registered Nurse,Licensed,Core Staff,11.5,0.0,11.5,55.49,638.14
2026-04-06_U_ICU_S12_DAY,2026-04-06,U_ICU,S12_DAY,STF_ICU_018,Registered Nurse,Licensed,Overtime,11.5,0.0,11.5,59.82,687.93
2026-04-06_U_ICU_S12_NIGHT,2026-04-06,U_ICU,S12_NIGHT,STF_ICU_013,Registered Nurse,Licensed,Overtime,11.5,0.0,11.5,54.52,626.98
2026-04-06_U_ICU_S12_NIGHT,2026-04-06,U_ICU,S12_NIGHT,STF_ICU_035,Certified Nursing Assistant,Unlicensed,Agency/Traveler,11.5,0.0,11.5,33.43,384.44
2026-04-06_U_ICU_S12_NIGHT,2026-04-06,U_ICU,S12_NIGHT,STF_ICU_030,Registered Nurse,Licensed,Core Staff,11.5,0.0,11.5,57.38,659.87
2026-04-06_U_ICU_S12_NIGHT,2026-04-06,U_ICU,S12_NIGHT,STF_ICU_016,Registered Nurse,Licensed,Core Staff,11.5,0.0,11.5,48.23,554.64
2026-04-06_U_ICU_S12_NIGHT,2026-04-06,U_ICU,S12_NIGHT,STF_ICU_008,Registered Nurse,Licensed,Float Pool,9.5,2.0,11.5,59.92,689.08
2026-04-06_U_ICU_S12_NIGHT,2026-04-06,U_ICU,S12_NIGHT,STF_ICU_031,Certified Nursing Assistant,Unlicensed,Core Staff,11.5,0.0,11.5,33.59,386.28
2026-04-06_U_ICU_S12_NIGHT,2026-04-06,U_ICU,S12_NIGHT,STF_ICU_009,Registered Nurse,Licensed,Core Staff,11.5,0.0,11.5,58.38,671.37
2026-04-06_U_ICU_S12_NIGHT,2026-04-06,U_ICU,S12_NIGHT,STF_ICU_005,Registered Nurse,Licensed,Core Staff,11.5,0.0,11.5,49.82,572.93
2026-04-06_U_ICU_S12_NIGHT,2026-04-06,U_ICU,S12_NIGHT,STF_ICU_018,Registered Nurse,Licensed,Core Staff,11.5,0.0,11.5,52.63,605.24
2026-04-06_U_INT_S08_DAY,2026-04-06,U_INT,S08_DAY,STF_INT_052,Licensed Practical Nurse,Licensed,Core Staff,7.5,0.0,7.5,41.57,311.77
2026-04-06_U_INT_S08_DAY,2026-04-06,U_INT,S08_DAY,STF_INT_047,Certified Nursing Assistant,Unlicensed,Core Staff,7.5,0.0,7.5,32.33,242.48
2026-04-06_U_INT_S08_DAY,2026-04-06,U_INT,S08_DAY,STF_INT_041,Certified Nursing Assistant,Unlicensed,Overtime,7.5,0.0,7.5,32.86,246.45
2026-04-06_U_INT_S08_DAY,2026-04-06,U_INT,S08_DAY,STF_INT_059,Registered Nurse,Licensed,Core Staff,5.5,2.0,7.5,50.4,378.0
2026-04-06_U_INT_S08_DAY,2026-04-06,U_INT,S08_DAY,STF_INT_025,Registered Nurse,Licensed,Core Staff,5.5,2.0,7.5,49.86,373.95
2026-04-06_U_INT_S08_DAY,2026-04-06,U_INT,S08_DAY,STF_INT_008,Registered Nurse,Licensed,Agency/Traveler,7.5,0.0,7.5,49.04,367.8
2026-04-06_U_INT_S08_DAY,2026-04-06,U_INT,S08_DAY,STF_INT_039,Registered Nurse,Licensed,Float Pool,7.5,0.0,7.5,52.06,390.45
2026-04-06_U_INT_S08_DAY,2026-04-06,U_INT,S08_DAY,STF_INT_045,Registered Nurse,Licensed,Core Staff,7.5,0.0,7.5,57.51,431.32
2026-04-06_U_INT_S08_EVE,2026-04-06,U_INT,S08_EVE,STF_INT_001,Certified Nursing Assistant,Unlicensed,Overtime,7.5,0.0,7.5,30.95,232.12
2026-04-06_U_INT_S08_EVE,2026-04-06,U_INT,S08_EVE,STF_INT_047,Certified Nursing Assistant,Unlicensed,Float Pool,7.5,0.0,7.5,31.26,234.45
2026-04-06_U_INT_S08_EVE,2026-04-06,U_INT,S08_EVE,STF_INT_039,Registered Nurse,Licensed,Float Pool,7.5,0.0,7.5,52.72,395.4
2026-04-06_U_INT_S08_EVE,2026-04-06,U_INT,S08_EVE,STF_INT_033,Registered Nurse,Licensed,Core Staff,7.5,0.0,7.5,49.21,369.08
2026-04-06_U_INT_S08_EVE,2026-04-06,U_INT,S08_EVE,STF_INT_025,Registered Nurse,Licensed,Core Staff,7.5,0.0,7.5,58.61,439.58
2026-04-06_U_INT_S08_EVE,2026-04-06,U_INT,S08_EVE,STF_INT_030,Licensed Practical Nurse,Licensed,Overtime,7.5,0.0,7.5,43.21,324.08
2026-04-06_U_INT_S08_EVE,2026-04-06,U_INT,S08_EVE,STF_INT_043,Registered Nurse,Licensed,Overtime,7.5,0.0,7.5,52.08,390.6
2026-04-06_U_INT_S08_EVE,2026-04-06,U_INT,S08_EVE,STF_INT_061,Registered Nurse,Licensed,Core Staff,5.5,2.0,7.5,57.07,428.02
2026-04-06_U_INT_S08_NIGHT,2026-04-06,U_INT,S08_NIGHT,STF_INT_050,Registered Nurse,Licensed,Float Pool,7.5,0.0,7.5,55.99,419.92
2026-04-06_U_INT_S08_NIGHT,2026-04-06,U_INT,S08_NIGHT,STF_INT_046,Registered Nurse,Licensed,Overtime,7.5,0.0,7.5,50.7,380.25
2026-04-06_U_INT_S08_NIGHT,2026-04-06,U_INT,S08_NIGHT,STF_INT_035,Registered Nurse,Licensed,Float Pool,7.5,0.0,7.5,56.28,422.1
2026-04-06_U_INT_S08_NIGHT,2026-04-06,U_INT,S08_NIGHT,STF_INT_036,Registered Nurse,Licensed,Core Staff,7.5,0.0,7.5,54.57,409.28
2026-04-06_U_INT_S08_NIGHT,2026-04-06,U_INT,S08_NIGHT,STF_INT_052,Licensed Practical Nurse,Licensed,Core Staff,7.5,0.0,7.5,47.25,354.38
2026-04-06_U_INT_S08_NIGHT,2026-04-06,U_INT,S08_NIGHT,STF_INT_016,Registered Nurse,Licensed,Core Staff,7.5,0.0,7.5,58.69,440.17
2026-04-06_U_INT_S08_NIGHT,2026-04-06,U_INT,S08_NIGHT,STF_INT_025,Registered Nurse,Licensed,Agency/Traveler,7.5,0.0,7.5,54.52,408.9
2026-04-07_U_ICU_S12_DAY,2026-04-07,U_ICU,S12_DAY,STF_ICU_008,Registered Nurse,Licensed,Float Pool,11.5,0.0,11.5,48.07,552.8
2026-04-07_U_ICU_S12_DAY,2026-04-07,U_ICU,S12_DAY,STF_ICU_018,Registered Nurse,Licensed,Core Staff,11.5,0.0,11.5,50.07,575.8
2026-04-07_U_ICU_S12_DAY,2026-04-07,U_ICU,S12_DAY,STF_ICU_012,Registered Nurse,Licensed,Agency/Traveler,11.5,0.0,11.5,49.5,569.25
2026-04-07_U_ICU_S12_DAY,2026-04-07,U_ICU,S12_DAY,STF_ICU_010,Registered Nurse,Licensed,Core Staff,11.5,0.0,11.5,51.61,593.52
2026-04-07_U_ICU_S12_DAY,2026-04-07,U_ICU,S12_DAY,STF_ICU_013,Registered Nurse,Licensed,Overtime,11.5,0.0,11.5,51.01,586.62
2026-04-07_U_ICU_S12_DAY,2026-04-07,U_ICU,S12_DAY,STF_ICU_019,Registered Nurse,Licensed,Core Staff,11.5,0.0,11.5,59.63,685.74
2026-04-07_U_ICU_S12_DAY,2026-04-07,U_ICU,S12_DAY,STF_ICU_003,Registered Nurse,Licensed,Core Staff,11.5,0.0,11.5,51.66,594.09
2026-04-07_U_ICU_S12_NIGHT,2026-04-07,U_ICU,S12_NIGHT,STF_ICU_029,Registered Nurse,Licensed,Core Staff,11.5,0.0,11.5,54.5,626.75
2026-04-07_U_ICU_S12_NIGHT,2026-04-07,U_ICU,S12_NIGHT,STF_ICU_023,Registered Nurse,Licensed,Core Staff,11.5,0.0,11.5,49.06,564.19
2026-04-07_U_ICU_S12_NIGHT,2026-04-07,U_ICU,S12_NIGHT,STF_ICU_014,Registered Nurse,Licensed,Core Staff,11.5,0.0,11.5,57.85,665.28
2026-04-07_U_ICU_S12_NIGHT,2026-04-07,U_ICU,S12_NIGHT,STF_ICU_035,Certified Nursing Assistant,Unlicensed,Agency/Traveler,11.5,0.0,11.5,32.06,368.69
2026-04-07_U_ICU_S12_NIGHT,2026-04-07,U_ICU,S12_NIGHT,STF_ICU_011,Registered Nurse,Licensed,Core Staff,9.5,2.0,11.5,57.13,657.0
2026-04-07_U_ICU_S12_NIGHT,2026-04-07,U_ICU,S12_NIGHT,STF_ICU_026,Registered Nurse,Licensed,Overtime,11.5,0.0,11.5,48.24,554.76
2026-04-07_U_ICU_S12_NIGHT,2026-04-07,U_ICU,S12_NIGHT,STF_ICU_018,Registered Nurse,Licensed,Core Staff,9.5,2.0,11.5,49.15,565.22
2026-04-07_U_INT_S08_DAY,2026-04-07,U_INT,S08_DAY,STF_INT_030,Licensed Practical Nurse,Licensed,Core Staff,7.5,0.0,7.5,43.61,327.08
2026-04-07_U_INT_S08_DAY,2026-04-07,U_INT,S08_DAY,STF_INT_009,Certified Nursing Assistant,Unlicensed,Float Pool,7.5,0.0,7.5,30.73,230.48
2026-04-07_U_INT_S08_DAY,2026-04-07,U_INT,S08_DAY,STF_INT_012,Registered Nurse,Licensed,Core Staff,7.5,0.0,7.5,55.0,412.5
2026-04-07_U_INT_S08_DAY,2026-04-07,U_INT,S08_DAY,STF_INT_003,Registered Nurse,Licensed,Core Staff,7.5,0.0,7.5,49.48,371.1
2026-04-07_U_INT_S08_DAY,2026-04-07,U_INT,S08_DAY,STF_INT_013,Registered Nurse,Licensed,Core Staff,7.5,0.0,7.5,51.78,388.35
2026-04-07_U_INT_S08_DAY,2026-04-07,U_INT,S08_DAY,STF_INT_043,Registered Nurse,Licensed,Overtime,7.5,0.0,7.5,58.35,437.62
2026-04-07_U_INT_S08_DAY,2026-04-07,U_INT,S08_DAY,STF_INT_027,Licensed Practical Nurse,Licensed,Overtime,7.5,0.0,7.5,38.95,292.12
2026-04-07_U_INT_S08_DAY,2026-04-07,U_INT,S08_DAY,STF_INT_029,Licensed Practical Nurse,Licensed,Core Staff,7.5,0.0,7.5,45.9,344.25
2026-04-07_U_INT_S08_DAY,2026-04-07,U_INT,S08_DAY,STF_INT_052,Licensed Practical Nurse,Licensed,Core Staff,7.5,0.0,7.5,42.43,318.23
2026-04-07_U_INT_S08_EVE,2026-04-07,U_INT,S08_EVE,STF_INT_053,Certified Nursing Assistant,Unlicensed,Float Pool,7.5,0.0,7.5,33.53,251.48
2026-04-07_U_INT_S08_EVE,2026-04-07,U_INT,S08_EVE,STF_INT_001,Certified Nursing Assistant,Unlicensed,Core Staff,7.5,0.0,7.5,34.54,259.05
2026-04-07_U_INT_S08_EVE,2026-04-07,U_INT,S08_EVE,STF_INT_062,Certified Nursing Assistant,Unlicensed,Core Staff,7.5,0.0,7.5,31.73,237.98
2026-04-07_U_INT_S08_EVE,2026-04-07,U_INT,S08_EVE,STF_INT_024,Licensed Practical Nurse,Licensed,Core Staff,7.5,0.0,7.5,42.79,320.92
2026-04-07_U_INT_S08_EVE,2026-04-07,U_INT,S08_EVE,STF_INT_005,Certified Nursing Assistant,Unlicensed,Core Staff,7.5,0.0,7.5,30.58,229.35
2026-04-07_U_INT_S08_EVE,2026-04-07,U_INT,S08_EVE,STF_INT_061,Registered Nurse,Licensed,Core Staff,7.5,0.0,7.5,53.07,398.02
2026-04-07_U_INT_S08_EVE,2026-04-07,U_INT,S08_EVE,STF_INT_063,Licensed Practical Nurse,Licensed,Core Staff,7.5,0.0,7.5,40.95,307.12
2026-04-07_U_INT_S08_NIGHT,2026-04-07,U_INT,S08_NIGHT,STF_INT_031,Registered Nurse,Licensed,Core Staff,7.5,0.0,7.5,55.75,418.12
2026-04-07_U_INT_S08_NIGHT,2026-04-07,U_INT,S08_NIGHT,STF_INT_018,Certified Nursing Assistant,Unlicensed,Core Staff,7.5,0.0,7.5,30.24,226.8
2026-04-07_U_INT_S08_NIGHT,2026-04-07,U_INT,S08_NIGHT,STF_INT_007,Registered Nurse,Licensed,Core Staff,7.5,0.0,7.5,49.84,373.8
2026-04-07_U_INT_S08_NIGHT,2026-04-07,U_INT,S08_NIGHT,STF_INT_002,Registered Nurse,Licensed,Core Staff,7.5,0.0,7.5,51.5,386.25
2026-04-07_U_INT_S08_NIGHT,2026-04-07,U_INT,S08_NIGHT,STF_INT_020,Certified Nursing Assistant,Unlicensed,Agency/Traveler,7.5,0.0,7.5,34.24,256.8
2026-04-07_U_INT_S08_NIGHT,2026-04-07,U_INT,S08_NIGHT,STF_INT_026,Registered Nurse,Licensed,Core Staff,7.5,0.0,7.5,57.61,432.08
2026-04-07_U_INT_S08_NIGHT,2026-04-07,U_INT,S08_NIGHT,STF_INT_025,Registered Nurse,Licensed,Core Staff,7.5,0.0,7.5,53.5,401.25
2026-04-08_U_ICU_S12_DAY,2026-04-08,U_ICU,S12_DAY,STF_ICU_028,Registered Nurse,Licensed,Overtime,11.5,0.0,11.5,57.36,659.64
2026-04-08_U_ICU_S12_DAY,2026-04-08,U_ICU,S12_DAY,STF_ICU_035,Certified Nursing Assistant,Unlicensed,Agency/Traveler,11.5,0.0,11.5,34.54,397.21
2026-04-08_U_ICU_S12_DAY,2026-04-08,U_ICU,S12_DAY,STF_ICU_010,Registered Nurse,Licensed,Core Staff,11.5,0.0,11.5,53.69,617.43
2026-04-08_U_ICU_S12_DAY,2026-04-08,U_ICU,S12_DAY,STF_ICU_009,Registered Nurse,Licensed,Core Staff,11.5,0.0,11.5,50.62,582.13
2026-04-08_U_ICU_S12_DAY,2026-04-08,U_ICU,S12_DAY,STF_ICU_004,Registered Nurse,Licensed,Core Staff,11.5,0.0,11.5,53.5,615.25
2026-04-08_U_ICU_S12_DAY,2026-04-08,U_ICU,S12_DAY,STF_ICU_019,Registered Nurse,Licensed,Core Staff,11.5,0.0,11.5,54.3,624.45
2026-04-08_U_ICU_S12_DAY,2026-04-08,U_ICU,S12_DAY,STF_ICU_026,Registered Nurse,Licensed,Overtime,11.5,0.0,11.5,51.04,586.96
2026-04-08_U_ICU_S12_DAY,2026-04-08,U_ICU,S12_DAY,STF_ICU_025,Registered Nurse,Licensed,Core Staff,11.5,0.0,11.5,57.79,664.58
2026-04-08_U_ICU_S12_NIGHT,2026-04-08,U_ICU,S12_NIGHT,STF_ICU_025,Registered Nurse,Licensed,Core Staff,11.5,0.0,11.5,58.16,668.84
2026-04-08_U_ICU_S12_NIGHT,2026-04-08,U_ICU,S12_NIGHT,STF_ICU_001,Registered Nurse,Licensed,Core Staff,11.5,0.0,11.5,59.78,687.47
2026-04-08_U_ICU_S12_NIGHT,2026-04-08,U_ICU,S12_NIGHT,STF_ICU_026,Registered Nurse,Licensed,Overtime,9.5,2.0,11.5,48.22,554.53
2026-04-08_U_ICU_S12_NIGHT,2026-04-08,U_ICU,S12_NIGHT,STF_ICU_007,Registered Nurse,Licensed,Core Staff,11.5,0.0,11.5,59.92,689.08
2026-04-08_U_ICU_S12_NIGHT,2026-04-08,U_ICU,S12_NIGHT,STF_ICU_018,Registered Nurse,Licensed,Core Staff,11.5,0.0,11.5,49.47,568.9
2026-04-08_U_ICU_S12_NIGHT,2026-04-08,U_ICU,S12_NIGHT,STF_ICU_003,Registered Nurse,Licensed,Core Staff,11.5,0.0,11.5,52.74,606.51
2026-04-08_U_INT_S08_DAY,2026-04-08,U_INT,S08_DAY,STF_INT_050,Registered Nurse,Licensed,Overtime,7.5,0.0,7.5,52.07,390.52
2026-04-08_U_INT_S08_DAY,2026-04-08,U_INT,S08_DAY,STF_INT_013,Registered Nurse,Licensed,Core Staff,7.5,0.0,7.5,53.03,397.72
2026-04-08_U_INT_S08_DAY,2026-04-08,U_INT,S08_DAY,STF_INT_063,Licensed Practical Nurse,Licensed,Core Staff,7.5,0.0,7.5,38.82,291.15
2026-04-08_U_INT_S08_DAY,2026-04-08,U_INT,S08_DAY,STF_INT_018,Certified Nursing Assistant,Unlicensed,Core Staff,7.5,0.0,7.5,34.15,256.12
2026-04-08_U_INT_S08_DAY,2026-04-08,U_INT,S08_DAY,STF_INT_008,Registered Nurse,Licensed,Agency/Traveler,7.5,0.0,7.5,56.2,421.5
2026-04-08_U_INT_S08_DAY,2026-04-08,U_INT,S08_DAY,STF_INT_042,Registered Nurse,Licensed,Overtime,5.5,2.0,7.5,48.12,360.9
2026-04-08_U_INT_S08_DAY,2026-04-08,U_INT,S08_DAY,STF_INT_043,Registered Nurse,Licensed,Overtime,7.5,0.0,7.5,59.93,449.48
2026-04-08_U_INT_S08_DAY,2026-04-08,U_INT,S08_DAY,STF_INT_032,Registered Nurse,Licensed,Core Staff,7.5,0.0,7.5,57.66,432.45
2026-04-08_U_INT_S08_EVE,2026-04-08,U_INT,S08_EVE,STF_INT_023,Registered Nurse,Licensed,Overtime,7.5,0.0,7.5,51.94,389.55
2026-04-08_U_INT_S08_EVE,2026-04-08,U_INT,S08_EVE,STF_INT_059,Registered Nurse,Licensed,Core Staff,7.5,0.0,7.5,57.01,427.58
2026-04-08_U_INT_S08_EVE,2026-04-08,U_INT,S08_EVE,STF_INT_005,Certified Nursing Assistant,Unlicensed,Core Staff,7.5,0.0,7.5,30.64,229.8
2026-04-08_U_INT_S08_EVE,2026-04-08,U_INT,S08_EVE,STF_INT_026,Registered Nurse,Licensed,Core Staff,7.5,0.0,7.5,49.79,373.42
2026-04-08_U_INT_S08_EVE,2026-04-08,U_INT,S08_EVE,STF_INT_040,Certified Nursing Assistant,Unlicensed,Core Staff,7.5,0.0,7.5,35.66,267.45
2026-04-08_U_INT_S08_EVE,2026-04-08,U_INT,S08_EVE,STF_INT_024,Licensed Practical Nurse,Licensed,Core Staff,7.5,0.0,7.5,42.31,317.33
2026-04-08_U_INT_S08_EVE,2026-04-08,U_INT,S08_EVE,STF_INT_035,Registered Nurse,Licensed,Float Pool,7.5,0.0,7.5,50.8,381.0
2026-04-08_U_INT_S08_NIGHT,2026-04-08,U_INT,S08_NIGHT,STF_INT_033,Registered Nurse,Licensed,Core Staff,7.5,0.0,7.5,49.57,371.78
2026-04-08_U_INT_S08_NIGHT,2026-04-08,U_INT,S08_NIGHT,STF_INT_042,Registered Nurse,Licensed,Overtime,7.5,0.0,7.5,51.45,385.88
2026-04-08_U_INT_S08_NIGHT,2026-04-08,U_INT,S08_NIGHT,STF_INT_060,Registered Nurse,Licensed,Agency/Traveler,7.5,0.0,7.5,50.77,380.78
2026-04-08_U_INT_S08_NIGHT,2026-04-08,U_INT,S08_NIGHT,STF_INT_043,Registered Nurse,Licensed,Overtime,7.5,0.0,7.5,49.56,371.7
2026-04-08_U_INT_S08_NIGHT,2026-04-08,U_INT,S08_NIGHT,STF_INT_061,Registered Nurse,Licensed,Core Staff,7.5,0.0,7.5,51.83,388.72
2026-04-08_U_INT_S08_NIGHT,2026-04-08,U_INT,S08_NIGHT,STF_INT_004,Registered Nurse,Licensed,Float Pool,7.5,0.0,7.5,51.66,387.45
2026-04-08_U_INT_S08_NIGHT,2026-04-08,U_INT,S08_NIGHT,STF_INT_020,Certified Nursing Assistant,Unlicensed,Overtime,7.5,0.0,7.5,32.35,242.62
2026-04-09_U_ICU_S12_DAY,2026-04-09,U_ICU,S12_DAY,STF_ICU_022,Registered Nurse,Licensed,Core Staff,11.5,0.0,11.5,51.88,596.62
2026-04-09_U_ICU_S12_DAY,2026-04-09,U_ICU,S12_DAY,STF_ICU_003,Registered Nurse,Licensed,Core Staff,11.5,0.0,11.5,54.2,623.3
2026-04-09_U_ICU_S12_DAY,2026-04-09,U_ICU,S12_DAY,STF_ICU_007,Registered Nurse,Licensed,Core Staff,9.5,2.0,11.5,48.79,561.08
2026-04-09_U_ICU_S12_DAY,2026-04-09,U_ICU,S12_DAY,STF_ICU_032,Certified Nursing Assistant,Unlicensed,Core Staff,11.5,0.0,11.5,30.18,347.07
2026-04-09_U_ICU_S12_DAY,2026-04-09,U_ICU,S12_DAY,STF_ICU_001,Registered Nurse,Licensed,Core Staff,11.5,0.0,11.5,54.07,621.8
2026-04-09_U_ICU_S12_DAY,2026-04-09,U_ICU,S12_DAY,STF_ICU_017,Registered Nurse,Licensed,Core Staff,11.5,0.0,11.5,57.33,659.3
2026-04-09_U_ICU_S12_NIGHT,2026-04-09,U_ICU,S12_NIGHT,STF_ICU_001,Registered Nurse,Licensed,Core Staff,11.5,0.0,11.5,48.22,554.53
2026-04-09_U_ICU_S12_NIGHT,2026-04-09,U_ICU,S12_NIGHT,STF_ICU_002,Registered Nurse,Licensed,Agency/Traveler,11.5,0.0,11.5,51.71,594.66
2026-04-09_U_ICU_S12_NIGHT,2026-04-09,U_ICU,S12_NIGHT,STF_ICU_013,Registered Nurse,Licensed,Overtime,9.5,2.0,11.5,58.23,669.64
2026-04-09_U_ICU_S12_NIGHT,2026-04-09,U_ICU,S12_NIGHT,STF_ICU_024,Registered Nurse,Licensed,Core Staff,11.5,0.0,11.5,58.41,671.71
2026-04-09_U_ICU_S12_NIGHT,2026-04-09,U_ICU,S12_NIGHT,STF_ICU_023,Registered Nurse,Licensed,Core Staff,11.5,0.0,11.5,58.93,677.7
2026-04-09_U_ICU_S12_NIGHT,2026-04-09,U_ICU,S12_NIGHT,STF_ICU_012,Registered Nurse,Licensed,Agency/Traveler,9.5,2.0,11.5,58.88,677.12
2026-04-09_U_INT_S08_DAY,2026-04-09,U_INT,S08_DAY,STF_INT_015,Registered Nurse,Licensed,Core Staff,7.5,0.0,7.5,57.87,434.02
2026-04-09_U_INT_S08_DAY,2026-04-09,U_INT,S08_DAY,STF_INT_028,Registered Nurse,Licensed,Core Staff,7.5,0.0,7.5,52.78,395.85
2026-04-09_U_INT_S08_DAY,2026-04-09,U_INT,S08_DAY,STF_INT_025,Registered Nurse,Licensed,Core Staff,7.5,0.0,7.5,50.51,378.82
2026-04-09_U_INT_S08_DAY,2026-04-09,U_INT,S08_DAY,STF_INT_009,Certified Nursing Assistant,Unlicensed,Float Pool,7.5,0.0,7.5,36.11,270.82
2026-04-09_U_INT_S08_DAY,2026-04-09,U_INT,S08_DAY,STF_INT_024,Licensed Practical Nurse,Licensed,Core Staff,7.5,0.0,7.5,44.39,332.92
2026-04-09_U_INT_S08_DAY,2026-04-09,U_INT,S08_DAY,STF_INT_003,Registered Nurse,Licensed,Core Staff,7.5,0.0,7.5,54.44,408.3
2026-04-09_U_INT_S08_DAY,2026-04-09,U_INT,S08_DAY,STF_INT_051,Registered Nurse,Licensed,Core Staff,5.5,2.0,7.5,57.68,432.6
2026-04-09_U_INT_S08_DAY,2026-04-09,U_INT,S08_DAY,STF_INT_055,Registered Nurse,Licensed,Core Staff,7.5,0.0,7.5,52.15,391.12
2026-04-09_U_INT_S08_DAY,2026-04-09,U_INT,S08_DAY,STF_INT_043,Registered Nurse,Licensed,Overtime,7.5,0.0,7.5,52.19,391.42
2026-04-09_U_INT_S08_DAY,2026-04-09,U_INT,S08_DAY,STF_INT_042,Registered Nurse,Licensed,Overtime,7.5,0.0,7.5,59.27,444.52
2026-04-09_U_INT_S08_DAY,2026-04-09,U_INT,S08_DAY,STF_INT_001,Certified Nursing Assistant,Unlicensed,Core Staff,7.5,0.0,7.5,30.28,227.1
2026-04-09_U_INT_S08_EVE,2026-04-09,U_INT,S08_EVE,STF_INT_040,Certified Nursing Assistant,Unlicensed,Core Staff,7.5,0.0,7.5,33.28,249.6
2026-04-09_U_INT_S08_EVE,2026-04-09,U_INT,S08_EVE,STF_INT_003,Registered Nurse,Licensed,Core Staff,7.5,0.0,7.5,50.45,378.38
2026-04-09_U_INT_S08_EVE,2026-04-09,U_INT,S08_EVE,STF_INT_002,Registered Nurse,Licensed,Core Staff,7.5,0.0,7.5,57.04,427.8
2026-04-09_U_INT_S08_EVE,2026-04-09,U_INT,S08_EVE,STF_INT_058,Registered Nurse,Licensed,Float Pool,7.5,0.0,7.5,52.78,395.85
2026-04-09_U_INT_S08_EVE,2026-04-09,U_INT,S08_EVE,STF_INT_043,Registered Nurse,Licensed,Overtime,7.5,0.0,7.5,59.11,443.32
2026-04-09_U_INT_S08_EVE,2026-04-09,U_INT,S08_EVE,STF_INT_039,Registered Nurse,Licensed,Float Pool,7.5,0.0,7.5,56.0,420.0
2026-04-09_U_INT_S08_EVE,2026-04-09,U_INT,S08_EVE,STF_INT_053,Certified Nursing Assistant,Unlicensed,Agency/Traveler,7.5,0.0,7.5,30.44,228.3
2026-04-09_U_INT_S08_EVE,2026-04-09,U_INT,S08_EVE,STF_INT_036,Registered Nurse,Licensed,Core Staff,7.5,0.0,7.5,52.21,391.58
2026-04-09_U_INT_S08_EVE,2026-04-09,U_INT,S08_EVE,STF_INT_051,Registered Nurse,Licensed,Core Staff,7.5,0.0,7.5,57.03,427.72
2026-04-09_U_INT_S08_NIGHT,2026-04-09,U_INT,S08_NIGHT,STF_INT_006,Licensed Practical Nurse,Licensed,Core Staff,7.5,0.0,7.5,42.26,316.95
2026-04-09_U_INT_S08_NIGHT,2026-04-09,U_INT,S08_NIGHT,STF_INT_017,Certified Nursing Assistant,Unlicensed,Core Staff,7.5,0.0,7.5,35.42,265.65
2026-04-09_U_INT_S08_NIGHT,2026-04-09,U_INT,S08_NIGHT,STF_INT_015,Registered Nurse,Licensed,Core Staff,7.5,0.0,7.5,58.86,441.45
2026-04-09_U_INT_S08_NIGHT,2026-04-09,U_INT,S08_NIGHT,STF_INT_014,Registered Nurse,Licensed,Agency/Traveler,7.5,0.0,7.5,58.72,440.4
2026-04-09_U_INT_S08_NIGHT,2026-04-09,U_INT,S08_NIGHT,STF_INT_016,Registered Nurse,Licensed,Core Staff,7.5,0.0,7.5,55.86,418.95
2026-04-09_U_INT_S08_NIGHT,2026-04-09,U_INT,S08_NIGHT,STF_INT_064,Licensed Practical Nurse,Licensed,Core Staff,7.5,0.0,7.5,46.56,349.2
2026-04-10_U_ICU_S12_DAY,2026-04-10,U_ICU,S12_DAY,STF_ICU_007,Registered Nurse,Licensed,Core Staff,11.5,0.0,11.5,53.06,610.19
2026-04-10_U_ICU_S12_DAY,2026-04-10,U_ICU,S12_DAY,STF_ICU_030,Registered Nurse,Licensed,Core Staff,11.5,0.0,11.5,51.45,591.68
2026-04-10_U_ICU_S12_DAY,2026-04-10,U_ICU,S12_DAY,STF_ICU_006,Registered Nurse,Licensed,Overtime,11.5,0.0,11.5,59.63,685.74
2026-04-10_U_ICU_S12_DAY,2026-04-10,U_ICU,S12_DAY,STF_ICU_035,Certified Nursing Assistant,Unlicensed,Agency/Traveler,11.5,0.0,11.5,30.28,348.22
2026-04-10_U_ICU_S12_DAY,2026-04-10,U_ICU,S12_DAY,STF_ICU_013,Registered Nurse,Licensed,Overtime,11.5,0.0,11.5,50.49,580.64
2026-04-10_U_ICU_S12_DAY,2026-04-10,U_ICU,S12_DAY,STF_ICU_026,Registered Nurse,Licensed,Overtime,11.5,0.0,11.5,55.35,636.52
2026-04-10_U_ICU_S12_NIGHT,2026-04-10,U_ICU,S12_NIGHT,STF_ICU_020,Registered Nurse,Licensed,Core Staff,11.5,0.0,11.5,49.61,570.52
2026-04-10_U_ICU_S12_NIGHT,2026-04-10,U_ICU,S12_NIGHT,STF_ICU_017,Registered Nurse,Licensed,Core Staff,11.5,0.0,11.5,52.22,600.53
2026-04-10_U_ICU_S12_NIGHT,2026-04-10,U_ICU,S12_NIGHT,STF_ICU_010,Registered Nurse,Licensed,Agency/Traveler,11.5,0.0,11.5,50.04,575.46
2026-04-10_U_ICU_S12_NIGHT,2026-04-10,U_ICU,S12_NIGHT,STF_ICU_013,Registered Nurse,Licensed,Overtime,11.5,0.0,11.5,56.0,644.0
2026-04-10_U_ICU_S12_NIGHT,2026-04-10,U_ICU,S12_NIGHT,STF_ICU_026,Registered Nurse,Licensed,Overtime,11.5,0.0,11.5,52.78,606.97
2026-04-10_U_INT_S08_DAY,2026-04-10,U_INT,S08_DAY,STF_INT_039,Registered Nurse,Licensed,Float Pool,7.5,0.0,7.5,58.2,436.5
2026-04-10_U_INT_S08_DAY,2026-04-10,U_INT,S08_DAY,STF_INT_051,Registered Nurse,Licensed,Core Staff,7.5,0.0,7.5,57.49,431.18
2026-04-10_U_INT_S08_DAY,2026-04-10,U_INT,S08_DAY,STF_INT_042,Registered Nurse,Licensed,Overtime,7.5,0.0,7.5,51.82,388.65
2026-04-10_U_INT_S08_DAY,2026-04-10,U_INT,S08_DAY,STF_INT_022,Registered Nurse,Licensed,Core Staff,7.5,0.0,7.5,59.67,447.52
2026-04-10_U_INT_S08_DAY,2026-04-10,U_INT,S08_DAY,STF_INT_016,Registered Nurse,Licensed,Core Staff,7.5,0.0,7.5,53.99,404.92
2026-04-10_U_INT_S08_DAY,2026-04-10,U_INT,S08_DAY,STF_INT_024,Licensed Practical Nurse,Licensed,Core Staff,7.5,0.0,7.5,47.39,355.42
2026-04-10_U_INT_S08_DAY,2026-04-10,U_INT,S08_DAY,STF_INT_020,Certified Nursing Assistant,Unlicensed,Core Staff,7.5,0.0,7.5,34.5,258.75
2026-04-10_U_INT_S08_DAY,2026-04-10,U_INT,S08_DAY,STF_INT_012,Registered Nurse,Licensed,Core Staff,7.5,0.0,7.5,53.28,399.6
2026-04-10_U_INT_S08_DAY,2026-04-10,U_INT,S08_DAY,STF_INT_019,Registered Nurse,Licensed,Core Staff,7.5,0.0,7.5,51.77,388.28
2026-04-10_U_INT_S08_EVE,2026-04-10,U_INT,S08_EVE,STF_INT_056,Registered Nurse,Licensed,Core Staff,7.5,0.0,7.5,52.54,394.05
2026-04-10_U_INT_S08_EVE,2026-04-10,U_INT,S08_EVE,STF_INT_006,Licensed Practical Nurse,Licensed,Core Staff,7.5,0.0,7.5,46.21,346.58
2026-04-10_U_INT_S08_EVE,2026-04-10,U_INT,S08_EVE,STF_INT_058,Registered Nurse,Licensed,Float Pool,7.5,0.0,7.5,50.56,379.2
2026-04-10_U_INT_S08_EVE,2026-04-10,U_INT,S08_EVE,STF_INT_026,Registered Nurse,Licensed,Core Staff,7.5,0.0,7.5,57.15,428.62
2026-04-10_U_INT_S08_EVE,2026-04-10,U_INT,S08_EVE,STF_INT_022,Registered Nurse,Licensed,Core Staff,7.5,0.0,7.5,58.92,441.9
2026-04-10_U_INT_S08_EVE,2026-04-10,U_INT,S08_EVE,STF_INT_004,Registered Nurse,Licensed,Core Staff,7.5,0.0,7.5,56.28,422.1
2026-04-10_U_INT_S08_EVE,2026-04-10,U_INT,S08_EVE,STF_INT_064,Licensed Practical Nurse,Licensed,Core Staff,7.5,0.0,7.5,46.89,351.68
2026-04-10_U_INT_S08_NIGHT,2026-04-10,U_INT,S08_NIGHT,STF_INT_024,Licensed Practical Nurse,Licensed,Core Staff,7.5,0.0,7.5,39.31,294.83
2026-04-10_U_INT_S08_NIGHT,2026-04-10,U_INT,S08_NIGHT,STF_INT_026,Registered Nurse,Licensed,Core Staff,7.5,0.0,7.5,48.23,361.72
2026-04-10_U_INT_S08_NIGHT,2026-04-10,U_INT,S08_NIGHT,STF_INT_049,Registered Nurse,Licensed,Core Staff,7.5,0.0,7.5,54.63,409.72
2026-04-10_U_INT_S08_NIGHT,2026-04-10,U_INT,S08_NIGHT,STF_INT_006,Licensed Practical Nurse,Licensed,Core Staff,7.5,0.0,7.5,40.34,302.55
2026-04-10_U_INT_S08_NIGHT,2026-04-10,U_INT,S08_NIGHT,STF_INT_050,Registered Nurse,Licensed,Float Pool,7.5,0.0,7.5,55.39,415.42
2026-04-10_U_INT_S08_NIGHT,2026-04-10,U_INT,S08_NIGHT,STF_INT_022,Registered Nurse,Licensed,Core Staff,7.5,0.0,7.5,54.39,407.92
2026-04-11_U_ICU_S12_DAY,2026-04-11,U_ICU,S12_DAY,STF_ICU_019,Registered Nurse,Licensed,Core Staff,11.5,0.0,11.5,54.59,627.79
2026-04-11_U_ICU_S12_DAY,2026-04-11,U_ICU,S12_DAY,STF_ICU_008,Registered Nurse,Licensed,Float Pool,11.5,0.0,11.5,51.12,587.88
2026-04-11_U_ICU_S12_DAY,2026-04-11,U_ICU,S12_DAY,STF_ICU_024,Registered Nurse,Licensed,Core Staff,11.5,0.0,11.5,57.2,657.8
2026-04-11_U_ICU_S12_DAY,2026-04-11,U_ICU,S12_DAY,STF_ICU_022,Registered Nurse,Licensed,Core Staff,11.5,0.0,11.5,55.13,634.0
2026-04-11_U_ICU_S12_DAY,2026-04-11,U_ICU,S12_DAY,STF_ICU_021,Registered Nurse,Licensed,Core Staff,11.5,0.0,11.5,54.75,629.62
2026-04-11_U_ICU_S12_DAY,2026-04-11,U_ICU,S12_DAY,STF_ICU_017,Registered Nurse,Licensed,Overtime,11.5,0.0,11.5,52.53,604.1
2026-04-11_U_ICU_S12_NIGHT,2026-04-11,U_ICU,S12_NIGHT,STF_ICU_001,Registered Nurse,Licensed,Core Staff,11.5,0.0,11.5,57.25,658.38
2026-04-11_U_ICU_S12_NIGHT,2026-04-11,U_ICU,S12_NIGHT,STF_ICU_033,Certified Nursing Assistant,Unlicensed,Core Staff,11.5,0.0,11.5,34.5,396.75
2026-04-11_U_ICU_S12_NIGHT,2026-04-11,U_ICU,S12_NIGHT,STF_ICU_028,Registered Nurse,Licensed,Core Staff,11.5,0.0,11.5,52.21,600.42
2026-04-11_U_ICU_S12_NIGHT,2026-04-11,U_ICU,S12_NIGHT,STF_ICU_014,Registered Nurse,Licensed,Core Staff,11.5,0.0,11.5,52.87,608.0
2026-04-11_U_ICU_S12_NIGHT,2026-04-11,U_ICU,S12_NIGHT,STF_ICU_020,Registered Nurse,Licensed,Core Staff,11.5,0.0,11.5,59.56,684.94
2026-04-11_U_ICU_S12_NIGHT,2026-04-11,U_ICU,S12_NIGHT,STF_ICU_024,Registered Nurse,Licensed,Core Staff,11.5,0.0,11.5,59.79,687.58
2026-04-11_U_ICU_S12_NIGHT,2026-04-11,U_ICU,S12_NIGHT,STF_ICU_004,Registered Nurse,Licensed,Core Staff,11.5,0.0,11.5,58.37,671.26
2026-04-11_U_ICU_S12_NIGHT,2026-04-11,U_ICU,S12_NIGHT,STF_ICU_016,Registered Nurse,Licensed,Core Staff,11.5,0.0,11.5,50.14,576.61
2026-04-11_U_INT_S08_DAY,2026-04-11,U_INT,S08_DAY,STF_INT_038,Registered Nurse,Licensed,Core Staff,7.5,0.0,7.5,57.06,427.95
2026-04-11_U_INT_S08_DAY,2026-04-11,U_INT,S08_DAY,STF_INT_050,Registered Nurse,Licensed,Float Pool,7.5,0.0,7.5,51.54,386.55
2026-04-11_U_INT_S08_DAY,2026-04-11,U_INT,S08_DAY,STF_INT_030,Licensed Practical Nurse,Licensed,Core Staff,7.5,0.0,7.5,44.81,336.08
2026-04-11_U_INT_S08_DAY,2026-04-11,U_INT,S08_DAY,STF_INT_007,Registered Nurse,Licensed,Core Staff,7.5,0.0,7.5,54.62,409.65
2026-04-11_U_INT_S08_DAY,2026-04-11,U_INT,S08_DAY,STF_INT_020,Certified Nursing Assistant,Unlicensed,Core Staff,7.5,0.0,7.5,30.33,227.48
2026-04-11_U_INT_S08_DAY,2026-04-11,U_INT,S08_DAY,STF_INT_042,Registered Nurse,Licensed,Overtime,5.5,2.0,7.5,49.38,370.35
2026-04-11_U_INT_S08_DAY,2026-04-11,U_INT,S08_DAY,STF_INT_044,Certified Nursing Assistant,Unlicensed,Core Staff,7.5,0.0,7.5,36.2,271.5
2026-04-11_U_INT_S08_DAY,2026-04-11,U_INT,S08_DAY,STF_INT_011,Certified Nursing Assistant,Unlicensed,Core Staff,7.5,0.0,7.5,30.91,231.82
2026-04-11_U_INT_S08_EVE,2026-04-11,U_INT,S08_EVE,STF_INT_047,Certified Nursing Assistant,Unlicensed,Core Staff,7.5,0.0,7.5,32.0,240.0
2026-04-11_U_INT_S08_EVE,2026-04-11,U_INT,S08_EVE,STF_INT_019,Registered Nurse,Licensed,Core Staff,7.5,0.0,7.5,56.79,425.92
2026-04-11_U_INT_S08_EVE,2026-04-11,U_INT,S08_EVE,STF_INT_021,Licensed Practical Nurse,Licensed,Core Staff,7.5,0.0,7.5,42.64,319.8
2026-04-11_U_INT_S08_EVE,2026-04-11,U_INT,S08_EVE,STF_INT_042,Registered Nurse,Licensed,Overtime,7.5,0.0,7.5,55.95,419.62
2026-04-11_U_INT_S08_EVE,2026-04-11,U_INT,S08_EVE,STF_INT_025,Registered Nurse,Licensed,Core Staff,7.5,0.0,7.5,53.51,401.32
2026-04-11_U_INT_S08_EVE,2026-04-11,U_INT,S08_EVE,STF_INT_046,Registered Nurse,Licensed,Overtime,7.5,0.0,7.5,48.51,363.82
2026-04-11_U_INT_S08_EVE,2026-04-11,U_INT,S08_EVE,STF_INT_002,Registered Nurse,Licensed,Core Staff,7.5,0.0,7.5,59.51,446.32
2026-04-11_U_INT_S08_EVE,2026-04-11,U_INT,S08_EVE,STF_INT_060,Registered Nurse,Licensed,Agency/Traveler,7.5,0.0,7.5,56.83,426.22
2026-04-11_U_INT_S08_NIGHT,2026-04-11,U_INT,S08_NIGHT,STF_INT_049,Registered Nurse,Licensed,Core Staff,7.5,0.0,7.5,53.8,403.5
2026-04-11_U_INT_S08_NIGHT,2026-04-11,U_INT,S08_NIGHT,STF_INT_047,Certified Nursing Assistant,Unlicensed,Core Staff,7.5,0.0,7.5,34.86,261.45
2026-04-11_U_INT_S08_NIGHT,2026-04-11,U_INT,S08_NIGHT,STF_INT_053,Certified Nursing Assistant,Unlicensed,Agency/Traveler,7.5,0.0,7.5,35.62,267.15
2026-04-11_U_INT_S08_NIGHT,2026-04-11,U_INT,S08_NIGHT,STF_INT_021,Licensed Practical Nurse,Licensed,Core Staff,7.5,0.0,7.5,43.39,325.42
2026-04-11_U_INT_S08_NIGHT,2026-04-11,U_INT,S08_NIGHT,STF_INT_063,Licensed Practical Nurse,Licensed,Core Staff,7.5,0.0,7.5,46.17,346.28
2026-04-11_U_INT_S08_NIGHT,2026-04-11,U_INT,S08_NIGHT,STF_INT_059,Registered Nurse,Licensed,Core Staff,7.5,0.0,7.5,56.17,421.28
2026-04-11_U_INT_S08_NIGHT,2026-04-11,U_INT,S08_NIGHT,STF_INT_005,Certified Nursing Assistant,Unlicensed,Core Staff,7.5,0.0,7.5,34.4,258.0
2026-04-11_U_INT_S08_NIGHT,2026-04-11,U_INT,S08_NIGHT,STF_INT_025,Registered Nurse,Licensed,Core Staff,7.5,0.0,7.5,57.55,431.62
2026-04-12_U_ICU_S12_DAY,2026-04-12,U_ICU,S12_DAY,STF_ICU_031,Certified Nursing Assistant,Unlicensed,Core Staff,11.5,0.0,11.5,33.4,384.1
2026-04-12_U_ICU_S12_DAY,2026-04-12,U_ICU,S12_DAY,STF_ICU_026,Registered Nurse,Licensed,Overtime,11.5,0.0,11.5,48.21,554.42
2026-04-12_U_ICU_S12_DAY,2026-04-12,U_ICU,S12_DAY,STF_ICU_005,Registered Nurse,Licensed,Core Staff,11.5,0.0,11.5,59.39,682.98
2026-04-12_U_ICU_S12_DAY,2026-04-12,U_ICU,S12_DAY,STF_ICU_006,Registered Nurse,Licensed,Core Staff,11.5,0.0,11.5,48.4,556.6
2026-04-12_U_ICU_S12_DAY,2026-04-12,U_ICU,S12_DAY,STF_ICU_032,Certified Nursing Assistant,Unlicensed,Core Staff,11.5,0.0,11.5,35.01,402.61
2026-04-12_U_ICU_S12_DAY,2026-04-12,U_ICU,S12_DAY,STF_ICU_028,Registered Nurse,Licensed,Core Staff,11.5,0.0,11.5,58.86,676.89
2026-04-12_U_ICU_S12_NIGHT,2026-04-12,U_ICU,S12_NIGHT,STF_ICU_032,Certified Nursing Assistant,Unlicensed,Core Staff,11.5,0.0,11.5,30.25,347.88
2026-04-12_U_ICU_S12_NIGHT,2026-04-12,U_ICU,S12_NIGHT,STF_ICU_033,Certified Nursing Assistant,Unlicensed,Core Staff,11.5,0.0,11.5,33.37,383.76
2026-04-12_U_ICU_S12_NIGHT,2026-04-12,U_ICU,S12_NIGHT,STF_ICU_018,Registered Nurse,Licensed,Core Staff,11.5,0.0,11.5,50.19,577.18
2026-04-12_U_ICU_S12_NIGHT,2026-04-12,U_ICU,S12_NIGHT,STF_ICU_026,Registered Nurse,Licensed,Overtime,11.5,0.0,11.5,58.37,671.26
2026-04-12_U_ICU_S12_NIGHT,2026-04-12,U_ICU,S12_NIGHT,STF_ICU_024,Registered Nurse,Licensed,Core Staff,11.5,0.0,11.5,56.82,653.43
2026-04-12_U_ICU_S12_NIGHT,2026-04-12,U_ICU,S12_NIGHT,STF_ICU_005,Registered Nurse,Licensed,Core Staff,11.5,0.0,11.5,51.19,588.68
2026-04-12_U_ICU_S12_NIGHT,2026-04-12,U_ICU,S12_NIGHT,STF_ICU_003,Registered Nurse,Licensed,Core Staff,11.5,0.0,11.5,54.13,622.5
2026-04-12_U_INT_S08_DAY,2026-04-12,U_INT,S08_DAY,STF_INT_003,Registered Nurse,Licensed,Core Staff,7.5,0.0,7.5,59.46,445.95
2026-04-12_U_INT_S08_DAY,2026-04-12,U_INT,S08_DAY,STF_INT_054,Registered Nurse,Licensed,Core Staff,7.5,0.0,7.5,49.02,367.65
2026-04-12_U_INT_S08_DAY,2026-04-12,U_INT,S08_DAY,STF_INT_057,Registered Nurse,Licensed,Core Staff,7.5,0.0,7.5,52.32,392.4
2026-04-12_U_INT_S08_DAY,2026-04-12,U_INT,S08_DAY,STF_INT_053,Certified Nursing Assistant,Unlicensed,Agency/Traveler,7.5,0.0,7.5,31.68,237.6
2026-04-12_U_INT_S08_DAY,2026-04-12,U_INT,S08_DAY,STF_INT_011,Certified Nursing Assistant,Unlicensed,Core Staff,7.5,0.0,7.5,31.47,236.02
2026-04-12_U_INT_S08_DAY,2026-04-12,U_INT,S08_DAY,STF_INT_063,Licensed Practical Nurse,Licensed,Core Staff,7.5,0.0,7.5,42.25,316.88
2026-04-12_U_INT_S08_DAY,2026-04-12,U_INT,S08_DAY,STF_INT_015,Registered Nurse,Licensed,Core Staff,7.5,0.0,7.5,52.91,396.82
2026-04-12_U_INT_S08_DAY,2026-04-12,U_INT,S08_DAY,STF_INT_058,Registered Nurse,Licensed,Float Pool,7.5,0.0,7.5,58.32,437.4
2026-04-12_U_INT_S08_EVE,2026-04-12,U_INT,S08_EVE,STF_INT_029,Licensed Practical Nurse,Licensed,Core Staff,7.5,0.0,7.5,42.69,320.17
2026-04-12_U_INT_S08_EVE,2026-04-12,U_INT,S08_EVE,STF_INT_001,Certified Nursing Assistant,Unlicensed,Core Staff,7.5,0.0,7.5,35.85,268.88
2026-04-12_U_INT_S08_EVE,2026-04-12,U_INT,S08_EVE,STF_INT_035,Registered Nurse,Licensed,Float Pool,7.5,0.0,7.5,54.2,406.5
2026-04-12_U_INT_S08_EVE,2026-04-12,U_INT,S08_EVE,STF_INT_015,Registered Nurse,Licensed,Core Staff,7.5,0.0,7.5,54.48,408.6
2026-04-12_U_INT_S08_EVE,2026-04-12,U_INT,S08_EVE,STF_INT_036,Registered Nurse,Licensed,Core Staff,7.5,0.0,7.5,59.88,449.1
2026-04-12_U_INT_S08_EVE,2026-04-12,U_INT,S08_EVE,STF_INT_053,Certified Nursing Assistant,Unlicensed,Agency/Traveler,7.5,0.0,7.5,34.91,261.82
2026-04-12_U_INT_S08_EVE,2026-04-12,U_INT,S08_EVE,STF_INT_049,Registered Nurse,Licensed,Core Staff,7.5,0.0,7.5,52.14,391.05
2026-04-12_U_INT_S08_EVE,2026-04-12,U_INT,S08_EVE,STF_INT_024,Licensed Practical Nurse,Licensed,Core Staff,7.5,0.0,7.5,39.8,298.5
2026-04-12_U_INT_S08_NIGHT,2026-04-12,U_INT,S08_NIGHT,STF_INT_001,Certified Nursing Assistant,Unlicensed,Core Staff,7.5,0.0,7.5,31.67,237.52
2026-04-12_U_INT_S08_NIGHT,2026-04-12,U_INT,S08_NIGHT,STF_INT_050,Registered Nurse,Licensed,Float Pool,7.5,0.0,7.5,51.93,389.48
2026-04-12_U_INT_S08_NIGHT,2026-04-12,U_INT,S08_NIGHT,STF_INT_038,Registered Nurse,Licensed,Core Staff,7.5,0.0,7.5,52.43,393.22
2026-04-12_U_INT_S08_NIGHT,2026-04-12,U_INT,S08_NIGHT,STF_INT_008,Registered Nurse,Licensed,Agency/Traveler,7.5,0.0,7.5,51.74,388.05
2026-04-12_U_INT_S08_NIGHT,2026-04-12,U_INT,S08_NIGHT,STF_INT_053,Certified Nursing Assistant,Unlicensed,Agency/Traveler,7.5,0.0,7.5,32.75,245.62
2026-04-12_U_INT_S08_NIGHT,2026-04-12,U_INT,S08_NIGHT,STF_INT_010,Certified Nursing Assistant,Unlicensed,Core Staff,7.5,0.0,7.5,30.28,227.1
2026-04-12_U_INT_S08_NIGHT,2026-04-12,U_INT,S08_NIGHT,STF_INT_040,Certified Nursing Assistant,Unlicensed,Core Staff,7.5,0.0,7.5,32.25,241.88
2026-04-13_U_ICU_S12_DAY,2026-04-13,U_ICU,S12_DAY,STF_ICU_021,Registered Nurse,Licensed,Core Staff,11.5,0.0,11.5,54.52,626.98
2026-04-13_U_ICU_S12_DAY,2026-04-13,U_ICU,S12_DAY,STF_ICU_033,Certified Nursing Assistant,Unlicensed,Core Staff,11.5,0.0,11.5,30.08,345.92
2026-04-13_U_ICU_S12_DAY,2026-04-13,U_ICU,S12_DAY,STF_ICU_032,Certified Nursing Assistant,Unlicensed,Core Staff,11.5,0.0,11.5,33.28,382.72
2026-04-13_U_ICU_S12_DAY,2026-04-13,U_ICU,S12_DAY,STF_ICU_016,Registered Nurse,Licensed,Core Staff,11.5,0.0,11.5,56.08,644.92
2026-04-13_U_ICU_S12_DAY,2026-04-13,U_ICU,S12_DAY,STF_ICU_022,Registered Nurse,Licensed,Core Staff,11.5,0.0,11.5,57.63,662.74
2026-04-13_U_ICU_S12_DAY,2026-04-13,U_ICU,S12_DAY,STF_ICU_008,Registered Nurse,Licensed,Float Pool,11.5,0.0,11.5,53.0,609.5
2026-04-13_U_ICU_S12_NIGHT,2026-04-13,U_ICU,S12_NIGHT,STF_ICU_024,Registered Nurse,Licensed,Core Staff,11.5,0.0,11.5,49.91,573.96
2026-04-13_U_ICU_S12_NIGHT,2026-04-13,U_ICU,S12_NIGHT,STF_ICU_010,Registered Nurse,Licensed,Core Staff,11.5,0.0,11.5,49.13,565.0
2026-04-13_U_ICU_S12_NIGHT,2026-04-13,U_ICU,S12_NIGHT,STF_ICU_029,Registered Nurse,Licensed,Core Staff,11.5,0.0,11.5,55.08,633.42
2026-04-13_U_ICU_S12_NIGHT,2026-04-13,U_ICU,S12_NIGHT,STF_ICU_023,Registered Nurse,Licensed,Core Staff,11.5,0.0,11.5,48.1,553.15
2026-04-13_U_ICU_S12_NIGHT,2026-04-13,U_ICU,S12_NIGHT,STF_ICU_013,Registered Nurse,Licensed,Overtime,11.5,0.0,11.5,51.14,588.11
2026-04-13_U_ICU_S12_NIGHT,2026-04-13,U_ICU,S12_NIGHT,STF_ICU_020,Registered Nurse,Licensed,Core Staff,11.5,0.0,11.5,51.05,587.07
2026-04-13_U_INT_S08_DAY,2026-04-13,U_INT,S08_DAY,STF_INT_038,Registered Nurse,Licensed,Core Staff,7.5,0.0,7.5,48.84,366.3
2026-04-13_U_INT_S08_DAY,2026-04-13,U_INT,S08_DAY,STF_INT_004,Registered Nurse,Licensed,Core Staff,7.5,0.0,7.5,53.9,404.25
2026-04-13_U_INT_S08_DAY,2026-04-13,U_INT,S08_DAY,STF_INT_014,Registered Nurse,Licensed,Overtime,7.5,0.0,7.5,56.81,426.08
2026-04-13_U_INT_S08_DAY,2026-04-13,U_INT,S08_DAY,STF_INT_013,Registered Nurse,Licensed,Core Staff,7.5,0.0,7.5,54.34,407.55
2026-04-13_U_INT_S08_DAY,2026-04-13,U_INT,S08_DAY,STF_INT_001,Certified Nursing Assistant,Unlicensed,Core Staff,7.5,0.0,7.5,36.41,273.08
2026-04-13_U_INT_S08_DAY,2026-04-13,U_INT,S08_DAY,STF_INT_018,Certified Nursing Assistant,Unlicensed,Agency/Traveler,7.5,0.0,7.5,34.34,257.55
2026-04-13_U_INT_S08_DAY,2026-04-13,U_INT,S08_DAY,STF_INT_037,Certified Nursing Assistant,Unlicensed,Core Staff,7.5,0.0,7.5,36.38,272.85
2026-04-13_U_INT_S08_DAY,2026-04-13,U_INT,S08_DAY,STF_INT_042,Registered Nurse,Licensed,Overtime,7.5,0.0,7.5,59.45,445.88
2026-04-13_U_INT_S08_EVE,2026-04-13,U_INT,S08_EVE,STF_INT_018,Certified Nursing Assistant,Unlicensed,Core Staff,7.5,0.0,7.5,35.04,262.8
2026-04-13_U_INT_S08_EVE,2026-04-13,U_INT,S08_EVE,STF_INT_036,Registered Nurse,Licensed,Core Staff,7.5,0.0,7.5,57.08,428.1
2026-04-13_U_INT_S08_EVE,2026-04-13,U_INT,S08_EVE,STF_INT_034,Licensed Practical Nurse,Licensed,Core Staff,7.5,0.0,7.5,43.07,323.02
2026-04-13_U_INT_S08_EVE,2026-04-13,U_INT,S08_EVE,STF_INT_040,Certified Nursing Assistant,Unlicensed,Core Staff,7.5,0.0,7.5,34.94,262.05
2026-04-13_U_INT_S08_EVE,2026-04-13,U_INT,S08_EVE,STF_INT_050,Registered Nurse,Licensed,Float Pool,7.5,0.0,7.5,57.62,432.15
2026-04-13_U_INT_S08_EVE,2026-04-13,U_INT,S08_EVE,STF_INT_026,Registered Nurse,Licensed,Core Staff,7.5,0.0,7.5,56.6,424.5
2026-04-13_U_INT_S08_EVE,2026-04-13,U_INT,S08_EVE,STF_INT_012,Registered Nurse,Licensed,Core Staff,7.5,0.0,7.5,54.89,411.68
2026-04-13_U_INT_S08_EVE,2026-04-13,U_INT,S08_EVE,STF_INT_043,Registered Nurse,Licensed,Overtime,7.5,0.0,7.5,59.84,448.8
2026-04-13_U_INT_S08_NIGHT,2026-04-13,U_INT,S08_NIGHT,STF_INT_018,Certified Nursing Assistant,Unlicensed,Core Staff,7.5,0.0,7.5,33.29,249.68
2026-04-13_U_INT_S08_NIGHT,2026-04-13,U_INT,S08_NIGHT,STF_INT_063,Licensed Practical Nurse,Licensed,Core Staff,7.5,0.0,7.5,38.27,287.03
2026-04-13_U_INT_S08_NIGHT,2026-04-13,U_INT,S08_NIGHT,STF_INT_026,Registered Nurse,Licensed,Core Staff,7.5,0.0,7.5,53.99,404.92
2026-04-13_U_INT_S08_NIGHT,2026-04-13,U_INT,S08_NIGHT,STF_INT_004,Registered Nurse,Licensed,Core Staff,7.5,0.0,7.5,59.0,442.5
2026-04-13_U_INT_S08_NIGHT,2026-04-13,U_INT,S08_NIGHT,STF_INT_048,Registered Nurse,Licensed,Core Staff,7.5,0.0,7.5,49.88,374.1
2026-04-13_U_INT_S08_NIGHT,2026-04-13,U_INT,S08_NIGHT,STF_INT_043,Registered Nurse,Licensed,Overtime,7.5,0.0,7.5,59.33,444.98
2026-04-14_U_ICU_S12_DAY,2026-04-14,U_ICU,S12_DAY,STF_ICU_013,Registered Nurse,Licensed,Overtime,11.5,0.0,11.5,56.16,645.84
2026-04-14_U_ICU_S12_DAY,2026-04-14,U_ICU,S12_DAY,STF_ICU_026,Registered Nurse,Licensed,Overtime,11.5,0.0,11.5,55.6,639.4
2026-04-14_U_ICU_S12_DAY,2026-04-14,U_ICU,S12_DAY,STF_ICU_016,Registered Nurse,Licensed,Core Staff,11.5,0.0,11.5,57.23,658.14
2026-04-14_U_ICU_S12_DAY,2026-04-14,U_ICU,S12_DAY,STF_ICU_030,Registered Nurse,Licensed,Core Staff,11.5,0.0,11.5,57.14,657.11
2026-04-14_U_ICU_S12_DAY,2026-04-14,U_ICU,S12_DAY,STF_ICU_020,Registered Nurse,Licensed,Core Staff,11.5,0.0,11.5,53.66,617.09
2026-04-14_U_ICU_S12_DAY,2026-04-14,U_ICU,S12_DAY,STF_ICU_007,Registered Nurse,Licensed,Core Staff,11.5,0.0,11.5,53.41,614.21
2026-04-14_U_ICU_S12_NIGHT,2026-04-14,U_ICU,S12_NIGHT,STF_ICU_023,Registered Nurse,Licensed,Core Staff,11.5,0.0,11.5,57.01,655.62
2026-04-14_U_ICU_S12_NIGHT,2026-04-14,U_ICU,S12_NIGHT,STF_ICU_011,Registered Nurse,Licensed,Core Staff,11.5,0.0,11.5,56.32,647.68
2026-04-14_U_ICU_S12_NIGHT,2026-04-14,U_ICU,S12_NIGHT,STF_ICU_007,Registered Nurse,Licensed,Agency/Traveler,11.5,0.0,11.5,52.17,599.96
2026-04-14_U_ICU_S12_NIGHT,2026-04-14,U_ICU,S12_NIGHT,STF_ICU_027,Registered Nurse,Licensed,Core Staff,11.5,0.0,11.5,50.36,579.14
2026-04-14_U_INT_S08_DAY,2026-04-14,U_INT,S08_DAY,STF_INT_007,Registered Nurse,Licensed,Core Staff,7.5,0.0,7.5,50.53,378.98
2026-04-14_U_INT_S08_DAY,2026-04-14,U_INT,S08_DAY,STF_INT_023,Registered Nurse,Licensed,Overtime,5.5,2.0,7.5,52.05,390.38
2026-04-14_U_INT_S08_DAY,2026-04-14,U_INT,S08_DAY,STF_INT_042,Registered Nurse,Licensed,Overtime,7.5,0.0,7.5,59.71,447.82
2026-04-14_U_INT_S08_DAY,2026-04-14,U_INT,S08_DAY,STF_INT_025,Registered Nurse,Licensed,Core Staff,7.5,0.0,7.5,53.32,399.9
2026-04-14_U_INT_S08_DAY,2026-04-14,U_INT,S08_DAY,STF_INT_018,Certified Nursing Assistant,Unlicensed,Agency/Traveler,7.5,0.0,7.5,33.5,251.25
2026-04-14_U_INT_S08_DAY,2026-04-14,U_INT,S08_DAY,STF_INT_016,Registered Nurse,Licensed,Core Staff,7.5,0.0,7.5,50.89,381.68
2026-04-14_U_INT_S08_DAY,2026-04-14,U_INT,S08_DAY,STF_INT_005,Certified Nursing Assistant,Unlicensed,Core Staff,7.5,0.0,7.5,35.62,267.15
2026-04-14_U_INT_S08_DAY,2026-04-14,U_INT,S08_DAY,STF_INT_050,Registered Nurse,Licensed,Float Pool,7.5,0.0,7.5,49.95,374.62
2026-04-14_U_INT_S08_DAY,2026-04-14,U_INT,S08_DAY,STF_INT_030,Licensed Practical Nurse,Licensed,Core Staff,7.5,0.0,7.5,40.47,303.52
2026-04-14_U_INT_S08_EVE,2026-04-14,U_INT,S08_EVE,STF_INT_011,Certified Nursing Assistant,Unlicensed,Core Staff,7.5,0.0,7.5,30.01,225.08
2026-04-14_U_INT_S08_EVE,2026-04-14,U_INT,S08_EVE,STF_INT_003,Registered Nurse,Licensed,Core Staff,7.5,0.0,7.5,53.33,399.98
2026-04-14_U_INT_S08_EVE,2026-04-14,U_INT,S08_EVE,STF_INT_013,Registered Nurse,Licensed,Core Staff,7.5,0.0,7.5,57.42,430.65
2026-04-14_U_INT_S08_EVE,2026-04-14,U_INT,S08_EVE,STF_INT_048,Registered Nurse,Licensed,Core Staff,7.5,0.0,7.5,58.88,441.6
2026-04-14_U_INT_S08_EVE,2026-04-14,U_INT,S08_EVE,STF_INT_055,Registered Nurse,Licensed,Core Staff,7.5,0.0,7.5,53.58,401.85
2026-04-14_U_INT_S08_EVE,2026-04-14,U_INT,S08_EVE,STF_INT_057,Registered Nurse,Licensed,Core Staff,7.5,0.0,7.5,50.04,375.3
2026-04-14_U_INT_S08_EVE,2026-04-14,U_INT,S08_EVE,STF_INT_040,Certified Nursing Assistant,Unlicensed,Core Staff,7.5,0.0,7.5,33.59,251.92
2026-04-14_U_INT_S08_NIGHT,2026-04-14,U_INT,S08_NIGHT,STF_INT_004,Registered Nurse,Licensed,Agency/Traveler,7.5,0.0,7.5,52.28,392.1
2026-04-14_U_INT_S08_NIGHT,2026-04-14,U_INT,S08_NIGHT,STF_INT_034,Licensed Practical Nurse,Licensed,Core Staff,7.5,0.0,7.5,46.03,345.22
2026-04-14_U_INT_S08_NIGHT,2026-04-14,U_INT,S08_NIGHT,STF_INT_045,Registered Nurse,Licensed,Core Staff,7.5,0.0,7.5,48.37,362.78
2026-04-14_U_INT_S08_NIGHT,2026-04-14,U_INT,S08_NIGHT,STF_INT_055,Registered Nurse,Licensed,Core Staff,7.5,0.0,7.5,53.45,400.88
2026-04-14_U_INT_S08_NIGHT,2026-04-14,U_INT,S08_NIGHT,STF_INT_035,Registered Nurse,Licensed,Float Pool,7.5,0.0,7.5,57.17,428.78
2026-04-14_U_INT_S08_NIGHT,2026-04-14,U_INT,S08_NIGHT,STF_INT_033,Registered Nurse,Licensed,Float Pool,7.5,0.0,7.5,55.1,413.25
2026-04-15_U_ICU_S12_DAY,2026-04-15,U_ICU,S12_DAY,STF_ICU_030,Registered Nurse,Licensed,Core Staff,11.5,0.0,11.5,49.04,563.96
2026-04-15_U_ICU_S12_DAY,2026-04-15,U_ICU,S12_DAY,STF_ICU_012,Registered Nurse,Licensed,Agency/Traveler,11.5,0.0,11.5,55.34,636.41
2026-04-15_U_ICU_S12_DAY,2026-04-15,U_ICU,S12_DAY,STF_ICU_001,Registered Nurse,Licensed,Core Staff,11.5,0.0,11.5,49.03,563.84
2026-04-15_U_ICU_S12_DAY,2026-04-15,U_ICU,S12_DAY,STF_ICU_006,Registered Nurse,Licensed,Core Staff,11.5,0.0,11.5,58.23,669.64
2026-04-15_U_ICU_S12_DAY,2026-04-15,U_ICU,S12_DAY,STF_ICU_010,Registered Nurse,Licensed,Core Staff,11.5,0.0,11.5,50.13,576.5
2026-04-15_U_ICU_S12_DAY,2026-04-15,U_ICU,S12_DAY,STF_ICU_003,Registered Nurse,Licensed,Core Staff,11.5,0.0,11.5,50.27,578.1
2026-04-15_U_ICU_S12_DAY,2026-04-15,U_ICU,S12_DAY,STF_ICU_014,Registered Nurse,Licensed,Agency/Traveler,11.5,0.0,11.5,55.21,634.92
2026-04-15_U_ICU_S12_DAY,2026-04-15,U_ICU,S12_DAY,STF_ICU_007,Registered Nurse,Licensed,Core Staff,11.5,0.0,11.5,49.26,566.49
2026-04-15_U_ICU_S12_NIGHT,2026-04-15,U_ICU,S12_NIGHT,STF_ICU_016,Registered Nurse,Licensed,Core Staff,11.5,0.0,11.5,49.4,568.1
2026-04-15_U_ICU_S12_NIGHT,2026-04-15,U_ICU,S12_NIGHT,STF_ICU_028,Registered Nurse,Licensed,Core Staff,11.5,0.0,11.5,55.15,634.22
2026-04-15_U_ICU_S12_NIGHT,2026-04-15,U_ICU,S12_NIGHT,STF_ICU_034,Certified Nursing Assistant,Unlicensed,Agency/Traveler,11.5,0.0,11.5,36.0,414.0
2026-04-15_U_ICU_S12_NIGHT,2026-04-15,U_ICU,S12_NIGHT,STF_ICU_008,Registered Nurse,Licensed,Float Pool,11.5,0.0,11.5,58.69,674.94
2026-04-15_U_ICU_S12_NIGHT,2026-04-15,U_ICU,S12_NIGHT,STF_ICU_009,Registered Nurse,Licensed,Core Staff,11.5,0.0,11.5,50.58,581.67
2026-04-15_U_ICU_S12_NIGHT,2026-04-15,U_ICU,S12_NIGHT,STF_ICU_013,Registered Nurse,Licensed,Overtime,11.5,0.0,11.5,52.64,605.36
2026-04-15_U_INT_S08_DAY,2026-04-15,U_INT,S08_DAY,STF_INT_050,Registered Nurse,Licensed,Float Pool,7.5,0.0,7.5,59.21,444.08
2026-04-15_U_INT_S08_DAY,2026-04-15,U_INT,S08_DAY,STF_INT_035,Registered Nurse,Licensed,Float Pool,7.5,0.0,7.5,50.59,379.42
2026-04-15_U_INT_S08_DAY,2026-04-15,U_INT,S08_DAY,STF_INT_064,Licensed Practical Nurse,Licensed,Core Staff,7.5,0.0,7.5,46.61,349.58
2026-04-15_U_INT_S08_DAY,2026-04-15,U_INT,S08_DAY,STF_INT_048,Registered Nurse,Licensed,Core Staff,7.5,0.0,7.5,57.24,429.3
2026-04-15_U_INT_S08_DAY,2026-04-15,U_INT,S08_DAY,STF_INT_039,Registered Nurse,Licensed,Float Pool,7.5,0.0,7.5,52.39,392.92
2026-04-15_U_INT_S08_DAY,2026-04-15,U_INT,S08_DAY,STF_INT_021,Licensed Practical Nurse,Licensed,Core Staff,7.5,0.0,7.5,39.88,299.1
2026-04-15_U_INT_S08_DAY,2026-04-15,U_INT,S08_DAY,STF_INT_014,Registered Nurse,Licensed,Overtime,7.5,0.0,7.5,55.33,414.98
2026-04-15_U_INT_S08_DAY,2026-04-15,U_INT,S08_DAY,STF_INT_024,Licensed Practical Nurse,Licensed,Core Staff,7.5,0.0,7.5,44.68,335.1
2026-04-15_U_INT_S08_DAY,2026-04-15,U_INT,S08_DAY,STF_INT_038,Registered Nurse,Licensed,Core Staff,7.5,0.0,7.5,58.57,439.28
2026-04-15_U_INT_S08_EVE,2026-04-15,U_INT,S08_EVE,STF_INT_049,Registered Nurse,Licensed,Core Staff,7.5,0.0,7.5,54.67,410.02
2026-04-15_U_INT_S08_EVE,2026-04-15,U_INT,S08_EVE,STF_INT_009,Certified Nursing Assistant,Unlicensed,Float Pool,7.5,0.0,7.5,31.75,238.12
2026-04-15_U_INT_S08_EVE,2026-04-15,U_INT,S08_EVE,STF_INT_060,Registered Nurse,Licensed,Agency/Traveler,7.5,0.0,7.5,54.95,412.12
2026-04-15_U_INT_S08_EVE,2026-04-15,U_INT,S08_EVE,STF_INT_045,Registered Nurse,Licensed,Overtime,7.5,0.0,7.5,54.04,405.3
2026-04-15_U_INT_S08_EVE,2026-04-15,U_INT,S08_EVE,STF_INT_051,Registered Nurse,Licensed,Core Staff,7.5,0.0,7.5,58.24,436.8
2026-04-15_U_INT_S08_EVE,2026-04-15,U_INT,S08_EVE,STF_INT_063,Licensed Practical Nurse,Licensed,Core Staff,7.5,0.0,7.5,47.47,356.02
2026-04-15_U_INT_S08_EVE,2026-04-15,U_INT,S08_EVE,STF_INT_002,Registered Nurse,Licensed,Core Staff,7.5,0.0,7.5,53.18,398.85
2026-04-15_U_INT_S08_EVE,2026-04-15,U_INT,S08_EVE,STF_INT_003,Registered Nurse,Licensed,Core Staff,7.5,0.0,7.5,50.53,378.98
2026-04-15_U_INT_S08_EVE,2026-04-15,U_INT,S08_EVE,STF_INT_048,Registered Nurse,Licensed,Core Staff,7.5,0.0,7.5,56.8,426.0
2026-04-15_U_INT_S08_EVE,2026-04-15,U_INT,S08_EVE,STF_INT_062,Certified Nursing Assistant,Unlicensed,Core Staff,7.5,0.0,7.5,32.26,241.95
2026-04-15_U_INT_S08_EVE,2026-04-15,U_INT,S08_EVE,STF_INT_030,Licensed Practical Nurse,Licensed,Core Staff,7.5,0.0,7.5,46.01,345.08
2026-04-15_U_INT_S08_NIGHT,2026-04-15,U_INT,S08_NIGHT,STF_INT_027,Licensed Practical Nurse,Licensed,Overtime,7.5,0.0,7.5,47.37,355.28
2026-04-15_U_INT_S08_NIGHT,2026-04-15,U_INT,S08_NIGHT,STF_INT_050,Registered Nurse,Licensed,Float Pool,7.5,0.0,7.5,57.28,429.6
2026-04-15_U_INT_S08_NIGHT,2026-04-15,U_INT,S08_NIGHT,STF_INT_062,Certified Nursing Assistant,Unlicensed,Core Staff,7.5,0.0,7.5,34.61,259.58
2026-04-15_U_INT_S08_NIGHT,2026-04-15,U_INT,S08_NIGHT,STF_INT_023,Registered Nurse,Licensed,Overtime,7.5,0.0,7.5,58.06,435.45
2026-04-15_U_INT_S08_NIGHT,2026-04-15,U_INT,S08_NIGHT,STF_INT_041,Certified Nursing Assistant,Unlicensed,Overtime,7.5,0.0,7.5,33.69,252.68
2026-04-15_U_INT_S08_NIGHT,2026-04-15,U_INT,S08_NIGHT,STF_INT_025,Registered Nurse,Licensed,Core Staff,7.5,0.0,7.5,51.61,387.08
2026-04-15_U_INT_S08_NIGHT,2026-04-15,U_INT,S08_NIGHT,STF_INT_061,Registered Nurse,Licensed,Core Staff,7.5,0.0,7.5,50.68,380.1
2026-04-16_U_ICU_S12_DAY,2026-04-16,U_ICU,S12_DAY,STF_ICU_014,Registered Nurse,Licensed,Core Staff,11.5,0.0,11.5,48.36,556.14
2026-04-16_U_ICU_S12_DAY,2026-04-16,U_ICU,S12_DAY,STF_ICU_023,Registered Nurse,Licensed,Core Staff,11.5,0.0,11.5,53.17,611.46
2026-04-16_U_ICU_S12_DAY,2026-04-16,U_ICU,S12_DAY,STF_ICU_015,Registered Nurse,Licensed,Core Staff,11.5,0.0,11.5,56.14,645.61
2026-04-16_U_ICU_S12_DAY,2026-04-16,U_ICU,S12_DAY,STF_ICU_006,Registered Nurse,Licensed,Core Staff,11.5,0.0,11.5,49.27,566.6
2026-04-16_U_ICU_S12_DAY,2026-04-16,U_ICU,S12_DAY,STF_ICU_035,Certified Nursing Assistant,Unlicensed,Agency/Traveler,11.5,0.0,11.5,30.99,356.38
2026-04-16_U_ICU_S12_DAY,2026-04-16,U_ICU,S12_DAY,STF_ICU_032,Certified Nursing Assistant,Unlicensed,Core Staff,11.5,0.0,11.5,31.39,360.98
2026-04-16_U_ICU_S12_NIGHT,2026-04-16,U_ICU,S12_NIGHT,STF_ICU_007,Registered Nurse,Licensed,Core Staff,11.5,0.0,11.5,58.02,667.23
2026-04-16_U_ICU_S12_NIGHT,2026-04-16,U_ICU,S12_NIGHT,STF_ICU_009,Registered Nurse,Licensed,Core Staff,11.5,0.0,11.5,57.71,663.66
2026-04-16_U_ICU_S12_NIGHT,2026-04-16,U_ICU,S12_NIGHT,STF_ICU_033,Certified Nursing Assistant,Unlicensed,Core Staff,11.5,0.0,11.5,30.89,355.24
2026-04-16_U_ICU_S12_NIGHT,2026-04-16,U_ICU,S12_NIGHT,STF_ICU_031,Certified Nursing Assistant,Unlicensed,Core Staff,11.5,0.0,11.5,30.73,353.4
2026-04-16_U_ICU_S12_NIGHT,2026-04-16,U_ICU,S12_NIGHT,STF_ICU_008,Registered Nurse,Licensed,Float Pool,11.5,0.0,11.5,51.8,595.7
2026-04-16_U_ICU_S12_NIGHT,2026-04-16,U_ICU,S12_NIGHT,STF_ICU_016,Registered Nurse,Licensed,Core Staff,11.5,0.0,11.5,59.68,686.32
2026-04-16_U_INT_S08_DAY,2026-04-16,U_INT,S08_DAY,STF_INT_052,Licensed Practical Nurse,Licensed,Core Staff,7.5,0.0,7.5,40.37,302.77
2026-04-16_U_INT_S08_DAY,2026-04-16,U_INT,S08_DAY,STF_INT_027,Licensed Practical Nurse,Licensed,Overtime,7.5,0.0,7.5,42.88,321.6
2026-04-16_U_INT_S08_DAY,2026-04-16,U_INT,S08_DAY,STF_INT_030,Licensed Practical Nurse,Licensed,Core Staff,7.5,0.0,7.5,43.01,322.58
2026-04-16_U_INT_S08_DAY,2026-04-16,U_INT,S08_DAY,STF_INT_010,Certified Nursing Assistant,Unlicensed,Core Staff,7.5,0.0,7.5,30.7,230.25
2026-04-16_U_INT_S08_DAY,2026-04-16,U_INT,S08_DAY,STF_INT_011,Certified Nursing Assistant,Unlicensed,Core Staff,7.5,0.0,7.5,34.55,259.12
2026-04-16_U_INT_S08_DAY,2026-04-16,U_INT,S08_DAY,STF_INT_048,Registered Nurse,Licensed,Core Staff,7.5,0.0,7.5,48.29,362.18
2026-04-16_U_INT_S08_DAY,2026-04-16,U_INT,S08_DAY,STF_INT_059,Registered Nurse,Licensed,Overtime,7.5,0.0,7.5,56.05,420.38
2026-04-16_U_INT_S08_DAY,2026-04-16,U_INT,S08_DAY,STF_INT_060,Registered Nurse,Licensed,Agency/Traveler,7.5,0.0,7.5,52.71,395.32
2026-04-16_U_INT_S08_DAY,2026-04-16,U_INT,S08_DAY,STF_INT_062,Certified Nursing Assistant,Unlicensed,Core Staff,7.5,0.0,7.5,34.76,260.7
2026-04-16_U_INT_S08_DAY,2026-04-16,U_INT,S08_DAY,STF_INT_004,Registered Nurse,Licensed,Core Staff,7.5,0.0,7.5,58.38,437.85
2026-04-16_U_INT_S08_EVE,2026-04-16,U_INT,S08_EVE,STF_INT_062,Certified Nursing Assistant,Unlicensed,Core Staff,7.5,0.0,7.5,32.05,240.37
2026-04-16_U_INT_S08_EVE,2026-04-16,U_INT,S08_EVE,STF_INT_055,Registered Nurse,Licensed,Core Staff,7.5,0.0,7.5,53.21,399.08
2026-04-16_U_INT_S08_EVE,2026-04-16,U_INT,S08_EVE,STF_INT_049,Registered Nurse,Licensed,Core Staff,7.5,0.0,7.5,59.61,447.08
2026-04-16_U_INT_S08_EVE,2026-04-16,U_INT,S08_EVE,STF_INT_036,Registered Nurse,Licensed,Core Staff,7.5,0.0,7.5,48.47,363.52
2026-04-16_U_INT_S08_EVE,2026-04-16,U_INT,S08_EVE,STF_INT_048,Registered Nurse,Licensed,Core Staff,7.5,0.0,7.5,56.52,423.9
2026-04-16_U_INT_S08_EVE,2026-04-16,U_INT,S08_EVE,STF_INT_021,Licensed Practical Nurse,Licensed,Core Staff,7.5,0.0,7.5,45.96,344.7
2026-04-16_U_INT_S08_EVE,2026-04-16,U_INT,S08_EVE,STF_INT_031,Registered Nurse,Licensed,Core Staff,7.5,0.0,7.5,53.53,401.48
2026-04-16_U_INT_S08_EVE,2026-04-16,U_INT,S08_EVE,STF_INT_035,Registered Nurse,Licensed,Float Pool,7.5,0.0,7.5,59.13,443.48
2026-04-16_U_INT_S08_EVE,2026-04-16,U_INT,S08_EVE,STF_INT_019,Registered Nurse,Licensed,Core Staff,7.5,0.0,7.5,57.15,428.62
2026-04-16_U_INT_S08_NIGHT,2026-04-16,U_INT,S08_NIGHT,STF_INT_062,Certified Nursing Assistant,Unlicensed,Core Staff,7.5,0.0,7.5,34.13,255.98
2026-04-16_U_INT_S08_NIGHT,2026-04-16,U_INT,S08_NIGHT,STF_INT_026,Registered Nurse,Licensed,Core Staff,7.5,0.0,7.5,56.83,426.22
2026-04-16_U_INT_S08_NIGHT,2026-04-16,U_INT,S08_NIGHT,STF_INT_016,Registered Nurse,Licensed,Float Pool,7.5,0.0,7.5,49.16,368.7
2026-04-16_U_INT_S08_NIGHT,2026-04-16,U_INT,S08_NIGHT,STF_INT_017,Certified Nursing Assistant,Unlicensed,Core Staff,7.5,0.0,7.5,30.89,231.68
2026-04-16_U_INT_S08_NIGHT,2026-04-16,U_INT,S08_NIGHT,STF_INT_015,Registered Nurse,Licensed,Overtime,7.5,0.0,7.5,56.45,423.38
2026-04-16_U_INT_S08_NIGHT,2026-04-16,U_INT,S08_NIGHT,STF_INT_040,Certified Nursing Assistant,Unlicensed,Core Staff,7.5,0.0,7.5,30.81,231.08
2026-04-16_U_INT_S08_NIGHT,2026-04-16,U_INT,S08_NIGHT,STF_INT_001,Certified Nursing Assistant,Unlicensed,Core Staff,7.5,0.0,7.5,36.25,271.88
2026-04-17_U_ICU_S12_DAY,2026-04-17,U_ICU,S12_DAY,STF_ICU_011,Registered Nurse,Licensed,Overtime,11.5,0.0,11.5,51.4,591.1
2026-04-17_U_ICU_S12_DAY,2026-04-17,U_ICU,S12_DAY,STF_ICU_024,Registered Nurse,Licensed,Core Staff,11.5,0.0,11.5,55.3,635.95
2026-04-17_U_ICU_S12_DAY,2026-04-17,U_ICU,S12_DAY,STF_ICU_013,Registered Nurse,Licensed,Overtime,11.5,0.0,11.5,55.54,638.71
2026-04-17_U_ICU_S12_DAY,2026-04-17,U_ICU,S12_DAY,STF_ICU_034,Certified Nursing Assistant,Unlicensed,Agency/Traveler,11.5,0.0,11.5,35.57,409.06
2026-04-17_U_ICU_S12_DAY,2026-04-17,U_ICU,S12_DAY,STF_ICU_019,Registered Nurse,Licensed,Core Staff,11.5,0.0,11.5,59.02,678.73
2026-04-17_U_ICU_S12_DAY,2026-04-17,U_ICU,S12_DAY,STF_ICU_012,Registered Nurse,Licensed,Agency/Traveler,11.5,0.0,11.5,59.56,684.94
2026-04-17_U_ICU_S12_DAY,2026-04-17,U_ICU,S12_DAY,STF_ICU_017,Registered Nurse,Licensed,Float Pool,11.5,0.0,11.5,48.08,552.92
2026-04-17_U_ICU_S12_DAY,2026-04-17,U_ICU,S12_DAY,STF_ICU_029,Registered Nurse,Licensed,Overtime,11.5,0.0,11.5,59.54,684.71
2026-04-17_U_ICU_S12_NIGHT,2026-04-17,U_ICU,S12_NIGHT,STF_ICU_012,Registered Nurse,Licensed,Agency/Traveler,11.5,0.0,11.5,50.9,585.35
2026-04-17_U_ICU_S12_NIGHT,2026-04-17,U_ICU,S12_NIGHT,STF_ICU_026,Registered Nurse,Licensed,Overtime,11.5,0.0,11.5,50.63,582.24
2026-04-17_U_ICU_S12_NIGHT,2026-04-17,U_ICU,S12_NIGHT,STF_ICU_022,Registered Nurse,Licensed,Core Staff,11.5,0.0,11.5,56.87,654.0
2026-04-17_U_ICU_S12_NIGHT,2026-04-17,U_ICU,S12_NIGHT,STF_ICU_002,Registered Nurse,Licensed,Agency/Traveler,11.5,0.0,11.5,57.64,662.86
2026-04-17_U_ICU_S12_NIGHT,2026-04-17,U_ICU,S12_NIGHT,STF_ICU_003,Registered Nurse,Licensed,Core Staff,11.5,0.0,11.5,55.77,641.36
2026-04-17_U_ICU_S12_NIGHT,2026-04-17,U_ICU,S12_NIGHT,STF_ICU_001,Registered Nurse,Licensed,Core Staff,11.5,0.0,11.5,49.57,570.05
2026-04-17_U_ICU_S12_NIGHT,2026-04-17,U_ICU,S12_NIGHT,STF_ICU_004,Registered Nurse,Licensed,Core Staff,11.5,0.0,11.5,55.4,637.1
2026-04-17_U_ICU_S12_NIGHT,2026-04-17,U_ICU,S12_NIGHT,STF_ICU_018,Registered Nurse,Licensed,Core Staff,11.5,0.0,11.5,55.7,640.55
2026-04-17_U_INT_S08_DAY,2026-04-17,U_INT,S08_DAY,STF_INT_049,Registered Nurse,Licensed,Core Staff,7.5,0.0,7.5,58.05,435.38
2026-04-17_U_INT_S08_DAY,2026-04-17,U_INT,S08_DAY,STF_INT_003,Registered Nurse,Licensed,Overtime,5.5,2.0,7.5,50.53,378.98
2026-04-17_U_INT_S08_DAY,2026-04-17,U_INT,S08_DAY,STF_INT_046,Registered Nurse,Licensed,Overtime,7.5,0.0,7.5,59.44,445.8
2026-04-17_U_INT_S08_DAY,2026-04-17,U_INT,S08_DAY,STF_INT_020,Certified Nursing Assistant,Unlicensed,Core Staff,7.5,0.0,7.5,33.81,253.58
2026-04-17_U_INT_S08_DAY,2026-04-17,U_INT,S08_DAY,STF_INT_037,Certified Nursing Assistant,Unlicensed,Core Staff,7.5,0.0,7.5,32.81,246.08
2026-04-17_U_INT_S08_DAY,2026-04-17,U_INT,S08_DAY,STF_INT_058,Registered Nurse,Licensed,Float Pool,7.5,0.0,7.5,57.06,427.95
2026-04-17_U_INT_S08_DAY,2026-04-17,U_INT,S08_DAY,STF_INT_023,Registered Nurse,Licensed,Overtime,7.5,0.0,7.5,54.05,405.38
2026-04-17_U_INT_S08_DAY,2026-04-17,U_INT,S08_DAY,STF_INT_007,Registered Nurse,Licensed,Core Staff,7.5,0.0,7.5,54.59,409.42
2026-04-17_U_INT_S08_EVE,2026-04-17,U_INT,S08_EVE,STF_INT_003,Registered Nurse,Licensed,Core Staff,5.5,2.0,7.5,50.58,379.35
2026-04-17_U_INT_S08_EVE,2026-04-17,U_INT,S08_EVE,STF_INT_019,Registered Nurse,Licensed,Core Staff,7.5,0.0,7.5,53.46,400.95
2026-04-17_U_INT_S08_EVE,2026-04-17,U_INT,S08_EVE,STF_INT_060,Registered Nurse,Licensed,Agency/Traveler,7.5,0.0,7.5,56.94,427.05
2026-04-17_U_INT_S08_EVE,2026-04-17,U_INT,S08_EVE,STF_INT_057,Registered Nurse,Licensed,Float Pool,7.5,0.0,7.5,54.53,408.98
2026-04-17_U_INT_S08_EVE,2026-04-17,U_INT,S08_EVE,STF_INT_010,Certified Nursing Assistant,Unlicensed,Core Staff,7.5,0.0,7.5,34.13,255.98
2026-04-17_U_INT_S08_EVE,2026-04-17,U_INT,S08_EVE,STF_INT_042,Registered Nurse,Licensed,Overtime,5.5,2.0,7.5,48.32,362.4
2026-04-17_U_INT_S08_EVE,2026-04-17,U_INT,S08_EVE,STF_INT_046,Registered Nurse,Licensed,Overtime,7.5,0.0,7.5,57.98,434.85
2026-04-17_U_INT_S08_NIGHT,2026-04-17,U_INT,S08_NIGHT,STF_INT_055,Registered Nurse,Licensed,Core Staff,5.5,2.0,7.5,49.64,372.3
2026-04-17_U_INT_S08_NIGHT,2026-04-17,U_INT,S08_NIGHT,STF_INT_035,Registered Nurse,Licensed,Float Pool,7.5,0.0,7.5,52.75,395.62
2026-04-17_U_INT_S08_NIGHT,2026-04-17,U_INT,S08_NIGHT,STF_INT_016,Registered Nurse,Licensed,Core Staff,7.5,0.0,7.5,55.89,419.18
2026-04-17_U_INT_S08_NIGHT,2026-04-17,U_INT,S08_NIGHT,STF_INT_005,Certified Nursing Assistant,Unlicensed,Core Staff,7.5,0.0,7.5,31.12,233.4
2026-04-17_U_INT_S08_NIGHT,2026-04-17,U_INT,S08_NIGHT,STF_INT_042,Registered Nurse,Licensed,Overtime,7.5,0.0,7.5,55.22,414.15
2026-04-17_U_INT_S08_NIGHT,2026-04-17,U_INT,S08_NIGHT,STF_INT_034,Licensed Practical Nurse,Licensed,Core Staff,7.5,0.0,7.5,45.29,339.68
2026-04-18_U_ICU_S12_DAY,2026-04-18,U_ICU,S12_DAY,STF_ICU_023,Registered Nurse,Licensed,Core Staff,11.5,0.0,11.5,59.16,680.34
2026-04-18_U_ICU_S12_DAY,2026-04-18,U_ICU,S12_DAY,STF_ICU_026,Registered Nurse,Licensed,Overtime,11.5,0.0,11.5,57.47,660.9
2026-04-18_U_ICU_S12_DAY,2026-04-18,U_ICU,S12_DAY,STF_ICU_020,Registered Nurse,Licensed,Core Staff,11.5,0.0,11.5,50.86,584.89
2026-04-18_U_ICU_S12_DAY,2026-04-18,U_ICU,S12_DAY,STF_ICU_021,Registered Nurse,Licensed,Core Staff,11.5,0.0,11.5,56.7,652.05
2026-04-18_U_ICU_S12_DAY,2026-04-18,U_ICU,S12_DAY,STF_ICU_005,Registered Nurse,Licensed,Core Staff,11.5,0.0,11.5,58.59,673.79
2026-04-18_U_ICU_S12_NIGHT,2026-04-18,U_ICU,S12_NIGHT,STF_ICU_009,Registered Nurse,Licensed,Core Staff,11.5,0.0,11.5,51.02,586.73
2026-04-18_U_ICU_S12_NIGHT,2026-04-18,U_ICU,S12_NIGHT,STF_ICU_026,Registered Nurse,Licensed,Overtime,11.5,0.0,11.5,54.09,622.04
2026-04-18_U_ICU_S12_NIGHT,2026-04-18,U_ICU,S12_NIGHT,STF_ICU_020,Registered Nurse,Licensed,Core Staff,11.5,0.0,11.5,48.05,552.57
2026-04-18_U_ICU_S12_NIGHT,2026-04-18,U_ICU,S12_NIGHT,STF_ICU_031,Certified Nursing Assistant,Unlicensed,Core Staff,11.5,0.0,11.5,36.15,415.72
2026-04-18_U_ICU_S12_NIGHT,2026-04-18,U_ICU,S12_NIGHT,STF_ICU_025,Registered Nurse,Licensed,Core Staff,11.5,0.0,11.5,48.8,561.2
2026-04-18_U_ICU_S12_NIGHT,2026-04-18,U_ICU,S12_NIGHT,STF_ICU_017,Registered Nurse,Licensed,Core Staff,11.5,0.0,11.5,49.27,566.6
2026-04-18_U_ICU_S12_NIGHT,2026-04-18,U_ICU,S12_NIGHT,STF_ICU_005,Registered Nurse,Licensed,Core Staff,11.5,0.0,11.5,56.72,652.28
2026-04-18_U_INT_S08_DAY,2026-04-18,U_INT,S08_DAY,STF_INT_012,Registered Nurse,Licensed,Core Staff,7.5,0.0,7.5,52.31,392.33
2026-04-18_U_INT_S08_DAY,2026-04-18,U_INT,S08_DAY,STF_INT_035,Registered Nurse,Licensed,Float Pool,7.5,0.0,7.5,58.68,440.1
2026-04-18_U_INT_S08_DAY,2026-04-18,U_INT,S08_DAY,STF_INT_019,Registered Nurse,Licensed,Overtime,7.5,0.0,7.5,59.72,447.9
2026-04-18_U_INT_S08_DAY,2026-04-18,U_INT,S08_DAY,STF_INT_064,Licensed Practical Nurse,Licensed,Core Staff,7.5,0.0,7.5,41.32,309.9
2026-04-18_U_INT_S08_DAY,2026-04-18,U_INT,S08_DAY,STF_INT_047,Certified Nursing Assistant,Unlicensed,Core Staff,7.5,0.0,7.5,34.9,261.75
2026-04-18_U_INT_S08_DAY,2026-04-18,U_INT,S08_DAY,STF_INT_057,Registered Nurse,Licensed,Core Staff,7.5,0.0,7.5,54.12,405.9
2026-04-18_U_INT_S08_DAY,2026-04-18,U_INT,S08_DAY,STF_INT_004,Registered Nurse,Licensed,Core Staff,7.5,0.0,7.5,59.28,444.6
2026-04-18_U_INT_S08_DAY,2026-04-18,U_INT,S08_DAY,STF_INT_054,Registered Nurse,Licensed,Core Staff,7.5,0.0,7.5,48.01,360.08
2026-04-18_U_INT_S08_EVE,2026-04-18,U_INT,S08_EVE,STF_INT_058,Registered Nurse,Licensed,Float Pool,7.5,0.0,7.5,56.46,423.45
2026-04-18_U_INT_S08_EVE,2026-04-18,U_INT,S08_EVE,STF_INT_052,Licensed Practical Nurse,Licensed,Core Staff,7.5,0.0,7.5,44.3,332.25
2026-04-18_U_INT_S08_EVE,2026-04-18,U_INT,S08_EVE,STF_INT_025,Registered Nurse,Licensed,Core Staff,7.5,0.0,7.5,51.26,384.45
2026-04-18_U_INT_S08_EVE,2026-04-18,U_INT,S08_EVE,STF_INT_051,Registered Nurse,Licensed,Core Staff,7.5,0.0,7.5,48.79,365.92
2026-04-18_U_INT_S08_EVE,2026-04-18,U_INT,S08_EVE,STF_INT_003,Registered Nurse,Licensed,Core Staff,7.5,0.0,7.5,54.4,408.0
2026-04-18_U_INT_S08_EVE,2026-04-18,U_INT,S08_EVE,STF_INT_034,Licensed Practical Nurse,Licensed,Core Staff,7.5,0.0,7.5,44.82,336.15
2026-04-18_U_INT_S08_EVE,2026-04-18,U_INT,S08_EVE,STF_INT_027,Licensed Practical Nurse,Licensed,Overtime,7.5,0.0,7.5,46.59,349.42
2026-04-18_U_INT_S08_EVE,2026-04-18,U_INT,S08_EVE,STF_INT_001,Certified Nursing Assistant,Unlicensed,Core Staff,7.5,0.0,7.5,33.41,250.58
2026-04-18_U_INT_S08_EVE,2026-04-18,U_INT,S08_EVE,STF_INT_028,Registered Nurse,Licensed,Core Staff,5.5,2.0,7.5,58.4,438.0
2026-04-18_U_INT_S08_EVE,2026-04-18,U_INT,S08_EVE,STF_INT_048,Registered Nurse,Licensed,Core Staff,7.5,0.0,7.5,54.52,408.9
2026-04-18_U_INT_S08_NIGHT,2026-04-18,U_INT,S08_NIGHT,STF_INT_028,Registered Nurse,Licensed,Core Staff,7.5,0.0,7.5,51.47,386.02
2026-04-18_U_INT_S08_NIGHT,2026-04-18,U_INT,S08_NIGHT,STF_INT_004,Registered Nurse,Licensed,Core Staff,7.5,0.0,7.5,50.08,375.6
2026-04-18_U_INT_S08_NIGHT,2026-04-18,U_INT,S08_NIGHT,STF_INT_038,Registered Nurse,Licensed,Agency/Traveler,7.5,0.0,7.5,53.82,403.65
2026-04-18_U_INT_S08_NIGHT,2026-04-18,U_INT,S08_NIGHT,STF_INT_046,Registered Nurse,Licensed,Overtime,7.5,0.0,7.5,53.69,402.67
2026-04-18_U_INT_S08_NIGHT,2026-04-18,U_INT,S08_NIGHT,STF_INT_017,Certified Nursing Assistant,Unlicensed,Core Staff,7.5,0.0,7.5,31.37,235.28
2026-04-19_U_ICU_S12_DAY,2026-04-19,U_ICU,S12_DAY,STF_ICU_033,Certified Nursing Assistant,Unlicensed,Core Staff,11.5,0.0,11.5,30.28,348.22
2026-04-19_U_ICU_S12_DAY,2026-04-19,U_ICU,S12_DAY,STF_ICU_002,Registered Nurse,Licensed,Agency/Traveler,11.5,0.0,11.5,59.56,684.94
2026-04-19_U_ICU_S12_DAY,2026-04-19,U_ICU,S12_DAY,STF_ICU_012,Registered Nurse,Licensed,Agency/Traveler,11.5,0.0,11.5,58.98,678.27
2026-04-19_U_ICU_S12_DAY,2026-04-19,U_ICU,S12_DAY,STF_ICU_032,Certified Nursing Assistant,Unlicensed,Core Staff,11.5,0.0,11.5,34.69,398.93
2026-04-19_U_ICU_S12_DAY,2026-04-19,U_ICU,S12_DAY,STF_ICU_016,Registered Nurse,Licensed,Core Staff,11.5,0.0,11.5,49.52,569.48
2026-04-19_U_ICU_S12_DAY,2026-04-19,U_ICU,S12_DAY,STF_ICU_013,Registered Nurse,Licensed,Overtime,11.5,0.0,11.5,59.47,683.9
2026-04-19_U_ICU_S12_DAY,2026-04-19,U_ICU,S12_DAY,STF_ICU_010,Registered Nurse,Licensed,Core Staff,9.5,2.0,11.5,48.83,561.54
2026-04-19_U_ICU_S12_NIGHT,2026-04-19,U_ICU,S12_NIGHT,STF_ICU_002,Registered Nurse,Licensed,Agency/Traveler,11.5,0.0,11.5,56.38,648.37
2026-04-19_U_ICU_S12_NIGHT,2026-04-19,U_ICU,S12_NIGHT,STF_ICU_024,Registered Nurse,Licensed,Core Staff,11.5,0.0,11.5,55.53,638.6
2026-04-19_U_ICU_S12_NIGHT,2026-04-19,U_ICU,S12_NIGHT,STF_ICU_006,Registered Nurse,Licensed,Core Staff,11.5,0.0,11.5,55.59,639.29
2026-04-19_U_ICU_S12_NIGHT,2026-04-19,U_ICU,S12_NIGHT,STF_ICU_001,Registered Nurse,Licensed,Core Staff,11.5,0.0,11.5,56.07,644.8
2026-04-19_U_ICU_S12_NIGHT,2026-04-19,U_ICU,S12_NIGHT,STF_ICU_014,Registered Nurse,Licensed,Core Staff,11.5,0.0,11.5,51.84,596.16
2026-04-19_U_ICU_S12_NIGHT,2026-04-19,U_ICU,S12_NIGHT,STF_ICU_019,Registered Nurse,Licensed,Core Staff,11.5,0.0,11.5,51.09,587.54
2026-04-19_U_INT_S08_DAY,2026-04-19,U_INT,S08_DAY,STF_INT_056,Registered Nurse,Licensed,Overtime,7.5,0.0,7.5,49.74,373.05
2026-04-19_U_INT_S08_DAY,2026-04-19,U_INT,S08_DAY,STF_INT_011,Certified Nursing Assistant,Unlicensed,Core Staff,7.5,0.0,7.5,32.54,244.05
2026-04-19_U_INT_S08_DAY,2026-04-19,U_INT,S08_DAY,STF_INT_038,Registered Nurse,Licensed,Core Staff,7.5,0.0,7.5,49.13,368.48
2026-04-19_U_INT_S08_DAY,2026-04-19,U_INT,S08_DAY,STF_INT_026,Registered Nurse,Licensed,Core Staff,7.5,0.0,7.5,48.88,366.6
2026-04-19_U_INT_S08_DAY,2026-04-19,U_INT,S08_DAY,STF_INT_059,Registered Nurse,Licensed,Core Staff,7.5,0.0,7.5,59.56,446.7
2026-04-19_U_INT_S08_DAY,2026-04-19,U_INT,S08_DAY,STF_INT_051,Registered Nurse,Licensed,Core Staff,7.5,0.0,7.5,57.84,433.8
2026-04-19_U_INT_S08_DAY,2026-04-19,U_INT,S08_DAY,STF_INT_046,Registered Nurse,Licensed,Overtime,7.5,0.0,7.5,54.78,410.85
2026-04-19_U_INT_S08_DAY,2026-04-19,U_INT,S08_DAY,STF_INT_019,Registered Nurse,Licensed,Core Staff,7.5,0.0,7.5,54.79,410.92
2026-04-19_U_INT_S08_EVE,2026-04-19,U_INT,S08_EVE,STF_INT_033,Registered Nurse,Licensed,Float Pool,7.5,0.0,7.5,50.14,376.05
2026-04-19_U_INT_S08_EVE,2026-04-19,U_INT,S08_EVE,STF_INT_062,Certified Nursing Assistant,Unlicensed,Core Staff,7.5,0.0,7.5,36.12,270.9
2026-04-19_U_INT_S08_EVE,2026-04-19,U_INT,S08_EVE,STF_INT_007,Registered Nurse,Licensed,Core Staff,7.5,0.0,7.5,49.23,369.22
2026-04-19_U_INT_S08_EVE,2026-04-19,U_INT,S08_EVE,STF_INT_021,Licensed Practical Nurse,Licensed,Core Staff,7.5,0.0,7.5,44.65,334.88
2026-04-19_U_INT_S08_EVE,2026-04-19,U_INT,S08_EVE,STF_INT_005,Certified Nursing Assistant,Unlicensed,Core Staff,7.5,0.0,7.5,34.38,257.85
2026-04-19_U_INT_S08_EVE,2026-04-19,U_INT,S08_EVE,STF_INT_048,Registered Nurse,Licensed,Core Staff,7.5,0.0,7.5,49.46,370.95
2026-04-19_U_INT_S08_EVE,2026-04-19,U_INT,S08_EVE,STF_INT_020,Certified Nursing Assistant,Unlicensed,Core Staff,7.5,0.0,7.5,35.96,269.7
2026-04-19_U_INT_S08_EVE,2026-04-19,U_INT,S08_EVE,STF_INT_044,Certified Nursing Assistant,Unlicensed,Core Staff,7.5,0.0,7.5,34.69,260.17
2026-04-19_U_INT_S08_NIGHT,2026-04-19,U_INT,S08_NIGHT,STF_INT_001,Certified Nursing Assistant,Unlicensed,Core Staff,7.5,0.0,7.5,33.92,254.4
2026-04-19_U_INT_S08_NIGHT,2026-04-19,U_INT,S08_NIGHT,STF_INT_029,Licensed Practical Nurse,Licensed,Core Staff,7.5,0.0,7.5,41.7,312.75
2026-04-19_U_INT_S08_NIGHT,2026-04-19,U_INT,S08_NIGHT,STF_INT_033,Registered Nurse,Licensed,Float Pool,7.5,0.0,7.5,54.27,407.02
2026-04-19_U_INT_S08_NIGHT,2026-04-19,U_INT,S08_NIGHT,STF_INT_017,Certified Nursing Assistant,Unlicensed,Core Staff,7.5,0.0,7.5,30.27,227.02
2026-04-19_U_INT_S08_NIGHT,2026-04-19,U_INT,S08_NIGHT,STF_INT_028,Registered Nurse,Licensed,Core Staff,7.5,0.0,7.5,58.7,440.25
2026-04-19_U_INT_S08_NIGHT,2026-04-19,U_INT,S08_NIGHT,STF_INT_050,Registered Nurse,Licensed,Float Pool,7.5,0.0,7.5,52.37,392.78
2026-04-20_U_ICU_S12_DAY,2026-04-20,U_ICU,S12_DAY,STF_ICU_006,Registered Nurse,Licensed,Core Staff,11.5,0.0,11.5,50.13,576.5
2026-04-20_U_ICU_S12_DAY,2026-04-20,U_ICU,S12_DAY,STF_ICU_027,Registered Nurse,Licensed,Core Staff,11.5,0.0,11.5,52.41,602.71
2026-04-20_U_ICU_S12_DAY,2026-04-20,U_ICU,S12_DAY,STF_ICU_022,Registered Nurse,Licensed,Core Staff,11.5,0.0,11.5,55.95,643.43
2026-04-20_U_ICU_S12_DAY,2026-04-20,U_ICU,S12_DAY,STF_ICU_025,Registered Nurse,Licensed,Agency/Traveler,11.5,0.0,11.5,52.73,606.4
2026-04-20_U_ICU_S12_DAY,2026-04-20,U_ICU,S12_DAY,STF_ICU_030,Registered Nurse,Licensed,Core Staff,11.5,0.0,11.5,54.43,625.95
2026-04-20_U_ICU_S12_DAY,2026-04-20,U_ICU,S12_DAY,STF_ICU_034,Certified Nursing Assistant,Unlicensed,Agency/Traveler,11.5,0.0,11.5,32.89,378.24
2026-04-20_U_ICU_S12_NIGHT,2026-04-20,U_ICU,S12_NIGHT,STF_ICU_009,Registered Nurse,Licensed,Core Staff,11.5,0.0,11.5,58.91,677.46
2026-04-20_U_ICU_S12_NIGHT,2026-04-20,U_ICU,S12_NIGHT,STF_ICU_008,Registered Nurse,Licensed,Float Pool,11.5,0.0,11.5,48.03,552.34
2026-04-20_U_ICU_S12_NIGHT,2026-04-20,U_ICU,S12_NIGHT,STF_ICU_033,Certified Nursing Assistant,Unlicensed,Core Staff,11.5,0.0,11.5,32.18,370.07
2026-04-20_U_ICU_S12_NIGHT,2026-04-20,U_ICU,S12_NIGHT,STF_ICU_025,Registered Nurse,Licensed,Core Staff,11.5,0.0,11.5,55.84,642.16
2026-04-20_U_ICU_S12_NIGHT,2026-04-20,U_ICU,S12_NIGHT,STF_ICU_010,Registered Nurse,Licensed,Core Staff,9.5,2.0,11.5,48.27,555.1
2026-04-20_U_ICU_S12_NIGHT,2026-04-20,U_ICU,S12_NIGHT,STF_ICU_035,Certified Nursing Assistant,Unlicensed,Agency/Traveler,11.5,0.0,11.5,33.94,390.31
2026-04-20_U_ICU_S12_NIGHT,2026-04-20,U_ICU,S12_NIGHT,STF_ICU_017,Registered Nurse,Licensed,Core Staff,11.5,0.0,11.5,57.41,660.21
2026-04-20_U_INT_S08_DAY,2026-04-20,U_INT,S08_DAY,STF_INT_063,Licensed Practical Nurse,Licensed,Core Staff,7.5,0.0,7.5,43.4,325.5
2026-04-20_U_INT_S08_DAY,2026-04-20,U_INT,S08_DAY,STF_INT_064,Licensed Practical Nurse,Licensed,Core Staff,7.5,0.0,7.5,46.73,350.48
2026-04-20_U_INT_S08_DAY,2026-04-20,U_INT,S08_DAY,STF_INT_013,Registered Nurse,Licensed,Core Staff,7.5,0.0,7.5,48.67,365.02
2026-04-20_U_INT_S08_DAY,2026-04-20,U_INT,S08_DAY,STF_INT_018,Certified Nursing Assistant,Unlicensed,Core Staff,7.5,0.0,7.5,31.54,236.55
2026-04-20_U_INT_S08_DAY,2026-04-20,U_INT,S08_DAY,STF_INT_036,Registered Nurse,Licensed,Core Staff,7.5,0.0,7.5,53.84,403.8
2026-04-20_U_INT_S08_DAY,2026-04-20,U_INT,S08_DAY,STF_INT_011,Certified Nursing Assistant,Unlicensed,Core Staff,7.5,0.0,7.5,30.99,232.42
2026-04-20_U_INT_S08_DAY,2026-04-20,U_INT,S08_DAY,STF_INT_046,Registered Nurse,Licensed,Overtime,5.5,2.0,7.5,48.37,362.78
2026-04-20_U_INT_S08_DAY,2026-04-20,U_INT,S08_DAY,STF_INT_010,Certified Nursing Assistant,Unlicensed,Core Staff,7.5,0.0,7.5,33.86,253.95
2026-04-20_U_INT_S08_DAY,2026-04-20,U_INT,S08_DAY,STF_INT_008,Registered Nurse,Licensed,Float Pool,7.5,0.0,7.5,58.41,438.08
2026-04-20_U_INT_S08_DAY,2026-04-20,U_INT,S08_DAY,STF_INT_004,Registered Nurse,Licensed,Core Staff,7.5,0.0,7.5,57.33,429.98
2026-04-20_U_INT_S08_DAY,2026-04-20,U_INT,S08_DAY,STF_INT_029,Licensed Practical Nurse,Licensed,Core Staff,7.5,0.0,7.5,41.6,312.0
2026-04-20_U_INT_S08_DAY,2026-04-20,U_INT,S08_DAY,STF_INT_022,Registered Nurse,Licensed,Core Staff,7.5,0.0,7.5,50.51,378.82
2026-04-20_U_INT_S08_EVE,2026-04-20,U_INT,S08_EVE,STF_INT_039,Registered Nurse,Licensed,Float Pool,7.5,0.0,7.5,59.16,443.7
2026-04-20_U_INT_S08_EVE,2026-04-20,U_INT,S08_EVE,STF_INT_038,Registered Nurse,Licensed,Core Staff,7.5,0.0,7.5,59.58,446.85
2026-04-20_U_INT_S08_EVE,2026-04-20,U_INT,S08_EVE,STF_INT_064,Licensed Practical Nurse,Licensed,Core Staff,7.5,0.0,7.5,41.79,313.42
2026-04-20_U_INT_S08_EVE,2026-04-20,U_INT,S08_EVE,STF_INT_044,Certified Nursing Assistant,Unlicensed,Core Staff,7.5,0.0,7.5,31.44,235.8
2026-04-20_U_INT_S08_EVE,2026-04-20,U_INT,S08_EVE,STF_INT_005,Certified Nursing Assistant,Unlicensed,Core Staff,7.5,0.0,7.5,34.22,256.65
2026-04-20_U_INT_S08_EVE,2026-04-20,U_INT,S08_EVE,STF_INT_022,Registered Nurse,Licensed,Core Staff,7.5,0.0,7.5,59.1,443.25
2026-04-20_U_INT_S08_EVE,2026-04-20,U_INT,S08_EVE,STF_INT_035,Registered Nurse,Licensed,Float Pool,7.5,0.0,7.5,52.13,390.98
2026-04-20_U_INT_S08_EVE,2026-04-20,U_INT,S08_EVE,STF_INT_061,Registered Nurse,Licensed,Core Staff,7.5,0.0,7.5,53.84,403.8
2026-04-20_U_INT_S08_NIGHT,2026-04-20,U_INT,S08_NIGHT,STF_INT_016,Registered Nurse,Licensed,Float Pool,7.5,0.0,7.5,56.75,425.62
2026-04-20_U_INT_S08_NIGHT,2026-04-20,U_INT,S08_NIGHT,STF_INT_060,Registered Nurse,Licensed,Agency/Traveler,7.5,0.0,7.5,54.04,405.3
2026-04-20_U_INT_S08_NIGHT,2026-04-20,U_INT,S08_NIGHT,STF_INT_027,Licensed Practical Nurse,Licensed,Overtime,7.5,0.0,7.5,42.81,321.08
2026-04-20_U_INT_S08_NIGHT,2026-04-20,U_INT,S08_NIGHT,STF_INT_049,Registered Nurse,Licensed,Core Staff,7.5,0.0,7.5,53.91,404.32
2026-04-20_U_INT_S08_NIGHT,2026-04-20,U_INT,S08_NIGHT,STF_INT_006,Licensed Practical Nurse,Licensed,Core Staff,7.5,0.0,7.5,44.66,334.95
2026-04-20_U_INT_S08_NIGHT,2026-04-20,U_INT,S08_NIGHT,STF_INT_048,Registered Nurse,Licensed,Core Staff,7.5,0.0,7.5,54.13,405.98
2026-04-21_U_ICU_S12_DAY,2026-04-21,U_ICU,S12_DAY,STF_ICU_006,Registered Nurse,Licensed,Overtime,11.5,0.0,11.5,55.38,636.87
2026-04-21_U_ICU_S12_DAY,2026-04-21,U_ICU,S12_DAY,STF_ICU_027,Registered Nurse,Licensed,Core Staff,11.5,0.0,11.5,55.93,643.2
2026-04-21_U_ICU_S12_DAY,2026-04-21,U_ICU,S12_DAY,STF_ICU_021,Registered Nurse,Licensed,Core Staff,11.5,0.0,11.5,50.75,583.62
2026-04-21_U_ICU_S12_DAY,2026-04-21,U_ICU,S12_DAY,STF_ICU_030,Registered Nurse,Licensed,Core Staff,11.5,0.0,11.5,56.72,652.28
2026-04-21_U_ICU_S12_DAY,2026-04-21,U_ICU,S12_DAY,STF_ICU_028,Registered Nurse,Licensed,Core Staff,11.5,0.0,11.5,48.62,559.13
2026-04-21_U_ICU_S12_DAY,2026-04-21,U_ICU,S12_DAY,STF_ICU_020,Registered Nurse,Licensed,Agency/Traveler,11.5,0.0,11.5,55.16,634.34
2026-04-21_U_ICU_S12_NIGHT,2026-04-21,U_ICU,S12_NIGHT,STF_ICU_035,Certified Nursing Assistant,Unlicensed,Agency/Traveler,11.5,0.0,11.5,32.22,370.53
2026-04-21_U_ICU_S12_NIGHT,2026-04-21,U_ICU,S12_NIGHT,STF_ICU_009,Registered Nurse,Licensed,Core Staff,11.5,0.0,11.5,55.01,632.62
2026-04-21_U_ICU_S12_NIGHT,2026-04-21,U_ICU,S12_NIGHT,STF_ICU_013,Registered Nurse,Licensed,Overtime,11.5,0.0,11.5,50.89,585.24
2026-04-21_U_ICU_S12_NIGHT,2026-04-21,U_ICU,S12_NIGHT,STF_ICU_030,Registered Nurse,Licensed,Core Staff,11.5,0.0,11.5,54.28,624.22
2026-04-21_U_ICU_S12_NIGHT,2026-04-21,U_ICU,S12_NIGHT,STF_ICU_023,Registered Nurse,Licensed,Core Staff,11.5,0.0,11.5,49.43,568.45
2026-04-21_U_ICU_S12_NIGHT,2026-04-21,U_ICU,S12_NIGHT,STF_ICU_010,Registered Nurse,Licensed,Core Staff,11.5,0.0,11.5,48.42,556.83
2026-04-21_U_ICU_S12_NIGHT,2026-04-21,U_ICU,S12_NIGHT,STF_ICU_021,Registered Nurse,Licensed,Core Staff,11.5,0.0,11.5,56.56,650.44
2026-04-21_U_ICU_S12_NIGHT,2026-04-21,U_ICU,S12_NIGHT,STF_ICU_012,Registered Nurse,Licensed,Agency/Traveler,11.5,0.0,11.5,52.04,598.46
2026-04-21_U_ICU_S12_NIGHT,2026-04-21,U_ICU,S12_NIGHT,STF_ICU_032,Certified Nursing Assistant,Unlicensed,Core Staff,11.5,0.0,11.5,34.8,400.2
2026-04-21_U_ICU_S12_NIGHT,2026-04-21,U_ICU,S12_NIGHT,STF_ICU_017,Registered Nurse,Licensed,Core Staff,11.5,0.0,11.5,56.34,647.91
2026-04-21_U_INT_S08_DAY,2026-04-21,U_INT,S08_DAY,STF_INT_035,Registered Nurse,Licensed,Float Pool,7.5,0.0,7.5,54.86,411.45
2026-04-21_U_INT_S08_DAY,2026-04-21,U_INT,S08_DAY,STF_INT_062,Certified Nursing Assistant,Unlicensed,Float Pool,7.5,0.0,7.5,35.98,269.85
2026-04-21_U_INT_S08_DAY,2026-04-21,U_INT,S08_DAY,STF_INT_002,Registered Nurse,Licensed,Core Staff,7.5,0.0,7.5,51.06,382.95
2026-04-21_U_INT_S08_DAY,2026-04-21,U_INT,S08_DAY,STF_INT_019,Registered Nurse,Licensed,Core Staff,7.5,0.0,7.5,49.9,374.25
2026-04-21_U_INT_S08_DAY,2026-04-21,U_INT,S08_DAY,STF_INT_030,Licensed Practical Nurse,Licensed,Core Staff,7.5,0.0,7.5,40.99,307.42
2026-04-21_U_INT_S08_DAY,2026-04-21,U_INT,S08_DAY,STF_INT_016,Registered Nurse,Licensed,Core Staff,7.5,0.0,7.5,59.42,445.65
2026-04-21_U_INT_S08_DAY,2026-04-21,U_INT,S08_DAY,STF_INT_043,Registered Nurse,Licensed,Overtime,7.5,0.0,7.5,59.42,445.65
2026-04-21_U_INT_S08_DAY,2026-04-21,U_INT,S08_DAY,STF_INT_039,Registered Nurse,Licensed,Float Pool,7.5,0.0,7.5,48.71,365.32
2026-04-21_U_INT_S08_DAY,2026-04-21,U_INT,S08_DAY,STF_INT_040,Certified Nursing Assistant,Unlicensed,Core Staff,7.5,0.0,7.5,31.22,234.15
2026-04-21_U_INT_S08_EVE,2026-04-21,U_INT,S08_EVE,STF_INT_062,Certified Nursing Assistant,Unlicensed,Agency/Traveler,7.5,0.0,7.5,33.86,253.95
2026-04-21_U_INT_S08_EVE,2026-04-21,U_INT,S08_EVE,STF_INT_026,Registered Nurse,Licensed,Overtime,7.5,0.0,7.5,55.72,417.9
2026-04-21_U_INT_S08_EVE,2026-04-21,U_INT,S08_EVE,STF_INT_031,Registered Nurse,Licensed,Overtime,7.5,0.0,7.5,51.82,388.65
2026-04-21_U_INT_S08_EVE,2026-04-21,U_INT,S08_EVE,STF_INT_047,Certified Nursing Assistant,Unlicensed,Core Staff,7.5,0.0,7.5,33.62,252.15
2026-04-21_U_INT_S08_EVE,2026-04-21,U_INT,S08_EVE,STF_INT_017,Certified Nursing Assistant,Unlicensed,Overtime,7.5,0.0,7.5,33.32,249.9
2026-04-21_U_INT_S08_EVE,2026-04-21,U_INT,S08_EVE,STF_INT_046,Registered Nurse,Licensed,Overtime,7.5,0.0,7.5,57.01,427.58
2026-04-21_U_INT_S08_EVE,2026-04-21,U_INT,S08_EVE,STF_INT_019,Registered Nurse,Licensed,Core Staff,7.5,0.0,7.5,56.34,422.55
2026-04-21_U_INT_S08_NIGHT,2026-04-21,U_INT,S08_NIGHT,STF_INT_007,Registered Nurse,Licensed,Core Staff,7.5,0.0,7.5,50.59,379.42
2026-04-21_U_INT_S08_NIGHT,2026-04-21,U_INT,S08_NIGHT,STF_INT_010,Certified Nursing Assistant,Unlicensed,Core Staff,7.5,0.0,7.5,31.16,233.7
2026-04-21_U_INT_S08_NIGHT,2026-04-21,U_INT,S08_NIGHT,STF_INT_026,Registered Nurse,Licensed,Core Staff,7.5,0.0,7.5,59.37,445.28
2026-04-21_U_INT_S08_NIGHT,2026-04-21,U_INT,S08_NIGHT,STF_INT_034,Licensed Practical Nurse,Licensed,Core Staff,7.5,0.0,7.5,45.56,341.7
2026-04-21_U_INT_S08_NIGHT,2026-04-21,U_INT,S08_NIGHT,STF_INT_055,Registered Nurse,Licensed,Core Staff,7.5,0.0,7.5,56.8,426.0
2026-04-21_U_INT_S08_NIGHT,2026-04-21,U_INT,S08_NIGHT,STF_INT_028,Registered Nurse,Licensed,Core Staff,5.5,2.0,7.5,57.38,430.35
2026-04-21_U_INT_S08_NIGHT,2026-04-21,U_INT,S08_NIGHT,STF_INT_043,Registered Nurse,Licensed,Overtime,7.5,0.0,7.5,59.04,442.8
2026-04-21_U_INT_S08_NIGHT,2026-04-21,U_INT,S08_NIGHT,STF_INT_062,Certified Nursing Assistant,Unlicensed,Core Staff,7.5,0.0,7.5,34.97,262.27
2026-04-22_U_ICU_S12_DAY,2026-04-22,U_ICU,S12_DAY,STF_ICU_023,Registered Nurse,Licensed,Core Staff,11.5,0.0,11.5,56.21,646.42
2026-04-22_U_ICU_S12_DAY,2026-04-22,U_ICU,S12_DAY,STF_ICU_017,Registered Nurse,Licensed,Core Staff,11.5,0.0,11.5,52.11,599.26
2026-04-22_U_ICU_S12_DAY,2026-04-22,U_ICU,S12_DAY,STF_ICU_035,Certified Nursing Assistant,Unlicensed,Agency/Traveler,11.5,0.0,11.5,32.79,377.08
2026-04-22_U_ICU_S12_DAY,2026-04-22,U_ICU,S12_DAY,STF_ICU_007,Registered Nurse,Licensed,Core Staff,11.5,0.0,11.5,53.46,614.79
2026-04-22_U_ICU_S12_DAY,2026-04-22,U_ICU,S12_DAY,STF_ICU_011,Registered Nurse,Licensed,Core Staff,11.5,0.0,11.5,48.97,563.16
2026-04-22_U_ICU_S12_DAY,2026-04-22,U_ICU,S12_DAY,STF_ICU_021,Registered Nurse,Licensed,Core Staff,11.5,0.0,11.5,54.62,628.13
2026-04-22_U_ICU_S12_DAY,2026-04-22,U_ICU,S12_DAY,STF_ICU_015,Registered Nurse,Licensed,Core Staff,11.5,0.0,11.5,59.53,684.6
2026-04-22_U_ICU_S12_DAY,2026-04-22,U_ICU,S12_DAY,STF_ICU_025,Registered Nurse,Licensed,Core Staff,11.5,0.0,11.5,56.14,645.61
2026-04-22_U_ICU_S12_NIGHT,2026-04-22,U_ICU,S12_NIGHT,STF_ICU_001,Registered Nurse,Licensed,Core Staff,11.5,0.0,11.5,53.7,617.55
2026-04-22_U_ICU_S12_NIGHT,2026-04-22,U_ICU,S12_NIGHT,STF_ICU_002,Registered Nurse,Licensed,Agency/Traveler,11.5,0.0,11.5,52.54,604.21
2026-04-22_U_ICU_S12_NIGHT,2026-04-22,U_ICU,S12_NIGHT,STF_ICU_031,Certified Nursing Assistant,Unlicensed,Core Staff,11.5,0.0,11.5,30.48,350.52
2026-04-22_U_ICU_S12_NIGHT,2026-04-22,U_ICU,S12_NIGHT,STF_ICU_006,Registered Nurse,Licensed,Agency/Traveler,9.5,2.0,11.5,51.34,590.41
2026-04-22_U_ICU_S12_NIGHT,2026-04-22,U_ICU,S12_NIGHT,STF_ICU_009,Registered Nurse,Licensed,Core Staff,11.5,0.0,11.5,50.23,577.64
2026-04-22_U_ICU_S12_NIGHT,2026-04-22,U_ICU,S12_NIGHT,STF_ICU_033,Certified Nursing Assistant,Unlicensed,Core Staff,11.5,0.0,11.5,31.9,366.85
2026-04-22_U_INT_S08_DAY,2026-04-22,U_INT,S08_DAY,STF_INT_053,Certified Nursing Assistant,Unlicensed,Agency/Traveler,7.5,0.0,7.5,35.11,263.32
2026-04-22_U_INT_S08_DAY,2026-04-22,U_INT,S08_DAY,STF_INT_003,Registered Nurse,Licensed,Core Staff,7.5,0.0,7.5,58.67,440.02
2026-04-22_U_INT_S08_DAY,2026-04-22,U_INT,S08_DAY,STF_INT_030,Licensed Practical Nurse,Licensed,Core Staff,7.5,0.0,7.5,39.52,296.4
2026-04-22_U_INT_S08_DAY,2026-04-22,U_INT,S08_DAY,STF_INT_043,Registered Nurse,Licensed,Overtime,7.5,0.0,7.5,55.65,417.38
2026-04-22_U_INT_S08_DAY,2026-04-22,U_INT,S08_DAY,STF_INT_055,Registered Nurse,Licensed,Core Staff,7.5,0.0,7.5,52.11,390.82
2026-04-22_U_INT_S08_DAY,2026-04-22,U_INT,S08_DAY,STF_INT_008,Registered Nurse,Licensed,Agency/Traveler,7.5,0.0,7.5,59.15,443.62
2026-04-22_U_INT_S08_DAY,2026-04-22,U_INT,S08_DAY,STF_INT_031,Registered Nurse,Licensed,Core Staff,7.5,0.0,7.5,56.7,425.25
2026-04-22_U_INT_S08_DAY,2026-04-22,U_INT,S08_DAY,STF_INT_058,Registered Nurse,Licensed,Float Pool,7.5,0.0,7.5,52.7,395.25
2026-04-22_U_INT_S08_DAY,2026-04-22,U_INT,S08_DAY,STF_INT_004,Registered Nurse,Licensed,Core Staff,5.5,2.0,7.5,54.39,407.92
2026-04-22_U_INT_S08_EVE,2026-04-22,U_INT,S08_EVE,STF_INT_044,Certified Nursing Assistant,Unlicensed,Core Staff,7.5,0.0,7.5,36.5,273.75
2026-04-22_U_INT_S08_EVE,2026-04-22,U_INT,S08_EVE,STF_INT_043,Registered Nurse,Licensed,Overtime,7.5,0.0,7.5,54.19,406.42
2026-04-22_U_INT_S08_EVE,2026-04-22,U_INT,S08_EVE,STF_INT_045,Registered Nurse,Licensed,Core Staff,7.5,0.0,7.5,55.43,415.72
2026-04-22_U_INT_S08_EVE,2026-04-22,U_INT,S08_EVE,STF_INT_023,Registered Nurse,Licensed,Overtime,7.5,0.0,7.5,56.65,424.88
2026-04-22_U_INT_S08_EVE,2026-04-22,U_INT,S08_EVE,STF_INT_052,Licensed Practical Nurse,Licensed,Core Staff,7.5,0.0,7.5,46.36,347.7
2026-04-22_U_INT_S08_EVE,2026-04-22,U_INT,S08_EVE,STF_INT_058,Registered Nurse,Licensed,Float Pool,7.5,0.0,7.5,49.74,373.05
2026-04-22_U_INT_S08_EVE,2026-04-22,U_INT,S08_EVE,STF_INT_024,Licensed Practical Nurse,Licensed,Core Staff,7.5,0.0,7.5,40.85,306.38
2026-04-22_U_INT_S08_NIGHT,2026-04-22,U_INT,S08_NIGHT,STF_INT_041,Certified Nursing Assistant,Unlicensed,Overtime,7.5,0.0,7.5,35.88,269.1
2026-04-22_U_INT_S08_NIGHT,2026-04-22,U_INT,S08_NIGHT,STF_INT_012,Registered Nurse,Licensed,Core Staff,7.5,0.0,7.5,55.15,413.62
2026-04-22_U_INT_S08_NIGHT,2026-04-22,U_INT,S08_NIGHT,STF_INT_051,Registered Nurse,Licensed,Core Staff,7.5,0.0,7.5,59.86,448.95
2026-04-22_U_INT_S08_NIGHT,2026-04-22,U_INT,S08_NIGHT,STF_INT_037,Certified Nursing Assistant,Unlicensed,Core Staff,7.5,0.0,7.5,35.26,264.45
2026-04-22_U_INT_S08_NIGHT,2026-04-22,U_INT,S08_NIGHT,STF_INT_045,Registered Nurse,Licensed,Core Staff,7.5,0.0,7.5,56.71,425.32
2026-04-22_U_INT_S08_NIGHT,2026-04-22,U_INT,S08_NIGHT,STF_INT_062,Certified Nursing Assistant,Unlicensed,Core Staff,7.5,0.0,7.5,35.61,267.08
2026-04-22_U_INT_S08_NIGHT,2026-04-22,U_INT,S08_NIGHT,STF_INT_063,Licensed Practical Nurse,Licensed,Core Staff,7.5,0.0,7.5,39.87,299.02
2026-04-23_U_ICU_S12_DAY,2026-04-23,U_ICU,S12_DAY,STF_ICU_030,Registered Nurse,Licensed,Core Staff,11.5,0.0,11.5,48.2,554.3
2026-04-23_U_ICU_S12_DAY,2026-04-23,U_ICU,S12_DAY,STF_ICU_013,Registered Nurse,Licensed,Overtime,11.5,0.0,11.5,48.61,559.02
2026-04-23_U_ICU_S12_DAY,2026-04-23,U_ICU,S12_DAY,STF_ICU_028,Registered Nurse,Licensed,Core Staff,9.5,2.0,11.5,51.62,593.63
2026-04-23_U_ICU_S12_DAY,2026-04-23,U_ICU,S12_DAY,STF_ICU_035,Certified Nursing Assistant,Unlicensed,Agency/Traveler,11.5,0.0,11.5,31.41,361.22
2026-04-23_U_ICU_S12_DAY,2026-04-23,U_ICU,S12_DAY,STF_ICU_017,Registered Nurse,Licensed,Agency/Traveler,11.5,0.0,11.5,53.75,618.12
2026-04-23_U_ICU_S12_DAY,2026-04-23,U_ICU,S12_DAY,STF_ICU_018,Registered Nurse,Licensed,Core Staff,11.5,0.0,11.5,54.2,623.3
2026-04-23_U_ICU_S12_DAY,2026-04-23,U_ICU,S12_DAY,STF_ICU_001,Registered Nurse,Licensed,Core Staff,11.5,0.0,11.5,53.68,617.32
2026-04-23_U_ICU_S12_DAY,2026-04-23,U_ICU,S12_DAY,STF_ICU_024,Registered Nurse,Licensed,Core Staff,11.5,0.0,11.5,53.67,617.21
2026-04-23_U_ICU_S12_NIGHT,2026-04-23,U_ICU,S12_NIGHT,STF_ICU_006,Registered Nurse,Licensed,Core Staff,11.5,0.0,11.5,52.82,607.43
2026-04-23_U_ICU_S12_NIGHT,2026-04-23,U_ICU,S12_NIGHT,STF_ICU_001,Registered Nurse,Licensed,Core Staff,11.5,0.0,11.5,48.27,555.1
2026-04-23_U_ICU_S12_NIGHT,2026-04-23,U_ICU,S12_NIGHT,STF_ICU_022,Registered Nurse,Licensed,Core Staff,11.5,0.0,11.5,50.78,583.97
2026-04-23_U_ICU_S12_NIGHT,2026-04-23,U_ICU,S12_NIGHT,STF_ICU_035,Certified Nursing Assistant,Unlicensed,Agency/Traveler,11.5,0.0,11.5,35.22,405.03
2026-04-23_U_ICU_S12_NIGHT,2026-04-23,U_ICU,S12_NIGHT,STF_ICU_018,Registered Nurse,Licensed,Agency/Traveler,11.5,0.0,11.5,56.46,649.29
2026-04-23_U_ICU_S12_NIGHT,2026-04-23,U_ICU,S12_NIGHT,STF_ICU_014,Registered Nurse,Licensed,Float Pool,11.5,0.0,11.5,49.22,566.03
2026-04-23_U_INT_S08_DAY,2026-04-23,U_INT,S08_DAY,STF_INT_062,Certified Nursing Assistant,Unlicensed,Core Staff,7.5,0.0,7.5,33.31,249.82
2026-04-23_U_INT_S08_DAY,2026-04-23,U_INT,S08_DAY,STF_INT_031,Registered Nurse,Licensed,Core Staff,7.5,0.0,7.5,57.61,432.08
2026-04-23_U_INT_S08_DAY,2026-04-23,U_INT,S08_DAY,STF_INT_003,Registered Nurse,Licensed,Core Staff,7.5,0.0,7.5,57.35,430.12
2026-04-23_U_INT_S08_DAY,2026-04-23,U_INT,S08_DAY,STF_INT_058,Registered Nurse,Licensed,Float Pool,7.5,0.0,7.5,58.99,442.42
2026-04-23_U_INT_S08_DAY,2026-04-23,U_INT,S08_DAY,STF_INT_019,Registered Nurse,Licensed,Core Staff,7.5,0.0,7.5,56.94,427.05
2026-04-23_U_INT_S08_DAY,2026-04-23,U_INT,S08_DAY,STF_INT_032,Registered Nurse,Licensed,Core Staff,7.5,0.0,7.5,55.72,417.9
2026-04-23_U_INT_S08_DAY,2026-04-23,U_INT,S08_DAY,STF_INT_054,Registered Nurse,Licensed,Core Staff,7.5,0.0,7.5,57.19,428.92
2026-04-23_U_INT_S08_DAY,2026-04-23,U_INT,S08_DAY,STF_INT_027,Licensed Practical Nurse,Licensed,Overtime,7.5,0.0,7.5,46.81,351.08
2026-04-23_U_INT_S08_DAY,2026-04-23,U_INT,S08_DAY,STF_INT_040,Certified Nursing Assistant,Unlicensed,Core Staff,7.5,0.0,7.5,35.52,266.4
2026-04-23_U_INT_S08_EVE,2026-04-23,U_INT,S08_EVE,STF_INT_061,Registered Nurse,Licensed,Core Staff,7.5,0.0,7.5,48.19,361.42
2026-04-23_U_INT_S08_EVE,2026-04-23,U_INT,S08_EVE,STF_INT_027,Licensed Practical Nurse,Licensed,Overtime,7.5,0.0,7.5,38.02,285.15
2026-04-23_U_INT_S08_EVE,2026-04-23,U_INT,S08_EVE,STF_INT_046,Registered Nurse,Licensed,Overtime,7.5,0.0,7.5,49.32,369.9
2026-04-23_U_INT_S08_EVE,2026-04-23,U_INT,S08_EVE,STF_INT_059,Registered Nurse,Licensed,Core Staff,7.5,0.0,7.5,49.37,370.28
2026-04-23_U_INT_S08_EVE,2026-04-23,U_INT,S08_EVE,STF_INT_031,Registered Nurse,Licensed,Core Staff,7.5,0.0,7.5,52.27,392.02
2026-04-23_U_INT_S08_EVE,2026-04-23,U_INT,S08_EVE,STF_INT_032,Registered Nurse,Licensed,Float Pool,7.5,0.0,7.5,51.52,386.4
2026-04-23_U_INT_S08_EVE,2026-04-23,U_INT,S08_EVE,STF_INT_040,Certified Nursing Assistant,Unlicensed,Core Staff,7.5,0.0,7.5,34.7,260.25
2026-04-23_U_INT_S08_NIGHT,2026-04-23,U_INT,S08_NIGHT,STF_INT_044,Certified Nursing Assistant,Unlicensed,Core Staff,7.5,0.0,7.5,30.03,225.23
2026-04-23_U_INT_S08_NIGHT,2026-04-23,U_INT,S08_NIGHT,STF_INT_030,Licensed Practical Nurse,Licensed,Core Staff,7.5,0.0,7.5,42.23,316.72
2026-04-23_U_INT_S08_NIGHT,2026-04-23,U_INT,S08_NIGHT,STF_INT_005,Certified Nursing Assistant,Unlicensed,Core Staff,7.5,0.0,7.5,34.14,256.05
2026-04-23_U_INT_S08_NIGHT,2026-04-23,U_INT,S08_NIGHT,STF_INT_052,Licensed Practical Nurse,Licensed,Core Staff,7.5,0.0,7.5,40.78,305.85
2026-04-23_U_INT_S08_NIGHT,2026-04-23,U_INT,S08_NIGHT,STF_INT_034,Licensed Practical Nurse,Licensed,Core Staff,7.5,0.0,7.5,41.72,312.9
2026-04-23_U_INT_S08_NIGHT,2026-04-23,U_INT,S08_NIGHT,STF_INT_045,Registered Nurse,Licensed,Core Staff,7.5,0.0,7.5,56.99,427.42
2026-04-23_U_INT_S08_NIGHT,2026-04-23,U_INT,S08_NIGHT,STF_INT_003,Registered Nurse,Licensed,Core Staff,5.5,2.0,7.5,57.9,434.25
2026-04-24_U_ICU_S12_DAY,2026-04-24,U_ICU,S12_DAY,STF_ICU_025,Registered Nurse,Licensed,Core Staff,11.5,0.0,11.5,48.22,554.53
2026-04-24_U_ICU_S12_DAY,2026-04-24,U_ICU,S12_DAY,STF_ICU_006,Registered Nurse,Licensed,Core Staff,11.5,0.0,11.5,50.72,583.28
2026-04-24_U_ICU_S12_DAY,2026-04-24,U_ICU,S12_DAY,STF_ICU_032,Certified Nursing Assistant,Unlicensed,Agency/Traveler,11.5,0.0,11.5,31.59,363.28
2026-04-24_U_ICU_S12_DAY,2026-04-24,U_ICU,S12_DAY,STF_ICU_012,Registered Nurse,Licensed,Agency/Traveler,11.5,0.0,11.5,49.06,564.19
2026-04-24_U_ICU_S12_DAY,2026-04-24,U_ICU,S12_DAY,STF_ICU_029,Registered Nurse,Licensed,Core Staff,11.5,0.0,11.5,53.43,614.45
2026-04-24_U_ICU_S12_DAY,2026-04-24,U_ICU,S12_DAY,STF_ICU_013,Registered Nurse,Licensed,Overtime,11.5,0.0,11.5,54.32,624.68
2026-04-24_U_ICU_S12_DAY,2026-04-24,U_ICU,S12_DAY,STF_ICU_022,Registered Nurse,Licensed,Core Staff,11.5,0.0,11.5,49.7,571.55
2026-04-24_U_ICU_S12_DAY,2026-04-24,U_ICU,S12_DAY,STF_ICU_030,Registered Nurse,Licensed,Core Staff,11.5,0.0,11.5,53.16,611.34
2026-04-24_U_ICU_S12_NIGHT,2026-04-24,U_ICU,S12_NIGHT,STF_ICU_030,Registered Nurse,Licensed,Core Staff,11.5,0.0,11.5,55.89,642.74
2026-04-24_U_ICU_S12_NIGHT,2026-04-24,U_ICU,S12_NIGHT,STF_ICU_015,Registered Nurse,Licensed,Core Staff,11.5,0.0,11.5,56.95,654.93
2026-04-24_U_ICU_S12_NIGHT,2026-04-24,U_ICU,S12_NIGHT,STF_ICU_019,Registered Nurse,Licensed,Core Staff,11.5,0.0,11.5,49.62,570.63
2026-04-24_U_ICU_S12_NIGHT,2026-04-24,U_ICU,S12_NIGHT,STF_ICU_017,Registered Nurse,Licensed,Agency/Traveler,11.5,0.0,11.5,52.27,601.1
2026-04-24_U_ICU_S12_NIGHT,2026-04-24,U_ICU,S12_NIGHT,STF_ICU_024,Registered Nurse,Licensed,Core Staff,11.5,0.0,11.5,57.45,660.68
2026-04-24_U_ICU_S12_NIGHT,2026-04-24,U_ICU,S12_NIGHT,STF_ICU_029,Registered Nurse,Licensed,Overtime,11.5,0.0,11.5,52.43,602.95
2026-04-24_U_INT_S08_DAY,2026-04-24,U_INT,S08_DAY,STF_INT_040,Certified Nursing Assistant,Unlicensed,Core Staff,7.5,0.0,7.5,34.96,262.2
2026-04-24_U_INT_S08_DAY,2026-04-24,U_INT,S08_DAY,STF_INT_002,Registered Nurse,Licensed,Core Staff,7.5,0.0,7.5,51.54,386.55
2026-04-24_U_INT_S08_DAY,2026-04-24,U_INT,S08_DAY,STF_INT_025,Registered Nurse,Licensed,Core Staff,7.5,0.0,7.5,55.39,415.42
2026-04-24_U_INT_S08_DAY,2026-04-24,U_INT,S08_DAY,STF_INT_042,Registered Nurse,Licensed,Overtime,7.5,0.0,7.5,55.67,417.52
2026-04-24_U_INT_S08_DAY,2026-04-24,U_INT,S08_DAY,STF_INT_033,Registered Nurse,Licensed,Core Staff,7.5,0.0,7.5,57.49,431.18
2026-04-24_U_INT_S08_DAY,2026-04-24,U_INT,S08_DAY,STF_INT_027,Licensed Practical Nurse,Licensed,Overtime,7.5,0.0,7.5,43.67,327.53
2026-04-24_U_INT_S08_DAY,2026-04-24,U_INT,S08_DAY,STF_INT_055,Registered Nurse,Licensed,Core Staff,7.5,0.0,7.5,58.08,435.6
2026-04-24_U_INT_S08_DAY,2026-04-24,U_INT,S08_DAY,STF_INT_048,Registered Nurse,Licensed,Core Staff,7.5,0.0,7.5,51.28,384.6
2026-04-24_U_INT_S08_DAY,2026-04-24,U_INT,S08_DAY,STF_INT_064,Licensed Practical Nurse,Licensed,Core Staff,7.5,0.0,7.5,45.38,340.35
2026-04-24_U_INT_S08_DAY,2026-04-24,U_INT,S08_DAY,STF_INT_056,Registered Nurse,Licensed,Core Staff,7.5,0.0,7.5,51.78,388.35
2026-04-24_U_INT_S08_EVE,2026-04-24,U_INT,S08_EVE,STF_INT_037,Certified Nursing Assistant,Unlicensed,Core Staff,7.5,0.0,7.5,30.62,229.65
2026-04-24_U_INT_S08_EVE,2026-04-24,U_INT,S08_EVE,STF_INT_031,Registered Nurse,Licensed,Core Staff,7.5,0.0,7.5,50.64,379.8
2026-04-24_U_INT_S08_EVE,2026-04-24,U_INT,S08_EVE,STF_INT_022,Registered Nurse,Licensed,Core Staff,7.5,0.0,7.5,57.52,431.4
2026-04-24_U_INT_S08_EVE,2026-04-24,U_INT,S08_EVE,STF_INT_021,Licensed Practical Nurse,Licensed,Core Staff,7.5,0.0,7.5,39.42,295.65
2026-04-24_U_INT_S08_EVE,2026-04-24,U_INT,S08_EVE,STF_INT_054,Registered Nurse,Licensed,Core Staff,7.5,0.0,7.5,56.77,425.78
2026-04-24_U_INT_S08_EVE,2026-04-24,U_INT,S08_EVE,STF_INT_009,Certified Nursing Assistant,Unlicensed,Float Pool,7.5,0.0,7.5,34.67,260.03
2026-04-24_U_INT_S08_EVE,2026-04-24,U_INT,S08_EVE,STF_INT_050,Registered Nurse,Licensed,Float Pool,7.5,0.0,7.5,53.77,403.28
2026-04-24_U_INT_S08_EVE,2026-04-24,U_INT,S08_EVE,STF_INT_057,Registered Nurse,Licensed,Agency/Traveler,7.5,0.0,7.5,57.63,432.22
2026-04-24_U_INT_S08_EVE,2026-04-24,U_INT,S08_EVE,STF_INT_051,Registered Nurse,Licensed,Core Staff,7.5,0.0,7.5,59.9,449.25
2026-04-24_U_INT_S08_EVE,2026-04-24,U_INT,S08_EVE,STF_INT_007,Registered Nurse,Licensed,Core Staff,7.5,0.0,7.5,48.78,365.85
2026-04-24_U_INT_S08_NIGHT,2026-04-24,U_INT,S08_NIGHT,STF_INT_041,Certified Nursing Assistant,Unlicensed,Overtime,7.5,0.0,7.5,33.72,252.9
2026-04-24_U_INT_S08_NIGHT,2026-04-24,U_INT,S08_NIGHT,STF_INT_011,Certified Nursing Assistant,Unlicensed,Core Staff,7.5,0.0,7.5,34.98,262.35
2026-04-24_U_INT_S08_NIGHT,2026-04-24,U_INT,S08_NIGHT,STF_INT_038,Registered Nurse,Licensed,Core Staff,7.5,0.0,7.5,59.37,445.28
2026-04-24_U_INT_S08_NIGHT,2026-04-24,U_INT,S08_NIGHT,STF_INT_049,Registered Nurse,Licensed,Core Staff,7.5,0.0,7.5,52.72,395.4
2026-04-24_U_INT_S08_NIGHT,2026-04-24,U_INT,S08_NIGHT,STF_INT_033,Registered Nurse,Licensed,Core Staff,7.5,0.0,7.5,58.63,439.72
2026-04-24_U_INT_S08_NIGHT,2026-04-24,U_INT,S08_NIGHT,STF_INT_029,Licensed Practical Nurse,Licensed,Core Staff,7.5,0.0,7.5,43.09,323.18
2026-04-24_U_INT_S08_NIGHT,2026-04-24,U_INT,S08_NIGHT,STF_INT_030,Licensed Practical Nurse,Licensed,Core Staff,7.5,0.0,7.5,45.57,341.78
2026-04-25_U_ICU_S12_DAY,2026-04-25,U_ICU,S12_DAY,STF_ICU_002,Registered Nurse,Licensed,Agency/Traveler,11.5,0.0,11.5,57.83,665.04
2026-04-25_U_ICU_S12_DAY,2026-04-25,U_ICU,S12_DAY,STF_ICU_031,Certified Nursing Assistant,Unlicensed,Core Staff,11.5,0.0,11.5,31.02,356.73
2026-04-25_U_ICU_S12_DAY,2026-04-25,U_ICU,S12_DAY,STF_ICU_011,Registered Nurse,Licensed,Core Staff,11.5,0.0,11.5,50.71,583.16
2026-04-25_U_ICU_S12_DAY,2026-04-25,U_ICU,S12_DAY,STF_ICU_003,Registered Nurse,Licensed,Core Staff,11.5,0.0,11.5,51.14,588.11
2026-04-25_U_ICU_S12_DAY,2026-04-25,U_ICU,S12_DAY,STF_ICU_006,Registered Nurse,Licensed,Core Staff,11.5,0.0,11.5,59.59,685.29
2026-04-25_U_ICU_S12_DAY,2026-04-25,U_ICU,S12_DAY,STF_ICU_019,Registered Nurse,Licensed,Core Staff,11.5,0.0,11.5,57.96,666.54
2026-04-25_U_ICU_S12_NIGHT,2026-04-25,U_ICU,S12_NIGHT,STF_ICU_012,Registered Nurse,Licensed,Agency/Traveler,11.5,0.0,11.5,56.37,648.26
2026-04-25_U_ICU_S12_NIGHT,2026-04-25,U_ICU,S12_NIGHT,STF_ICU_013,Registered Nurse,Licensed,Overtime,9.5,2.0,11.5,53.1,610.65
2026-04-25_U_ICU_S12_NIGHT,2026-04-25,U_ICU,S12_NIGHT,STF_ICU_020,Registered Nurse,Licensed,Core Staff,9.5,2.0,11.5,54.27,624.1
2026-04-25_U_ICU_S12_NIGHT,2026-04-25,U_ICU,S12_NIGHT,STF_ICU_025,Registered Nurse,Licensed,Core Staff,11.5,0.0,11.5,50.17,576.96
2026-04-25_U_ICU_S12_NIGHT,2026-04-25,U_ICU,S12_NIGHT,STF_ICU_006,Registered Nurse,Licensed,Core Staff,11.5,0.0,11.5,48.31,555.57
2026-04-25_U_ICU_S12_NIGHT,2026-04-25,U_ICU,S12_NIGHT,STF_ICU_015,Registered Nurse,Licensed,Core Staff,11.5,0.0,11.5,48.83,561.54
2026-04-25_U_INT_S08_DAY,2026-04-25,U_INT,S08_DAY,STF_INT_027,Licensed Practical Nurse,Licensed,Float Pool,7.5,0.0,7.5,45.48,341.1
2026-04-25_U_INT_S08_DAY,2026-04-25,U_INT,S08_DAY,STF_INT_020,Certified Nursing Assistant,Unlicensed,Core Staff,7.5,0.0,7.5,30.72,230.4
2026-04-25_U_INT_S08_DAY,2026-04-25,U_INT,S08_DAY,STF_INT_006,Licensed Practical Nurse,Licensed,Core Staff,7.5,0.0,7.5,43.91,329.32
2026-04-25_U_INT_S08_DAY,2026-04-25,U_INT,S08_DAY,STF_INT_042,Registered Nurse,Licensed,Agency/Traveler,7.5,0.0,7.5,59.64,447.3
2026-04-25_U_INT_S08_DAY,2026-04-25,U_INT,S08_DAY,STF_INT_055,Registered Nurse,Licensed,Core Staff,7.5,0.0,7.5,52.87,396.52
2026-04-25_U_INT_S08_DAY,2026-04-25,U_INT,S08_DAY,STF_INT_059,Registered Nurse,Licensed,Core Staff,7.5,0.0,7.5,54.24,406.8
2026-04-25_U_INT_S08_DAY,2026-04-25,U_INT,S08_DAY,STF_INT_048,Registered Nurse,Licensed,Core Staff,5.5,2.0,7.5,58.35,437.62
2026-04-25_U_INT_S08_EVE,2026-04-25,U_INT,S08_EVE,STF_INT_039,Registered Nurse,Licensed,Float Pool,7.5,0.0,7.5,49.26,369.45
2026-04-25_U_INT_S08_EVE,2026-04-25,U_INT,S08_EVE,STF_INT_033,Registered Nurse,Licensed,Core Staff,7.5,0.0,7.5,51.9,389.25
2026-04-25_U_INT_S08_EVE,2026-04-25,U_INT,S08_EVE,STF_INT_046,Registered Nurse,Licensed,Overtime,7.5,0.0,7.5,59.3,444.75
2026-04-25_U_INT_S08_EVE,2026-04-25,U_INT,S08_EVE,STF_INT_026,Registered Nurse,Licensed,Core Staff,7.5,0.0,7.5,50.39,377.92
2026-04-25_U_INT_S08_EVE,2026-04-25,U_INT,S08_EVE,STF_INT_051,Registered Nurse,Licensed,Core Staff,7.5,0.0,7.5,57.4,430.5
2026-04-25_U_INT_S08_EVE,2026-04-25,U_INT,S08_EVE,STF_INT_054,Registered Nurse,Licensed,Core Staff,7.5,0.0,7.5,56.43,423.22
2026-04-25_U_INT_S08_EVE,2026-04-25,U_INT,S08_EVE,STF_INT_010,Certified Nursing Assistant,Unlicensed,Core Staff,7.5,0.0,7.5,32.98,247.35
2026-04-25_U_INT_S08_NIGHT,2026-04-25,U_INT,S08_NIGHT,STF_INT_016,Registered Nurse,Licensed,Core Staff,7.5,0.0,7.5,54.91,411.82
2026-04-25_U_INT_S08_NIGHT,2026-04-25,U_INT,S08_NIGHT,STF_INT_014,Registered Nurse,Licensed,Overtime,7.5,0.0,7.5,57.98,434.85
2026-04-25_U_INT_S08_NIGHT,2026-04-25,U_INT,S08_NIGHT,STF_INT_001,Certified Nursing Assistant,Unlicensed,Overtime,7.5,0.0,7.5,30.83,231.22
2026-04-25_U_INT_S08_NIGHT,2026-04-25,U_INT,S08_NIGHT,STF_INT_058,Registered Nurse,Licensed,Float Pool,7.5,0.0,7.5,57.27,429.52
2026-04-25_U_INT_S08_NIGHT,2026-04-25,U_INT,S08_NIGHT,STF_INT_017,Certified Nursing Assistant,Unlicensed,Core Staff,7.5,0.0,7.5,31.56,236.7
2026-04-26_U_ICU_S12_DAY,2026-04-26,U_ICU,S12_DAY,STF_ICU_026,Registered Nurse,Licensed,Overtime,11.5,0.0,11.5,56.58,650.67
2026-04-26_U_ICU_S12_DAY,2026-04-26,U_ICU,S12_DAY,STF_ICU_013,Registered Nurse,Licensed,Overtime,11.5,0.0,11.5,55.59,639.29
2026-04-26_U_ICU_S12_DAY,2026-04-26,U_ICU,S12_DAY,STF_ICU_035,Certified Nursing Assistant,Unlicensed,Agency/Traveler,11.5,0.0,11.5,31.85,366.28
2026-04-26_U_ICU_S12_DAY,2026-04-26,U_ICU,S12_DAY,STF_ICU_018,Registered Nurse,Licensed,Core Staff,11.5,0.0,11.5,56.94,654.81
2026-04-26_U_ICU_S12_DAY,2026-04-26,U_ICU,S12_DAY,STF_ICU_024,Registered Nurse,Licensed,Core Staff,11.5,0.0,11.5,58.35,671.02
2026-04-26_U_ICU_S12_DAY,2026-04-26,U_ICU,S12_DAY,STF_ICU_032,Certified Nursing Assistant,Unlicensed,Core Staff,11.5,0.0,11.5,33.89,389.74
2026-04-26_U_ICU_S12_NIGHT,2026-04-26,U_ICU,S12_NIGHT,STF_ICU_022,Registered Nurse,Licensed,Core Staff,11.5,0.0,11.5,57.95,666.42
2026-04-26_U_ICU_S12_NIGHT,2026-04-26,U_ICU,S12_NIGHT,STF_ICU_031,Certified Nursing Assistant,Unlicensed,Core Staff,11.5,0.0,11.5,31.92,367.08
2026-04-26_U_ICU_S12_NIGHT,2026-04-26,U_ICU,S12_NIGHT,STF_ICU_016,Registered Nurse,Licensed,Core Staff,11.5,0.0,11.5,57.56,661.94
2026-04-26_U_ICU_S12_NIGHT,2026-04-26,U_ICU,S12_NIGHT,STF_ICU_006,Registered Nurse,Licensed,Core Staff,9.5,2.0,11.5,58.45,672.18
2026-04-26_U_INT_S08_DAY,2026-04-26,U_INT,S08_DAY,STF_INT_011,Certified Nursing Assistant,Unlicensed,Core Staff,7.5,0.0,7.5,32.83,246.22
2026-04-26_U_INT_S08_DAY,2026-04-26,U_INT,S08_DAY,STF_INT_043,Registered Nurse,Licensed,Overtime,7.5,0.0,7.5,57.04,427.8
2026-04-26_U_INT_S08_DAY,2026-04-26,U_INT,S08_DAY,STF_INT_028,Registered Nurse,Licensed,Core Staff,7.5,0.0,7.5,50.23,376.72
2026-04-26_U_INT_S08_DAY,2026-04-26,U_INT,S08_DAY,STF_INT_029,Licensed Practical Nurse,Licensed,Core Staff,7.5,0.0,7.5,42.27,317.03
2026-04-26_U_INT_S08_DAY,2026-04-26,U_INT,S08_DAY,STF_INT_044,Certified Nursing Assistant,Unlicensed,Core Staff,7.5,0.0,7.5,30.07,225.52
2026-04-26_U_INT_S08_DAY,2026-04-26,U_INT,S08_DAY,STF_INT_010,Certified Nursing Assistant,Unlicensed,Core Staff,7.5,0.0,7.5,33.12,248.4
2026-04-26_U_INT_S08_DAY,2026-04-26,U_INT,S08_DAY,STF_INT_012,Registered Nurse,Licensed,Core Staff,7.5,0.0,7.5,58.23,436.72
2026-04-26_U_INT_S08_DAY,2026-04-26,U_INT,S08_DAY,STF_INT_040,Certified Nursing Assistant,Unlicensed,Core Staff,7.5,0.0,7.5,34.31,257.33
2026-04-26_U_INT_S08_DAY,2026-04-26,U_INT,S08_DAY,STF_INT_026,Registered Nurse,Licensed,Core Staff,7.5,0.0,7.5,48.91,366.82
2026-04-26_U_INT_S08_EVE,2026-04-26,U_INT,S08_EVE,STF_INT_051,Registered Nurse,Licensed,Core Staff,7.5,0.0,7.5,53.64,402.3
2026-04-26_U_INT_S08_EVE,2026-04-26,U_INT,S08_EVE,STF_INT_031,Registered Nurse,Licensed,Core Staff,7.5,0.0,7.5,53.3,399.75
2026-04-26_U_INT_S08_EVE,2026-04-26,U_INT,S08_EVE,STF_INT_009,Certified Nursing Assistant,Unlicensed,Float Pool,7.5,0.0,7.5,30.52,228.9
2026-04-26_U_INT_S08_EVE,2026-04-26,U_INT,S08_EVE,STF_INT_064,Licensed Practical Nurse,Licensed,Core Staff,7.5,0.0,7.5,46.28,347.1
2026-04-26_U_INT_S08_EVE,2026-04-26,U_INT,S08_EVE,STF_INT_058,Registered Nurse,Licensed,Float Pool,7.5,0.0,7.5,53.81,403.58
2026-04-26_U_INT_S08_EVE,2026-04-26,U_INT,S08_EVE,STF_INT_045,Registered Nurse,Licensed,Core Staff,7.5,0.0,7.5,54.68,410.1
2026-04-26_U_INT_S08_EVE,2026-04-26,U_INT,S08_EVE,STF_INT_028,Registered Nurse,Licensed,Core Staff,7.5,0.0,7.5,51.34,385.05
2026-04-26_U_INT_S08_NIGHT,2026-04-26,U_INT,S08_NIGHT,STF_INT_062,Certified Nursing Assistant,Unlicensed,Core Staff,7.5,0.0,7.5,31.91,239.32
2026-04-26_U_INT_S08_NIGHT,2026-04-26,U_INT,S08_NIGHT,STF_INT_058,Registered Nurse,Licensed,Float Pool,7.5,0.0,7.5,49.15,368.62
2026-04-26_U_INT_S08_NIGHT,2026-04-26,U_INT,S08_NIGHT,STF_INT_043,Registered Nurse,Licensed,Overtime,7.5,0.0,7.5,56.86,426.45
2026-04-26_U_INT_S08_NIGHT,2026-04-26,U_INT,S08_NIGHT,STF_INT_061,Registered Nurse,Licensed,Core Staff,7.5,0.0,7.5,59.15,443.62
2026-04-26_U_INT_S08_NIGHT,2026-04-26,U_INT,S08_NIGHT,STF_INT_035,Registered Nurse,Licensed,Float Pool,7.5,0.0,7.5,49.89,374.18
2026-04-26_U_INT_S08_NIGHT,2026-04-26,U_INT,S08_NIGHT,STF_INT_064,Licensed Practical Nurse,Licensed,Core Staff,7.5,0.0,7.5,42.33,317.47
2026-04-26_U_INT_S08_NIGHT,2026-04-26,U_INT,S08_NIGHT,STF_INT_002,Registered Nurse,Licensed,Core Staff,7.5,0.0,7.5,48.61,364.58
2026-04-27_U_ICU_S12_DAY,2026-04-27,U_ICU,S12_DAY,STF_ICU_024,Registered Nurse,Licensed,Agency/Traveler,11.5,0.0,11.5,51.78,595.47
2026-04-27_U_ICU_S12_DAY,2026-04-27,U_ICU,S12_DAY,STF_ICU_008,Registered Nurse,Licensed,Float Pool,11.5,0.0,11.5,57.08,656.42
2026-04-27_U_ICU_S12_DAY,2026-04-27,U_ICU,S12_DAY,STF_ICU_001,Registered Nurse,Licensed,Core Staff,11.5,0.0,11.5,59.64,685.86
2026-04-27_U_ICU_S12_DAY,2026-04-27,U_ICU,S12_DAY,STF_ICU_020,Registered Nurse,Licensed,Core Staff,11.5,0.0,11.5,54.98,632.27
2026-04-27_U_ICU_S12_DAY,2026-04-27,U_ICU,S12_DAY,STF_ICU_003,Registered Nurse,Licensed,Core Staff,11.5,0.0,11.5,56.77,652.86
2026-04-27_U_ICU_S12_DAY,2026-04-27,U_ICU,S12_DAY,STF_ICU_028,Registered Nurse,Licensed,Core Staff,11.5,0.0,11.5,59.88,688.62
2026-04-27_U_ICU_S12_DAY,2026-04-27,U_ICU,S12_DAY,STF_ICU_035,Certified Nursing Assistant,Unlicensed,Agency/Traveler,11.5,0.0,11.5,30.58,351.67
2026-04-27_U_ICU_S12_DAY,2026-04-27,U_ICU,S12_DAY,STF_ICU_016,Registered Nurse,Licensed,Core Staff,11.5,0.0,11.5,54.26,623.99
2026-04-27_U_ICU_S12_NIGHT,2026-04-27,U_ICU,S12_NIGHT,STF_ICU_021,Registered Nurse,Licensed,Core Staff,11.5,0.0,11.5,51.85,596.28
2026-04-27_U_ICU_S12_NIGHT,2026-04-27,U_ICU,S12_NIGHT,STF_ICU_007,Registered Nurse,Licensed,Core Staff,11.5,0.0,11.5,52.76,606.74
2026-04-27_U_ICU_S12_NIGHT,2026-04-27,U_ICU,S12_NIGHT,STF_ICU_020,Registered Nurse,Licensed,Core Staff,11.5,0.0,11.5,59.32,682.18
2026-04-27_U_ICU_S12_NIGHT,2026-04-27,U_ICU,S12_NIGHT,STF_ICU_029,Registered Nurse,Licensed,Core Staff,11.5,0.0,11.5,54.52,626.98
2026-04-27_U_ICU_S12_NIGHT,2026-04-27,U_ICU,S12_NIGHT,STF_ICU_005,Registered Nurse,Licensed,Core Staff,11.5,0.0,11.5,55.27,635.6
2026-04-27_U_ICU_S12_NIGHT,2026-04-27,U_ICU,S12_NIGHT,STF_ICU_028,Registered Nurse,Licensed,Core Staff,11.5,0.0,11.5,51.0,586.5
2026-04-27_U_ICU_S12_NIGHT,2026-04-27,U_ICU,S12_NIGHT,STF_ICU_012,Registered Nurse,Licensed,Agency/Traveler,11.5,0.0,11.5,58.09,668.04
2026-04-27_U_ICU_S12_NIGHT,2026-04-27,U_ICU,S12_NIGHT,STF_ICU_011,Registered Nurse,Licensed,Core Staff,11.5,0.0,11.5,54.2,623.3
2026-04-27_U_INT_S08_DAY,2026-04-27,U_INT,S08_DAY,STF_INT_035,Registered Nurse,Licensed,Float Pool,7.5,0.0,7.5,53.17,398.78
2026-04-27_U_INT_S08_DAY,2026-04-27,U_INT,S08_DAY,STF_INT_003,Registered Nurse,Licensed,Core Staff,7.5,0.0,7.5,51.58,386.85
2026-04-27_U_INT_S08_DAY,2026-04-27,U_INT,S08_DAY,STF_INT_037,Certified Nursing Assistant,Unlicensed,Overtime,7.5,0.0,7.5,34.26,256.95
2026-04-27_U_INT_S08_DAY,2026-04-27,U_INT,S08_DAY,STF_INT_010,Certified Nursing Assistant,Unlicensed,Core Staff,7.5,0.0,7.5,34.67,260.03
2026-04-27_U_INT_S08_DAY,2026-04-27,U_INT,S08_DAY,STF_INT_028,Registered Nurse,Licensed,Core Staff,7.5,0.0,7.5,49.94,374.55
2026-04-27_U_INT_S08_DAY,2026-04-27,U_INT,S08_DAY,STF_INT_057,Registered Nurse,Licensed,Core Staff,7.5,0.0,7.5,56.9,426.75
2026-04-27_U_INT_S08_DAY,2026-04-27,U_INT,S08_DAY,STF_INT_033,Registered Nurse,Licensed,Core Staff,7.5,0.0,7.5,49.18,368.85
2026-04-27_U_INT_S08_DAY,2026-04-27,U_INT,S08_DAY,STF_INT_018,Certified Nursing Assistant,Unlicensed,Core Staff,7.5,0.0,7.5,30.93,231.98
2026-04-27_U_INT_S08_EVE,2026-04-27,U_INT,S08_EVE,STF_INT_062,Certified Nursing Assistant,Unlicensed,Core Staff,7.5,0.0,7.5,30.53,228.98
2026-04-27_U_INT_S08_EVE,2026-04-27,U_INT,S08_EVE,STF_INT_004,Registered Nurse,Licensed,Core Staff,7.5,0.0,7.5,52.01,390.08
2026-04-27_U_INT_S08_EVE,2026-04-27,U_INT,S08_EVE,STF_INT_021,Licensed Practical Nurse,Licensed,Core Staff,7.5,0.0,7.5,40.71,305.32
2026-04-27_U_INT_S08_EVE,2026-04-27,U_INT,S08_EVE,STF_INT_040,Certified Nursing Assistant,Unlicensed,Core Staff,7.5,0.0,7.5,32.86,246.45
2026-04-27_U_INT_S08_EVE,2026-04-27,U_INT,S08_EVE,STF_INT_048,Registered Nurse,Licensed,Core Staff,7.5,0.0,7.5,54.47,408.52
2026-04-27_U_INT_S08_EVE,2026-04-27,U_INT,S08_EVE,STF_INT_013,Registered Nurse,Licensed,Core Staff,7.5,0.0,7.5,51.57,386.78
2026-04-27_U_INT_S08_EVE,2026-04-27,U_INT,S08_EVE,STF_INT_034,Licensed Practical Nurse,Licensed,Core Staff,7.5,0.0,7.5,41.68,312.6
2026-04-27_U_INT_S08_EVE,2026-04-27,U_INT,S08_EVE,STF_INT_006,Licensed Practical Nurse,Licensed,Core Staff,7.5,0.0,7.5,42.79,320.92
2026-04-27_U_INT_S08_EVE,2026-04-27,U_INT,S08_EVE,STF_INT_060,Registered Nurse,Licensed,Agency/Traveler,7.5,0.0,7.5,59.26,444.45
2026-04-27_U_INT_S08_NIGHT,2026-04-27,U_INT,S08_NIGHT,STF_INT_034,Licensed Practical Nurse,Licensed,Core Staff,7.5,0.0,7.5,44.2,331.5
2026-04-27_U_INT_S08_NIGHT,2026-04-27,U_INT,S08_NIGHT,STF_INT_001,Certified Nursing Assistant,Unlicensed,Core Staff,7.5,0.0,7.5,34.6,259.5
2026-04-27_U_INT_S08_NIGHT,2026-04-27,U_INT,S08_NIGHT,STF_INT_037,Certified Nursing Assistant,Unlicensed,Core Staff,7.5,0.0,7.5,33.17,248.78
2026-04-27_U_INT_S08_NIGHT,2026-04-27,U_INT,S08_NIGHT,STF_INT_021,Licensed Practical Nurse,Licensed,Core Staff,7.5,0.0,7.5,38.41,288.08
2026-04-27_U_INT_S08_NIGHT,2026-04-27,U_INT,S08_NIGHT,STF_INT_049,Registered Nurse,Licensed,Core Staff,7.5,0.0,7.5,48.89,366.68
2026-04-27_U_INT_S08_NIGHT,2026-04-27,U_INT,S08_NIGHT,STF_INT_031,Registered Nurse,Licensed,Core Staff,7.5,0.0,7.5,49.96,374.7
2026-04-27_U_INT_S08_NIGHT,2026-04-27,U_INT,S08_NIGHT,STF_INT_054,Registered Nurse,Licensed,Core Staff,7.5,0.0,7.5,52.93,396.98
2026-04-28_U_ICU_S12_DAY,2026-04-28,U_ICU,S12_DAY,STF_ICU_020,Registered Nurse,Licensed,Float Pool,11.5,0.0,11.5,52.57,604.55
2026-04-28_U_ICU_S12_DAY,2026-04-28,U_ICU,S12_DAY,STF_ICU_011,Registered Nurse,Licensed,Core Staff,11.5,0.0,11.5,55.88,642.62
2026-04-28_U_ICU_S12_DAY,2026-04-28,U_ICU,S12_DAY,STF_ICU_026,Registered Nurse,Licensed,Overtime,11.5,0.0,11.5,51.99,597.88
2026-04-28_U_ICU_S12_DAY,2026-04-28,U_ICU,S12_DAY,STF_ICU_015,Registered Nurse,Licensed,Core Staff,11.5,0.0,11.5,56.1,645.15
2026-04-28_U_ICU_S12_DAY,2026-04-28,U_ICU,S12_DAY,STF_ICU_004,Registered Nurse,Licensed,Core Staff,11.5,0.0,11.5,57.96,666.54
2026-04-28_U_ICU_S12_DAY,2026-04-28,U_ICU,S12_DAY,STF_ICU_029,Registered Nurse,Licensed,Core Staff,11.5,0.0,11.5,52.57,604.55
2026-04-28_U_ICU_S12_DAY,2026-04-28,U_ICU,S12_DAY,STF_ICU_019,Registered Nurse,Licensed,Core Staff,11.5,0.0,11.5,55.79,641.58
2026-04-28_U_ICU_S12_NIGHT,2026-04-28,U_ICU,S12_NIGHT,STF_ICU_035,Certified Nursing Assistant,Unlicensed,Agency/Traveler,11.5,0.0,11.5,32.13,369.5
2026-04-28_U_ICU_S12_NIGHT,2026-04-28,U_ICU,S12_NIGHT,STF_ICU_022,Registered Nurse,Licensed,Core Staff,11.5,0.0,11.5,57.22,658.03
2026-04-28_U_ICU_S12_NIGHT,2026-04-28,U_ICU,S12_NIGHT,STF_ICU_010,Registered Nurse,Licensed,Core Staff,11.5,0.0,11.5,57.41,660.21
2026-04-28_U_ICU_S12_NIGHT,2026-04-28,U_ICU,S12_NIGHT,STF_ICU_025,Registered Nurse,Licensed,Core Staff,11.5,0.0,11.5,59.13,680.0
2026-04-28_U_ICU_S12_NIGHT,2026-04-28,U_ICU,S12_NIGHT,STF_ICU_021,Registered Nurse,Licensed,Core Staff,11.5,0.0,11.5,58.87,677.0
2026-04-28_U_ICU_S12_NIGHT,2026-04-28,U_ICU,S12_NIGHT,STF_ICU_027,Registered Nurse,Licensed,Core Staff,11.5,0.0,11.5,52.28,601.22
2026-04-28_U_ICU_S12_NIGHT,2026-04-28,U_ICU,S12_NIGHT,STF_ICU_007,Registered Nurse,Licensed,Core Staff,11.5,0.0,11.5,53.68,617.32
2026-04-28_U_ICU_S12_NIGHT,2026-04-28,U_ICU,S12_NIGHT,STF_ICU_019,Registered Nurse,Licensed,Core Staff,11.5,0.0,11.5,55.82,641.93
2026-04-28_U_INT_S08_DAY,2026-04-28,U_INT,S08_DAY,STF_INT_012,Registered Nurse,Licensed,Core Staff,7.5,0.0,7.5,53.06,397.95
2026-04-28_U_INT_S08_DAY,2026-04-28,U_INT,S08_DAY,STF_INT_055,Registered Nurse,Licensed,Agency/Traveler,7.5,0.0,7.5,49.2,369.0
2026-04-28_U_INT_S08_DAY,2026-04-28,U_INT,S08_DAY,STF_INT_045,Registered Nurse,Licensed,Core Staff,7.5,0.0,7.5,58.44,438.3
2026-04-28_U_INT_S08_DAY,2026-04-28,U_INT,S08_DAY,STF_INT_050,Registered Nurse,Licensed,Overtime,7.5,0.0,7.5,59.68,447.6
2026-04-28_U_INT_S08_DAY,2026-04-28,U_INT,S08_DAY,STF_INT_013,Registered Nurse,Licensed,Core Staff,7.5,0.0,7.5,52.64,394.8
2026-04-28_U_INT_S08_DAY,2026-04-28,U_INT,S08_DAY,STF_INT_032,Registered Nurse,Licensed,Core Staff,7.5,0.0,7.5,53.91,404.32
2026-04-28_U_INT_S08_DAY,2026-04-28,U_INT,S08_DAY,STF_INT_057,Registered Nurse,Licensed,Agency/Traveler,7.5,0.0,7.5,56.97,427.28
2026-04-28_U_INT_S08_DAY,2026-04-28,U_INT,S08_DAY,STF_INT_018,Certified Nursing Assistant,Unlicensed,Core Staff,7.5,0.0,7.5,30.5,228.75
2026-04-28_U_INT_S08_DAY,2026-04-28,U_INT,S08_DAY,STF_INT_048,Registered Nurse,Licensed,Core Staff,7.5,0.0,7.5,53.87,404.02
2026-04-28_U_INT_S08_EVE,2026-04-28,U_INT,S08_EVE,STF_INT_020,Certified Nursing Assistant,Unlicensed,Core Staff,7.5,0.0,7.5,36.16,271.2
2026-04-28_U_INT_S08_EVE,2026-04-28,U_INT,S08_EVE,STF_INT_027,Licensed Practical Nurse,Licensed,Overtime,7.5,0.0,7.5,39.4,295.5
2026-04-28_U_INT_S08_EVE,2026-04-28,U_INT,S08_EVE,STF_INT_024,Licensed Practical Nurse,Licensed,Float Pool,7.5,0.0,7.5,41.46,310.95
2026-04-28_U_INT_S08_EVE,2026-04-28,U_INT,S08_EVE,STF_INT_015,Registered Nurse,Licensed,Core Staff,7.5,0.0,7.5,59.34,445.05
2026-04-28_U_INT_S08_EVE,2026-04-28,U_INT,S08_EVE,STF_INT_058,Registered Nurse,Licensed,Float Pool,7.5,0.0,7.5,52.7,395.25
2026-04-28_U_INT_S08_EVE,2026-04-28,U_INT,S08_EVE,STF_INT_041,Certified Nursing Assistant,Unlicensed,Overtime,7.5,0.0,7.5,35.9,269.25
2026-04-28_U_INT_S08_EVE,2026-04-28,U_INT,S08_EVE,STF_INT_011,Certified Nursing Assistant,Unlicensed,Core Staff,7.5,0.0,7.5,33.33,249.98
2026-04-28_U_INT_S08_EVE,2026-04-28,U_INT,S08_EVE,STF_INT_007,Registered Nurse,Licensed,Agency/Traveler,7.5,0.0,7.5,52.46,393.45
2026-04-28_U_INT_S08_NIGHT,2026-04-28,U_INT,S08_NIGHT,STF_INT_003,Registered Nurse,Licensed,Agency/Traveler,7.5,0.0,7.5,55.51,416.32
2026-04-28_U_INT_S08_NIGHT,2026-04-28,U_INT,S08_NIGHT,STF_INT_052,Licensed Practical Nurse,Licensed,Core Staff,7.5,0.0,7.5,45.19,338.92
2026-04-28_U_INT_S08_NIGHT,2026-04-28,U_INT,S08_NIGHT,STF_INT_053,Certified Nursing Assistant,Unlicensed,Agency/Traveler,7.5,0.0,7.5,33.08,248.1
2026-04-28_U_INT_S08_NIGHT,2026-04-28,U_INT,S08_NIGHT,STF_INT_002,Registered Nurse,Licensed,Core Staff,7.5,0.0,7.5,56.34,422.55
2026-04-28_U_INT_S08_NIGHT,2026-04-28,U_INT,S08_NIGHT,STF_INT_048,Registered Nurse,Licensed,Core Staff,7.5,0.0,7.5,53.18,398.85
2026-04-28_U_INT_S08_NIGHT,2026-04-28,U_INT,S08_NIGHT,STF_INT_044,Certified Nursing Assistant,Unlicensed,Float Pool,7.5,0.0,7.5,32.91,246.82
2026-04-28_U_INT_S08_NIGHT,2026-04-28,U_INT,S08_NIGHT,STF_INT_016,Registered Nurse,Licensed,Core Staff,7.5,0.0,7.5,55.32,414.9
2026-04-28_U_INT_S08_NIGHT,2026-04-28,U_INT,S08_NIGHT,STF_INT_049,Registered Nurse,Licensed,Core Staff,7.5,0.0,7.5,58.99,442.42
2026-04-29_U_ICU_S12_DAY,2026-04-29,U_ICU,S12_DAY,STF_ICU_033,Certified Nursing Assistant,Unlicensed,Core Staff,11.5,0.0,11.5,35.49,408.14
2026-04-29_U_ICU_S12_DAY,2026-04-29,U_ICU,S12_DAY,STF_ICU_030,Registered Nurse,Licensed,Core Staff,11.5,0.0,11.5,53.42,614.33
2026-04-29_U_ICU_S12_DAY,2026-04-29,U_ICU,S12_DAY,STF_ICU_032,Certified Nursing Assistant,Unlicensed,Core Staff,11.5,0.0,11.5,34.37,395.26
2026-04-29_U_ICU_S12_DAY,2026-04-29,U_ICU,S12_DAY,STF_ICU_009,Registered Nurse,Licensed,Core Staff,11.5,0.0,11.5,57.22,658.03
2026-04-29_U_ICU_S12_NIGHT,2026-04-29,U_ICU,S12_NIGHT,STF_ICU_014,Registered Nurse,Licensed,Core Staff,9.5,2.0,11.5,53.05,610.07
2026-04-29_U_ICU_S12_NIGHT,2026-04-29,U_ICU,S12_NIGHT,STF_ICU_025,Registered Nurse,Licensed,Core Staff,11.5,0.0,11.5,51.44,591.56
2026-04-29_U_ICU_S12_NIGHT,2026-04-29,U_ICU,S12_NIGHT,STF_ICU_012,Registered Nurse,Licensed,Agency/Traveler,11.5,0.0,11.5,50.67,582.71
2026-04-29_U_ICU_S12_NIGHT,2026-04-29,U_ICU,S12_NIGHT,STF_ICU_013,Registered Nurse,Licensed,Overtime,11.5,0.0,11.5,48.16,553.84
2026-04-29_U_ICU_S12_NIGHT,2026-04-29,U_ICU,S12_NIGHT,STF_ICU_022,Registered Nurse,Licensed,Core Staff,11.5,0.0,11.5,57.17,657.46
2026-04-29_U_ICU_S12_NIGHT,2026-04-29,U_ICU,S12_NIGHT,STF_ICU_033,Certified Nursing Assistant,Unlicensed,Core Staff,11.5,0.0,11.5,30.87,355.0
2026-04-29_U_ICU_S12_NIGHT,2026-04-29,U_ICU,S12_NIGHT,STF_ICU_021,Registered Nurse,Licensed,Core Staff,11.5,0.0,11.5,51.46,591.79
2026-04-29_U_ICU_S12_NIGHT,2026-04-29,U_ICU,S12_NIGHT,STF_ICU_031,Certified Nursing Assistant,Unlicensed,Overtime,11.5,0.0,11.5,32.5,373.75
2026-04-29_U_INT_S08_DAY,2026-04-29,U_INT,S08_DAY,STF_INT_024,Licensed Practical Nurse,Licensed,Core Staff,7.5,0.0,7.5,38.69,290.17
2026-04-29_U_INT_S08_DAY,2026-04-29,U_INT,S08_DAY,STF_INT_027,Licensed Practical Nurse,Licensed,Overtime,7.5,0.0,7.5,44.57,334.28
2026-04-29_U_INT_S08_DAY,2026-04-29,U_INT,S08_DAY,STF_INT_023,Registered Nurse,Licensed,Overtime,7.5,0.0,7.5,50.8,381.0
2026-04-29_U_INT_S08_DAY,2026-04-29,U_INT,S08_DAY,STF_INT_033,Registered Nurse,Licensed,Core Staff,7.5,0.0,7.5,57.56,431.7
2026-04-29_U_INT_S08_DAY,2026-04-29,U_INT,S08_DAY,STF_INT_002,Registered Nurse,Licensed,Core Staff,7.5,0.0,7.5,50.41,378.08
2026-04-29_U_INT_S08_DAY,2026-04-29,U_INT,S08_DAY,STF_INT_018,Certified Nursing Assistant,Unlicensed,Core Staff,7.5,0.0,7.5,31.53,236.48
2026-04-29_U_INT_S08_DAY,2026-04-29,U_INT,S08_DAY,STF_INT_016,Registered Nurse,Licensed,Core Staff,7.5,0.0,7.5,56.66,424.95
2026-04-29_U_INT_S08_DAY,2026-04-29,U_INT,S08_DAY,STF_INT_044,Certified Nursing Assistant,Unlicensed,Core Staff,7.5,0.0,7.5,30.06,225.45
2026-04-29_U_INT_S08_EVE,2026-04-29,U_INT,S08_EVE,STF_INT_057,Registered Nurse,Licensed,Core Staff,7.5,0.0,7.5,52.78,395.85
2026-04-29_U_INT_S08_EVE,2026-04-29,U_INT,S08_EVE,STF_INT_030,Licensed Practical Nurse,Licensed,Core Staff,7.5,0.0,7.5,43.74,328.05
2026-04-29_U_INT_S08_EVE,2026-04-29,U_INT,S08_EVE,STF_INT_049,Registered Nurse,Licensed,Overtime,7.5,0.0,7.5,55.8,418.5
2026-04-29_U_INT_S08_EVE,2026-04-29,U_INT,S08_EVE,STF_INT_058,Registered Nurse,Licensed,Float Pool,7.5,0.0,7.5,51.47,386.02
2026-04-29_U_INT_S08_EVE,2026-04-29,U_INT,S08_EVE,STF_INT_024,Licensed Practical Nurse,Licensed,Agency/Traveler,7.5,0.0,7.5,39.78,298.35
2026-04-29_U_INT_S08_EVE,2026-04-29,U_INT,S08_EVE,STF_INT_038,Registered Nurse,Licensed,Core Staff,7.5,0.0,7.5,56.14,421.05
2026-04-29_U_INT_S08_EVE,2026-04-29,U_INT,S08_EVE,STF_INT_032,Registered Nurse,Licensed,Core Staff,7.5,0.0,7.5,54.9,411.75
2026-04-29_U_INT_S08_EVE,2026-04-29,U_INT,S08_EVE,STF_INT_002,Registered Nurse,Licensed,Core Staff,7.5,0.0,7.5,58.37,437.78
2026-04-29_U_INT_S08_EVE,2026-04-29,U_INT,S08_EVE,STF_INT_017,Certified Nursing Assistant,Unlicensed,Core Staff,7.5,0.0,7.5,31.94,239.55
2026-04-29_U_INT_S08_NIGHT,2026-04-29,U_INT,S08_NIGHT,STF_INT_030,Licensed Practical Nurse,Licensed,Core Staff,7.5,0.0,7.5,41.47,311.02
2026-04-29_U_INT_S08_NIGHT,2026-04-29,U_INT,S08_NIGHT,STF_INT_040,Certified Nursing Assistant,Unlicensed,Core Staff,7.5,0.0,7.5,36.46,273.45
2026-04-29_U_INT_S08_NIGHT,2026-04-29,U_INT,S08_NIGHT,STF_INT_026,Registered Nurse,Licensed,Core Staff,7.5,0.0,7.5,52.25,391.88
2026-04-29_U_INT_S08_NIGHT,2026-04-29,U_INT,S08_NIGHT,STF_INT_044,Certified Nursing Assistant,Unlicensed,Core Staff,7.5,0.0,7.5,35.92,269.4
2026-04-29_U_INT_S08_NIGHT,2026-04-29,U_INT,S08_NIGHT,STF_INT_043,Registered Nurse,Licensed,Overtime,7.5,0.0,7.5,58.31,437.33
2026-04-29_U_INT_S08_NIGHT,2026-04-29,U_INT,S08_NIGHT,STF_INT_004,Registered Nurse,Licensed,Core Staff,7.5,0.0,7.5,53.5,401.25
2026-04-29_U_INT_S08_NIGHT,2026-04-29,U_INT,S08_NIGHT,STF_INT_058,Registered Nurse,Licensed,Float Pool,7.5,0.0,7.5,55.83,418.72
2026-04-30_U_ICU_S12_DAY,2026-04-30,U_ICU,S12_DAY,STF_ICU_034,Certified Nursing Assistant,Unlicensed,Agency/Traveler,11.5,0.0,11.5,33.95,390.42
2026-04-30_U_ICU_S12_DAY,2026-04-30,U_ICU,S12_DAY,STF_ICU_024,Registered Nurse,Licensed,Core Staff,9.5,2.0,11.5,55.32,636.18
2026-04-30_U_ICU_S12_DAY,2026-04-30,U_ICU,S12_DAY,STF_ICU_014,Registered Nurse,Licensed,Core Staff,11.5,0.0,11.5,53.59,616.29
2026-04-30_U_ICU_S12_DAY,2026-04-30,U_ICU,S12_DAY,STF_ICU_016,Registered Nurse,Licensed,Float Pool,11.5,0.0,11.5,52.27,601.1
2026-04-30_U_ICU_S12_DAY,2026-04-30,U_ICU,S12_DAY,STF_ICU_025,Registered Nurse,Licensed,Core Staff,11.5,0.0,11.5,55.21,634.92
2026-04-30_U_ICU_S12_DAY,2026-04-30,U_ICU,S12_DAY,STF_ICU_003,Registered Nurse,Licensed,Core Staff,11.5,0.0,11.5,50.55,581.32
2026-04-30_U_ICU_S12_DAY,2026-04-30,U_ICU,S12_DAY,STF_ICU_030,Registered Nurse,Licensed,Core Staff,11.5,0.0,11.5,52.57,604.55
2026-04-30_U_ICU_S12_DAY,2026-04-30,U_ICU,S12_DAY,STF_ICU_005,Registered Nurse,Licensed,Core Staff,11.5,0.0,11.5,53.67,617.21
2026-04-30_U_ICU_S12_NIGHT,2026-04-30,U_ICU,S12_NIGHT,STF_ICU_031,Certified Nursing Assistant,Unlicensed,Core Staff,11.5,0.0,11.5,31.34,360.41
2026-04-30_U_ICU_S12_NIGHT,2026-04-30,U_ICU,S12_NIGHT,STF_ICU_026,Registered Nurse,Licensed,Overtime,9.5,2.0,11.5,53.18,611.57
2026-04-30_U_ICU_S12_NIGHT,2026-04-30,U_ICU,S12_NIGHT,STF_ICU_024,Registered Nurse,Licensed,Float Pool,11.5,0.0,11.5,54.86,630.89
2026-04-30_U_ICU_S12_NIGHT,2026-04-30,U_ICU,S12_NIGHT,STF_ICU_021,Registered Nurse,Licensed,Core Staff,11.5,0.0,11.5,48.44,557.06
2026-04-30_U_ICU_S12_NIGHT,2026-04-30,U_ICU,S12_NIGHT,STF_ICU_013,Registered Nurse,Licensed,Overtime,9.5,2.0,11.5,59.42,683.33
2026-04-30_U_ICU_S12_NIGHT,2026-04-30,U_ICU,S12_NIGHT,STF_ICU_005,Registered Nurse,Licensed,Core Staff,11.5,0.0,11.5,48.67,559.71
2026-04-30_U_INT_S08_DAY,2026-04-30,U_INT,S08_DAY,STF_INT_057,Registered Nurse,Licensed,Core Staff,7.5,0.0,7.5,52.95,397.12
2026-04-30_U_INT_S08_DAY,2026-04-30,U_INT,S08_DAY,STF_INT_007,Registered Nurse,Licensed,Core Staff,7.5,0.0,7.5,55.6,417.0
2026-04-30_U_INT_S08_DAY,2026-04-30,U_INT,S08_DAY,STF_INT_001,Certified Nursing Assistant,Unlicensed,Core Staff,7.5,0.0,7.5,30.01,225.08
2026-04-30_U_INT_S08_DAY,2026-04-30,U_INT,S08_DAY,STF_INT_026,Registered Nurse,Licensed,Agency/Traveler,7.5,0.0,7.5,48.72,365.4
2026-04-30_U_INT_S08_DAY,2026-04-30,U_INT,S08_DAY,STF_INT_043,Registered Nurse,Licensed,Overtime,7.5,0.0,7.5,57.48,431.1
2026-04-30_U_INT_S08_DAY,2026-04-30,U_INT,S08_DAY,STF_INT_025,Registered Nurse,Licensed,Core Staff,7.5,0.0,7.5,51.44,385.8
2026-04-30_U_INT_S08_DAY,2026-04-30,U_INT,S08_DAY,STF_INT_064,Licensed Practical Nurse,Licensed,Core Staff,7.5,0.0,7.5,42.12,315.9
2026-04-30_U_INT_S08_DAY,2026-04-30,U_INT,S08_DAY,STF_INT_053,Certified Nursing Assistant,Unlicensed,Float Pool,7.5,0.0,7.5,31.8,238.5
2026-04-30_U_INT_S08_EVE,2026-04-30,U_INT,S08_EVE,STF_INT_049,Registered Nurse,Licensed,Core Staff,7.5,0.0,7.5,54.03,405.22
2026-04-30_U_INT_S08_EVE,2026-04-30,U_INT,S08_EVE,STF_INT_035,Registered Nurse,Licensed,Float Pool,7.5,0.0,7.5,53.49,401.18
2026-04-30_U_INT_S08_EVE,2026-04-30,U_INT,S08_EVE,STF_INT_061,Registered Nurse,Licensed,Core Staff,7.5,0.0,7.5,56.85,426.38
2026-04-30_U_INT_S08_EVE,2026-04-30,U_INT,S08_EVE,STF_INT_012,Registered Nurse,Licensed,Core Staff,7.5,0.0,7.5,55.36,415.2
2026-04-30_U_INT_S08_EVE,2026-04-30,U_INT,S08_EVE,STF_INT_023,Registered Nurse,Licensed,Overtime,7.5,0.0,7.5,50.8,381.0
2026-04-30_U_INT_S08_EVE,2026-04-30,U_INT,S08_EVE,STF_INT_013,Registered Nurse,Licensed,Core Staff,7.5,0.0,7.5,59.15,443.62
2026-04-30_U_INT_S08_EVE,2026-04-30,U_INT,S08_EVE,STF_INT_044,Certified Nursing Assistant,Unlicensed,Core Staff,7.5,0.0,7.5,36.03,270.23
2026-04-30_U_INT_S08_EVE,2026-04-30,U_INT,S08_EVE,STF_INT_009,Certified Nursing Assistant,Unlicensed,Float Pool,7.5,0.0,7.5,30.76,230.7
2026-04-30_U_INT_S08_NIGHT,2026-04-30,U_INT,S08_NIGHT,STF_INT_047,Certified Nursing Assistant,Unlicensed,Agency/Traveler,7.5,0.0,7.5,35.26,264.45
2026-04-30_U_INT_S08_NIGHT,2026-04-30,U_INT,S08_NIGHT,STF_INT_019,Registered Nurse,Licensed,Core Staff,7.5,0.0,7.5,52.14,391.05
2026-04-30_U_INT_S08_NIGHT,2026-04-30,U_INT,S08_NIGHT,STF_INT_049,Registered Nurse,Licensed,Core Staff,7.5,0.0,7.5,56.42,423.15
2026-04-30_U_INT_S08_NIGHT,2026-04-30,U_INT,S08_NIGHT,STF_INT_034,Licensed Practical Nurse,Licensed,Core Staff,7.5,0.0,7.5,45.2,339.0
2026-04-30_U_INT_S08_NIGHT,2026-04-30,U_INT,S08_NIGHT,STF_INT_013,Registered Nurse,Licensed,Core Staff,7.5,0.0,7.5,57.79,433.42
